timestamp,manuscript_id,scenario,temp_c,rh_percent,uv_index_sim,light_lux_sim,airflow_sim,risk_label
2026-09-15 08:00:00,M001,NORMAL,25.48,49.93,0.64,156,0.523,LOW
2026-09-15 08:01:00,M001,NORMAL,25.35,50.22,0.64,149,0.53,LOW
2026-09-15 08:02:00,M001,NORMAL,25.58,50.64,0.71,153,0.518,LOW
2026-09-15 08:03:00,M001,NORMAL,25.46,50.36,0.76,154,0.532,LOW
2026-09-15 08:04:00,M001,NORMAL,25.67,49.76,0.67,159,0.552,LOW
2026-09-15 08:05:00,M001,NORMAL,25.6,50.58,0.71,163,0.52,LOW
2026-09-15 08:06:00,M001,NORMAL,25.72,49.91,0.53,152,0.527,LOW
2026-09-15 08:07:00,M001,NORMAL,25.78,50.86,0.64,165,0.528,LOW
2026-09-15 08:08:00,M001,NORMAL,25.69,50.56,0.73,166,0.56,LOW
2026-09-15 08:09:00,M001,NORMAL,25.77,51.02,0.77,155,0.539,LOW
2026-09-15 08:10:00,M001,NORMAL,25.7,51.05,0.73,181,0.54,LOW
2026-09-15 08:11:00,M001,NORMAL,25.65,51.23,0.85,167,0.572,LOW
2026-09-15 08:12:00,M001,NORMAL,25.97,50.97,0.67,160,0.577,LOW
2026-09-15 08:13:00,M001,NORMAL,25.65,51.1,0.79,163,0.576,LOW
2026-09-15 08:14:00,M001,NORMAL,25.92,52.1,0.82,161,0.556,LOW
2026-09-15 08:15:00,M001,NORMAL,25.77,51.63,0.75,167,0.582,LOW
2026-09-15 08:16:00,M001,NORMAL,25.81,51.21,0.67,159,0.561,LOW
2026-09-15 08:17:00,M001,NORMAL,25.97,51.88,0.8,172,0.577,LOW
2026-09-15 08:18:00,M001,NORMAL,26.07,51.83,0.83,162,0.592,LOW
2026-09-15 08:19:00,M001,NORMAL,26.01,52.04,0.82,188,0.573,LOW
2026-09-15 08:20:00,M001,NORMAL,26.18,51.67,0.79,163,0.579,LOW
2026-09-15 08:21:00,M001,NORMAL,26.18,52.02,0.88,154,0.597,LOW
2026-09-15 08:22:00,M001,NORMAL,26.1,51.54,0.8,175,0.617,LOW
2026-09-15 08:23:00,M001,NORMAL,25.92,51.66,0.94,172,0.583,LOW
2026-09-15 08:24:00,M001,NORMAL,26.08,51.4,0.87,166,0.607,LOW
2026-09-15 08:25:00,M001,NORMAL,26.09,52.88,0.88,189,0.571,LOW
2026-09-15 08:26:00,M001,NORMAL,26.09,52.16,0.99,164,0.613,LOW
2026-09-15 08:27:00,M001,NORMAL,26.2,52.7,0.93,180,0.589,LOW
2026-09-15 08:28:00,M001,NORMAL,26.0,52.23,0.87,197,0.59,LOW
2026-09-15 08:29:00,M001,NORMAL,26.2,51.58,0.87,183,0.617,LOW
2026-09-15 08:30:00,M001,NORMAL,26.35,52.25,0.83,186,0.613,LOW
2026-09-15 08:31:00,M001,NORMAL,26.26,52.04,0.98,183,0.619,LOW
2026-09-15 08:32:00,M001,NORMAL,26.37,52.62,0.93,201,0.612,LOW
2026-09-15 08:33:00,M001,NORMAL,26.19,52.47,1.01,185,0.619,LOW
2026-09-15 08:34:00,M001,NORMAL,26.39,52.27,0.81,187,0.616,LOW
2026-09-15 08:35:00,M001,NORMAL,26.18,52.87,0.97,177,0.622,LOW
2026-09-15 08:36:00,M001,NORMAL,26.25,51.98,0.96,186,0.602,LOW
2026-09-15 08:37:00,M001,NORMAL,26.35,52.81,0.9,190,0.634,LOW
2026-09-15 08:38:00,M001,NORMAL,26.21,52.81,0.94,206,0.585,LOW
2026-09-15 08:39:00,M001,NORMAL,26.39,52.57,0.94,204,0.619,LOW
2026-09-15 08:40:00,M001,NORMAL,26.59,52.55,0.97,184,0.608,LOW
2026-09-15 08:41:00,M001,NORMAL,26.34,52.65,0.97,171,0.657,LOW
2026-09-15 08:42:00,M001,NORMAL,26.32,53.49,0.89,192,0.678,LOW
2026-09-15 08:43:00,M001,NORMAL,26.24,52.23,0.92,194,0.636,LOW
2026-09-15 08:44:00,M001,NORMAL,26.51,52.75,0.86,186,0.647,LOW
2026-09-15 08:45:00,M001,NORMAL,26.42,52.1,0.96,202,0.663,LOW
2026-09-15 08:46:00,M001,NORMAL,26.44,53.03,0.89,184,0.627,LOW
2026-09-15 08:47:00,M001,NORMAL,26.44,53.15,0.94,181,0.614,LOW
2026-09-15 08:48:00,M001,NORMAL,26.24,53.2,0.82,188,0.636,LOW
2026-09-15 08:49:00,M001,NORMAL,26.57,52.98,1.04,188,0.615,LOW
2026-09-15 08:50:00,M001,NORMAL,26.31,53.58,1.04,196,0.687,LOW
2026-09-15 08:51:00,M001,NORMAL,26.39,53.23,1.0,190,0.67,LOW
2026-09-15 08:52:00,M001,NORMAL,26.58,52.43,0.95,195,0.643,LOW
2026-09-15 08:53:00,M001,NORMAL,26.24,52.09,0.85,191,0.628,LOW
2026-09-15 08:54:00,M001,NORMAL,26.44,52.69,0.9,175,0.636,LOW
2026-09-15 08:55:00,M001,NORMAL,26.44,53.4,1.03,190,0.654,LOW
2026-09-15 08:56:00,M001,NORMAL,26.38,52.73,0.95,187,0.592,LOW
2026-09-15 08:57:00,M001,NORMAL,26.42,53.09,0.96,186,0.636,LOW
2026-09-15 08:58:00,M001,NORMAL,26.6,53.0,0.95,187,0.628,LOW
2026-09-15 08:59:00,M001,NORMAL,26.24,52.93,0.98,207,0.646,LOW
2026-09-15 09:00:00,M001,NORMAL,26.51,52.68,1.02,182,0.634,LOW
2026-09-15 09:01:00,M001,NORMAL,26.44,52.65,1.11,196,0.595,LOW
2026-09-15 09:02:00,M001,NORMAL,26.45,52.78,0.97,195,0.635,LOW
2026-09-15 09:03:00,M001,NORMAL,26.13,52.46,1.02,202,0.661,LOW
2026-09-15 09:04:00,M001,NORMAL,26.59,52.08,1.02,175,0.655,LOW
2026-09-15 09:05:00,M001,NORMAL,26.39,52.42,1.1,196,0.593,LOW
2026-09-15 09:06:00,M001,NORMAL,26.39,52.56,0.97,186,0.649,LOW
2026-09-15 09:07:00,M001,NORMAL,26.18,52.95,1.08,183,0.628,LOW
2026-09-15 09:08:00,M001,NORMAL,26.36,52.52,1.0,190,0.606,LOW
2026-09-15 09:09:00,M001,NORMAL,26.54,53.08,0.94,183,0.608,LOW
2026-09-15 09:10:00,M001,NORMAL,26.47,52.67,0.98,187,0.631,LOW
2026-09-15 09:11:00,M001,NORMAL,26.29,53.0,0.93,195,0.631,LOW
2026-09-15 09:12:00,M001,NORMAL,26.28,52.31,0.88,181,0.601,LOW
2026-09-15 09:13:00,M001,NORMAL,26.39,52.59,1.04,206,0.617,LOW
2026-09-15 09:14:00,M001,NORMAL,26.08,52.42,0.93,173,0.61,LOW
2026-09-15 09:15:00,M001,NORMAL,26.29,52.34,0.88,179,0.645,LOW
2026-09-15 09:16:00,M001,NORMAL,26.22,52.14,0.9,193,0.6,LOW
2026-09-15 09:17:00,M001,NORMAL,26.29,52.72,0.97,196,0.6,LOW
2026-09-15 09:18:00,M001,NORMAL,26.35,52.06,0.88,193,0.622,LOW
2026-09-15 09:19:00,M001,NORMAL,26.2,51.84,0.94,177,0.59,LOW
2026-09-15 09:20:00,M001,NORMAL,26.1,52.36,0.76,185,0.607,LOW
2026-09-15 09:21:00,M001,NORMAL,26.09,52.62,0.93,176,0.591,LOW
2026-09-15 09:22:00,M001,NORMAL,26.23,51.54,0.86,175,0.601,LOW
2026-09-15 09:23:00,M001,NORMAL,26.15,52.1,0.95,181,0.593,LOW
2026-09-15 09:24:00,M001,NORMAL,25.96,52.32,0.91,191,0.583,LOW
2026-09-15 09:25:00,M001,NORMAL,26.09,51.94,0.86,178,0.564,LOW
2026-09-15 09:26:00,M001,NORMAL,26.17,52.16,0.93,195,0.586,LOW
2026-09-15 09:27:00,M001,NORMAL,26.04,51.83,0.98,161,0.598,LOW
2026-09-15 09:28:00,M001,NORMAL,25.85,50.73,0.71,163,0.605,LOW
2026-09-15 09:29:00,M001,NORMAL,25.9,51.6,0.76,179,0.565,LOW
2026-09-15 09:30:00,M001,NORMAL,26.14,51.22,0.78,174,0.582,LOW
2026-09-15 09:31:00,M001,NORMAL,26.13,51.59,0.74,167,0.569,LOW
2026-09-15 09:32:00,M001,NORMAL,26.03,51.63,0.8,178,0.567,LOW
2026-09-15 09:33:00,M001,NORMAL,25.9,51.47,0.9,169,0.568,LOW
2026-09-15 09:34:00,M001,NORMAL,25.77,51.6,0.76,171,0.538,LOW
2026-09-15 09:35:00,M001,NORMAL,26.0,50.71,0.74,176,0.545,LOW
2026-09-15 09:36:00,M001,NORMAL,25.84,51.19,0.71,178,0.592,LOW
2026-09-15 09:37:00,M001,NORMAL,25.59,50.51,0.82,154,0.556,LOW
2026-09-15 09:38:00,M001,NORMAL,25.82,51.28,0.75,165,0.547,LOW
2026-09-15 09:39:00,M001,NORMAL,25.93,50.73,0.77,159,0.559,LOW
2026-09-15 09:40:00,M001,NORMAL,25.73,50.78,0.68,168,0.579,LOW
2026-09-15 09:41:00,M001,NORMAL,25.76,51.05,0.79,168,0.557,LOW
2026-09-15 09:42:00,M001,NORMAL,25.73,51.02,0.73,151,0.549,LOW
2026-09-15 09:43:00,M001,NORMAL,25.45,50.59,0.74,169,0.548,LOW
2026-09-15 09:44:00,M001,NORMAL,25.76,50.51,0.64,145,0.526,LOW
2026-09-15 09:45:00,M001,NORMAL,25.46,50.68,0.68,161,0.541,LOW
2026-09-15 09:46:00,M001,NORMAL,25.73,50.76,0.64,152,0.528,LOW
2026-09-15 09:47:00,M001,NORMAL,25.38,50.52,0.76,153,0.525,LOW
2026-09-15 09:48:00,M001,NORMAL,25.68,49.23,0.68,154,0.521,LOW
2026-09-15 09:49:00,M001,NORMAL,25.69,50.47,0.64,150,0.521,LOW
2026-09-15 09:50:00,M001,NORMAL,25.44,49.47,0.74,159,0.539,LOW
2026-09-15 09:51:00,M001,NORMAL,25.34,50.74,0.77,150,0.506,LOW
2026-09-15 09:52:00,M001,NORMAL,25.34,49.99,0.57,147,0.538,LOW
2026-09-15 09:53:00,M001,NORMAL,25.24,50.54,0.72,136,0.491,LOW
2026-09-15 09:54:00,M001,NORMAL,25.36,49.24,0.59,123,0.509,LOW
2026-09-15 09:55:00,M001,NORMAL,25.59,49.12,0.58,131,0.521,LOW
2026-09-15 09:56:00,M001,NORMAL,25.32,50.26,0.61,140,0.517,LOW
2026-09-15 09:57:00,M001,NORMAL,25.26,48.86,0.6,140,0.507,LOW
2026-09-15 09:58:00,M001,NORMAL,25.34,49.11,0.6,155,0.482,LOW
2026-09-15 09:59:00,M001,NORMAL,25.48,49.14,0.52,160,0.501,LOW
2026-09-15 10:00:00,M001,NORMAL,25.41,49.48,0.45,139,0.486,LOW
2026-09-15 10:01:00,M001,NORMAL,25.06,48.36,0.55,142,0.499,LOW
2026-09-15 10:02:00,M001,NORMAL,25.16,48.67,0.47,131,0.471,LOW
2026-09-15 10:03:00,M001,NORMAL,25.15,48.9,0.47,133,0.473,LOW
2026-09-15 10:04:00,M001,NORMAL,25.15,49.03,0.53,138,0.455,LOW
2026-09-15 10:05:00,M001,NORMAL,25.08,48.86,0.55,119,0.484,LOW
2026-09-15 10:06:00,M001,NORMAL,25.25,48.6,0.5,135,0.483,LOW
2026-09-15 10:07:00,M001,NORMAL,25.16,48.63,0.51,124,0.473,LOW
2026-09-15 10:08:00,M001,NORMAL,25.21,48.44,0.48,125,0.487,LOW
2026-09-15 10:09:00,M001,NORMAL,24.93,48.81,0.42,119,0.474,LOW
2026-09-15 10:10:00,M001,NORMAL,25.03,48.49,0.54,124,0.476,LOW
2026-09-15 10:11:00,M001,NORMAL,24.88,48.81,0.51,131,0.469,LOW
2026-09-15 10:12:00,M001,NORMAL,24.88,48.1,0.49,125,0.465,LOW
2026-09-15 10:13:00,M001,NORMAL,24.79,48.24,0.4,115,0.458,LOW
2026-09-15 10:14:00,M001,NORMAL,24.71,48.38,0.5,123,0.441,LOW
2026-09-15 10:15:00,M001,NORMAL,24.8,47.97,0.27,124,0.468,LOW
2026-09-15 10:16:00,M001,NORMAL,24.85,47.77,0.44,124,0.473,LOW
2026-09-15 10:17:00,M001,NORMAL,24.87,47.63,0.39,122,0.479,LOW
2026-09-15 10:18:00,M001,NORMAL,24.82,47.42,0.36,102,0.455,LOW
2026-09-15 10:19:00,M001,NORMAL,24.67,47.29,0.28,110,0.457,LOW
2026-09-15 10:20:00,M001,NORMAL,24.66,47.03,0.41,115,0.453,LOW
2026-09-15 10:21:00,M001,NORMAL,24.89,47.67,0.31,116,0.452,LOW
2026-09-15 10:22:00,M001,NORMAL,24.72,47.05,0.46,113,0.435,LOW
2026-09-15 10:23:00,M001,NORMAL,24.77,47.98,0.4,113,0.452,LOW
2026-09-15 10:24:00,M001,NORMAL,25.01,48.08,0.42,106,0.504,LOW
2026-09-15 10:25:00,M001,NORMAL,24.6,47.32,0.33,128,0.444,LOW
2026-09-15 10:26:00,M001,NORMAL,24.56,47.54,0.4,111,0.414,LOW
2026-09-15 10:27:00,M001,NORMAL,24.63,47.21,0.36,109,0.446,LOW
2026-09-15 10:28:00,M001,NORMAL,24.59,46.65,0.31,124,0.422,LOW
2026-09-15 10:29:00,M001,NORMAL,24.97,47.5,0.28,105,0.435,LOW
2026-09-15 10:30:00,M001,NORMAL,24.54,48.22,0.28,117,0.455,LOW
2026-09-15 10:31:00,M001,NORMAL,24.66,46.84,0.33,114,0.444,LOW
2026-09-15 10:32:00,M001,NORMAL,24.67,46.64,0.35,105,0.389,LOW
2026-09-15 10:33:00,M001,NORMAL,24.57,46.6,0.38,127,0.459,LOW
2026-09-15 10:34:00,M001,NORMAL,24.57,46.96,0.38,119,0.418,LOW
2026-09-15 10:35:00,M001,NORMAL,24.62,48.0,0.33,106,0.426,LOW
2026-09-15 10:36:00,M001,NORMAL,24.7,46.69,0.31,100,0.419,LOW
2026-09-15 10:37:00,M001,NORMAL,24.85,47.37,0.32,101,0.417,LOW
2026-09-15 10:38:00,M001,NORMAL,24.74,46.83,0.42,97,0.417,LOW
2026-09-15 10:39:00,M001,NORMAL,24.82,46.24,0.4,93,0.42,LOW
2026-09-15 10:40:00,M001,NORMAL,24.59,47.36,0.12,92,0.411,LOW
2026-09-15 10:41:00,M001,NORMAL,24.61,46.66,0.31,98,0.414,LOW
2026-09-15 10:42:00,M001,NORMAL,24.5,47.11,0.36,120,0.409,LOW
2026-09-15 10:43:00,M001,NORMAL,24.56,47.02,0.3,108,0.393,LOW
2026-09-15 10:44:00,M001,NORMAL,24.64,46.63,0.26,95,0.44,LOW
2026-09-15 10:45:00,M001,NORMAL,24.58,47.46,0.34,94,0.401,LOW
2026-09-15 10:46:00,M001,NORMAL,24.69,46.7,0.25,107,0.417,LOW
2026-09-15 10:47:00,M001,NORMAL,24.48,46.87,0.29,86,0.429,LOW
2026-09-15 10:48:00,M001,NORMAL,24.51,47.53,0.25,95,0.441,LOW
2026-09-15 10:49:00,M001,NORMAL,24.42,46.77,0.36,106,0.392,LOW
2026-09-15 10:50:00,M001,NORMAL,24.63,46.95,0.41,113,0.474,LOW
2026-09-15 10:51:00,M001,NORMAL,24.42,47.04,0.25,118,0.436,LOW
2026-09-15 10:52:00,M001,NORMAL,24.71,46.75,0.28,92,0.452,LOW
2026-09-15 10:53:00,M001,NORMAL,24.68,46.97,0.39,115,0.44,LOW
2026-09-15 10:54:00,M001,NORMAL,24.44,46.81,0.34,112,0.44,LOW
2026-09-15 10:55:00,M001,NORMAL,24.52,47.17,0.48,116,0.44,LOW
2026-09-15 10:56:00,M001,NORMAL,24.64,47.46,0.46,111,0.447,LOW
2026-09-15 10:57:00,M001,NORMAL,24.55,47.41,0.4,104,0.445,LOW
2026-09-15 10:58:00,M001,NORMAL,24.58,46.88,0.34,127,0.433,LOW
2026-09-15 10:59:00,M001,NORMAL,24.78,46.95,0.35,101,0.418,LOW
2026-09-15 11:00:00,M001,NORMAL,24.78,47.26,0.45,110,0.426,LOW
2026-09-15 11:01:00,M001,NORMAL,24.85,47.05,0.25,123,0.438,LOW
2026-09-15 11:02:00,M001,NORMAL,24.45,47.37,0.33,128,0.419,LOW
2026-09-15 11:03:00,M001,NORMAL,24.65,47.03,0.29,108,0.409,LOW
2026-09-15 11:04:00,M001,NORMAL,24.61,46.79,0.27,101,0.426,LOW
2026-09-15 11:05:00,M001,NORMAL,24.66,46.99,0.4,114,0.429,LOW
2026-09-15 11:06:00,M001,NORMAL,24.7,48.16,0.39,119,0.393,LOW
2026-09-15 11:07:00,M001,NORMAL,24.69,46.71,0.36,119,0.428,LOW
2026-09-15 11:08:00,M001,NORMAL,24.85,47.22,0.43,104,0.437,LOW
2026-09-15 11:09:00,M001,NORMAL,24.85,47.9,0.39,134,0.437,LOW
2026-09-15 11:10:00,M001,NORMAL,24.77,46.63,0.52,115,0.425,LOW
2026-09-15 11:11:00,M001,NORMAL,25.0,48.29,0.41,107,0.455,LOW
2026-09-15 11:12:00,M001,NORMAL,24.78,47.38,0.48,102,0.46,LOW
2026-09-15 11:13:00,M001,NORMAL,24.93,48.73,0.44,104,0.437,LOW
2026-09-15 11:14:00,M001,NORMAL,24.9,48.12,0.49,105,0.448,LOW
2026-09-15 11:15:00,M001,NORMAL,25.03,48.66,0.56,119,0.476,LOW
2026-09-15 11:16:00,M001,NORMAL,25.14,48.59,0.49,130,0.445,LOW
2026-09-15 11:17:00,M001,NORMAL,24.78,48.57,0.43,124,0.451,LOW
2026-09-15 11:18:00,M001,NORMAL,24.93,48.34,0.39,126,0.468,LOW
2026-09-15 11:19:00,M001,NORMAL,24.98,48.01,0.52,142,0.455,LOW
2026-09-15 11:20:00,M001,NORMAL,25.16,48.74,0.3,121,0.457,LOW
2026-09-15 11:21:00,M001,NORMAL,25.13,48.53,0.51,134,0.455,LOW
2026-09-15 11:22:00,M001,NORMAL,24.97,48.04,0.48,128,0.477,LOW
2026-09-15 11:23:00,M001,NORMAL,24.99,48.97,0.56,143,0.489,LOW
2026-09-15 11:24:00,M001,NORMAL,25.13,48.95,0.55,126,0.501,LOW
2026-09-15 11:25:00,M001,NORMAL,25.33,49.55,0.52,135,0.489,LOW
2026-09-15 11:26:00,M001,NORMAL,25.15,49.09,0.51,132,0.515,LOW
2026-09-15 11:27:00,M001,NORMAL,25.2,48.95,0.59,136,0.492,LOW
2026-09-15 11:28:00,M001,NORMAL,25.19,48.51,0.54,126,0.494,LOW
2026-09-15 11:29:00,M001,NORMAL,25.08,49.45,0.6,139,0.491,LOW
2026-09-15 11:30:00,M001,NORMAL,25.3,48.38,0.49,137,0.502,LOW
2026-09-15 11:31:00,M001,NORMAL,25.26,48.84,0.58,136,0.48,LOW
2026-09-15 11:32:00,M001,NORMAL,25.34,49.24,0.66,146,0.514,LOW
2026-09-15 11:33:00,M001,NORMAL,25.36,49.07,0.52,129,0.555,LOW
2026-09-15 11:34:00,M001,NORMAL,25.22,49.41,0.57,141,0.497,LOW
2026-09-15 11:35:00,M001,NORMAL,25.15,49.18,0.51,143,0.498,LOW
2026-09-15 11:36:00,M001,NORMAL,25.32,49.75,0.57,153,0.507,LOW
2026-09-15 11:37:00,M001,NORMAL,25.45,49.22,0.67,143,0.523,LOW
2026-09-15 11:38:00,M001,NORMAL,25.49,49.77,0.65,144,0.543,LOW
2026-09-15 11:39:00,M001,NORMAL,25.59,50.11,0.56,140,0.511,LOW
2026-09-15 11:40:00,M001,NORMAL,25.47,50.19,0.59,160,0.525,LOW
2026-09-15 11:41:00,M001,NORMAL,25.29,49.9,0.49,145,0.519,LOW
2026-09-15 11:42:00,M001,NORMAL,25.48,50.05,0.64,148,0.558,LOW
2026-09-15 11:43:00,M001,NORMAL,25.73,49.81,0.76,140,0.52,LOW
2026-09-15 11:44:00,M001,NORMAL,25.79,49.45,0.73,144,0.535,LOW
2026-09-15 11:45:00,M001,NORMAL,25.61,51.11,0.64,156,0.551,LOW
2026-09-15 11:46:00,M001,NORMAL,25.63,50.19,0.7,158,0.559,LOW
2026-09-15 11:47:00,M001,NORMAL,25.57,50.42,0.74,157,0.543,LOW
2026-09-15 11:48:00,M001,NORMAL,25.7,50.41,0.67,163,0.53,LOW
2026-09-15 11:49:00,M001,NORMAL,25.87,50.86,0.65,163,0.555,LOW
2026-09-15 11:50:00,M001,NORMAL,25.85,51.32,0.72,156,0.544,LOW
2026-09-15 11:51:00,M001,NORMAL,25.66,50.64,0.77,163,0.549,LOW
2026-09-15 11:52:00,M001,NORMAL,25.72,51.15,0.73,155,0.558,LOW
2026-09-15 11:53:00,M001,NORMAL,25.8,50.67,0.83,172,0.564,LOW
2026-09-15 11:54:00,M001,NORMAL,25.87,51.39,0.78,174,0.595,LOW
2026-09-15 11:55:00,M001,NORMAL,25.89,51.43,0.85,165,0.549,LOW
2026-09-15 11:56:00,M001,NORMAL,26.01,50.7,0.91,176,0.575,LOW
2026-09-15 11:57:00,M001,NORMAL,25.93,52.11,0.74,160,0.564,LOW
2026-09-15 11:58:00,M001,NORMAL,25.91,51.08,0.82,172,0.563,LOW
2026-09-15 11:59:00,M001,NORMAL,26.16,51.0,0.74,175,0.576,LOW
2026-09-15 12:00:00,M001,NORMAL,26.04,51.38,0.76,167,0.57,LOW
2026-09-15 12:01:00,M001,NORMAL,26.07,51.51,0.89,179,0.603,LOW
2026-09-15 12:02:00,M001,NORMAL,26.14,52.08,0.9,170,0.582,LOW
2026-09-15 12:03:00,M001,NORMAL,25.83,51.96,0.81,179,0.599,LOW
2026-09-15 12:04:00,M001,NORMAL,25.91,51.5,0.84,172,0.595,LOW
2026-09-15 12:05:00,M001,NORMAL,25.95,51.99,0.76,159,0.607,LOW
2026-09-15 12:06:00,M001,NORMAL,25.95,51.81,0.78,167,0.589,LOW
2026-09-15 12:07:00,M001,NORMAL,26.08,52.49,0.91,177,0.612,LOW
2026-09-15 12:08:00,M001,NORMAL,26.28,52.32,0.86,189,0.631,LOW
2026-09-15 12:09:00,M001,NORMAL,26.24,52.92,0.95,188,0.583,LOW
2026-09-15 12:10:00,M001,NORMAL,26.05,52.25,0.79,177,0.62,LOW
2026-09-15 12:11:00,M001,NORMAL,26.12,52.54,0.82,178,0.624,LOW
2026-09-15 12:12:00,M001,NORMAL,26.24,52.5,1.02,194,0.593,LOW
2026-09-15 12:13:00,M001,NORMAL,26.39,52.19,0.92,184,0.629,LOW
2026-09-15 12:14:00,M001,NORMAL,26.11,52.66,0.96,192,0.608,LOW
2026-09-15 12:15:00,M001,NORMAL,26.38,52.24,1.0,188,0.589,LOW
2026-09-15 12:16:00,M001,NORMAL,26.32,52.65,0.91,180,0.611,LOW
2026-09-15 12:17:00,M001,NORMAL,26.11,53.29,0.86,181,0.637,LOW
2026-09-15 12:18:00,M001,NORMAL,26.37,52.95,1.04,185,0.6,LOW
2026-09-15 12:19:00,M001,NORMAL,26.41,53.01,0.92,177,0.641,LOW
2026-09-15 12:20:00,M001,NORMAL,26.39,52.18,1.0,176,0.612,LOW
2026-09-15 12:21:00,M001,NORMAL,26.2,52.51,0.9,184,0.635,LOW
2026-09-15 12:22:00,M001,NORMAL,26.38,53.05,1.03,186,0.624,LOW
2026-09-15 12:23:00,M001,NORMAL,26.41,53.51,1.02,201,0.642,LOW
2026-09-15 12:24:00,M001,NORMAL,26.48,52.14,1.02,192,0.626,LOW
2026-09-15 12:25:00,M001,NORMAL,26.3,52.71,0.99,197,0.6,LOW
2026-09-15 12:26:00,M001,NORMAL,26.4,52.68,0.91,194,0.621,LOW
2026-09-15 12:27:00,M001,NORMAL,26.3,52.62,0.99,191,0.608,LOW
2026-09-15 12:28:00,M001,NORMAL,26.28,52.87,1.0,182,0.637,LOW
2026-09-15 12:29:00,M001,NORMAL,26.29,54.05,0.91,185,0.632,LOW
2026-09-15 12:30:00,M001,NORMAL,26.28,53.3,1.1,188,0.632,LOW
2026-09-15 12:31:00,M001,NORMAL,26.33,52.98,1.07,199,0.614,LOW
2026-09-15 12:32:00,M001,NORMAL,26.58,53.45,1.01,186,0.631,LOW
2026-09-15 12:33:00,M001,NORMAL,26.3,53.18,0.96,173,0.646,LOW
2026-09-15 12:34:00,M001,NORMAL,26.42,53.43,0.97,194,0.649,LOW
2026-09-15 12:35:00,M001,NORMAL,26.45,53.12,1.19,191,0.633,LOW
2026-09-15 12:36:00,M001,NORMAL,26.61,52.68,0.91,180,0.639,LOW
2026-09-15 12:37:00,M001,NORMAL,26.47,53.29,0.89,200,0.651,LOW
2026-09-15 12:38:00,M001,NORMAL,26.38,53.0,1.02,195,0.641,LOW
2026-09-15 12:39:00,M001,NORMAL,26.26,52.91,0.9,197,0.639,LOW
2026-09-15 12:40:00,M001,NORMAL,26.38,53.09,0.87,199,0.621,LOW
2026-09-15 12:41:00,M001,NORMAL,26.4,53.4,0.93,201,0.631,LOW
2026-09-15 12:42:00,M001,NORMAL,26.38,53.16,0.89,196,0.629,LOW
2026-09-15 12:43:00,M001,NORMAL,26.5,52.83,0.95,194,0.626,LOW
2026-09-15 12:44:00,M001,NORMAL,26.23,52.82,1.05,190,0.611,LOW
2026-09-15 12:45:00,M001,NORMAL,26.45,52.13,0.83,190,0.629,LOW
2026-09-15 12:46:00,M001,NORMAL,26.38,52.49,0.95,178,0.629,LOW
2026-09-15 12:47:00,M001,NORMAL,26.15,52.76,0.98,175,0.615,LOW
2026-09-15 12:48:00,M001,NORMAL,26.43,53.41,0.86,192,0.601,LOW
2026-09-15 12:49:00,M001,NORMAL,26.17,53.4,1.0,182,0.625,LOW
2026-09-15 12:50:00,M001,NORMAL,26.39,52.8,1.1,193,0.568,LOW
2026-09-15 12:51:00,M001,NORMAL,26.27,52.39,0.93,188,0.608,LOW
2026-09-15 12:52:00,M001,NORMAL,26.16,53.19,0.98,181,0.63,LOW
2026-09-15 12:53:00,M001,NORMAL,26.36,53.11,0.87,193,0.606,LOW
2026-09-15 12:54:00,M001,NORMAL,26.41,52.49,0.78,186,0.584,LOW
2026-09-15 12:55:00,M001,NORMAL,26.23,52.49,0.9,173,0.594,LOW
2026-09-15 12:56:00,M001,NORMAL,26.14,52.37,1.01,191,0.603,LOW
2026-09-15 12:57:00,M001,NORMAL,26.38,51.87,0.96,182,0.614,LOW
2026-09-15 12:58:00,M001,NORMAL,26.29,52.1,0.96,183,0.65,LOW
2026-09-15 12:59:00,M001,NORMAL,26.16,52.82,0.95,173,0.63,LOW
2026-09-15 13:00:00,M001,NORMAL,26.05,51.37,0.95,191,0.605,LOW
2026-09-15 13:01:00,M001,NORMAL,26.13,52.84,0.94,175,0.615,LOW
2026-09-15 13:02:00,M001,NORMAL,25.99,51.92,0.82,162,0.579,LOW
2026-09-15 13:03:00,M001,NORMAL,26.27,51.64,0.84,169,0.613,LOW
2026-09-15 13:04:00,M001,NORMAL,26.11,52.22,0.87,168,0.579,LOW
2026-09-15 13:05:00,M001,NORMAL,26.19,51.93,0.92,151,0.613,LOW
2026-09-15 13:06:00,M001,NORMAL,26.01,52.76,0.82,177,0.603,LOW
2026-09-15 13:07:00,M001,NORMAL,25.94,52.17,0.81,186,0.603,LOW
2026-09-15 13:08:00,M001,NORMAL,26.09,51.47,0.83,177,0.551,LOW
2026-09-15 13:09:00,M001,NORMAL,25.94,52.06,0.75,184,0.573,LOW
2026-09-15 13:10:00,M001,NORMAL,26.02,51.15,0.86,176,0.601,LOW
2026-09-15 13:11:00,M001,NORMAL,26.12,52.04,0.83,161,0.602,LOW
2026-09-15 13:12:00,M001,NORMAL,25.78,51.29,0.86,174,0.604,LOW
2026-09-15 13:13:00,M001,NORMAL,25.92,50.71,0.78,171,0.568,LOW
2026-09-15 13:14:00,M001,NORMAL,26.06,51.21,0.7,172,0.551,LOW
2026-09-15 13:15:00,M001,NORMAL,26.07,51.34,0.69,176,0.61,LOW
2026-09-15 13:16:00,M001,NORMAL,25.61,51.52,0.81,168,0.572,LOW
2026-09-15 13:17:00,M001,NORMAL,25.88,50.8,0.86,154,0.597,LOW
2026-09-15 13:18:00,M001,NORMAL,25.98,50.52,0.76,176,0.551,LOW
2026-09-15 13:19:00,M001,NORMAL,25.76,50.76,0.83,158,0.557,LOW
2026-09-15 13:20:00,M001,NORMAL,25.82,50.75,0.68,150,0.528,LOW
2026-09-15 13:21:00,M001,NORMAL,25.58,50.06,0.68,163,0.552,LOW
2026-09-15 13:22:00,M001,NORMAL,25.6,50.26,0.66,148,0.527,LOW
2026-09-15 13:23:00,M001,NORMAL,25.76,50.02,0.72,153,0.588,LOW
2026-09-15 13:24:00,M001,NORMAL,25.43,50.58,0.68,151,0.548,LOW
2026-09-15 13:25:00,M001,NORMAL,25.64,49.99,0.72,159,0.562,LOW
2026-09-15 13:26:00,M001,NORMAL,25.53,50.92,0.67,138,0.546,LOW
2026-09-15 13:27:00,M001,NORMAL,25.56,49.89,0.74,149,0.551,LOW
2026-09-15 13:28:00,M001,NORMAL,25.54,50.46,0.71,156,0.513,LOW
2026-09-15 13:29:00,M001,NORMAL,25.63,50.08,0.79,155,0.541,LOW
2026-09-15 13:30:00,M001,NORMAL,25.4,49.83,0.66,140,0.504,LOW
2026-09-15 13:31:00,M001,NORMAL,25.46,49.87,0.65,158,0.515,LOW
2026-09-15 13:32:00,M001,NORMAL,25.53,49.76,0.62,150,0.482,LOW
2026-09-15 13:33:00,M001,NORMAL,25.43,49.48,0.56,130,0.508,LOW
2026-09-15 13:34:00,M001,NORMAL,25.17,49.99,0.6,131,0.501,LOW
2026-09-15 13:35:00,M001,NORMAL,25.46,49.32,0.58,141,0.507,LOW
2026-09-15 13:36:00,M001,NORMAL,25.14,49.46,0.56,167,0.503,LOW
2026-09-15 13:37:00,M001,NORMAL,25.26,49.79,0.57,144,0.488,LOW
2026-09-15 13:38:00,M001,NORMAL,25.48,49.06,0.6,150,0.495,LOW
2026-09-15 13:39:00,M001,NORMAL,25.27,49.46,0.61,130,0.501,LOW
2026-09-15 13:40:00,M001,NORMAL,25.13,48.85,0.51,148,0.523,LOW
2026-09-15 13:41:00,M001,NORMAL,25.53,49.04,0.49,129,0.52,LOW
2026-09-15 13:42:00,M001,NORMAL,25.01,48.85,0.5,150,0.472,LOW
2026-09-15 13:43:00,M001,NORMAL,25.3,49.43,0.52,139,0.46,LOW
2026-09-15 13:44:00,M001,NORMAL,25.14,48.74,0.35,137,0.49,LOW
2026-09-15 13:45:00,M001,NORMAL,24.92,48.18,0.46,128,0.476,LOW
2026-09-15 13:46:00,M001,NORMAL,24.98,48.26,0.52,127,0.476,LOW
2026-09-15 13:47:00,M001,NORMAL,25.05,48.77,0.48,137,0.477,LOW
2026-09-15 13:48:00,M001,NORMAL,25.16,49.01,0.39,137,0.504,LOW
2026-09-15 13:49:00,M001,NORMAL,24.92,48.43,0.45,132,0.48,LOW
2026-09-15 13:50:00,M001,NORMAL,24.93,48.89,0.41,126,0.486,LOW
2026-09-15 13:51:00,M001,NORMAL,25.22,48.09,0.51,128,0.438,LOW
2026-09-15 13:52:00,M001,NORMAL,24.85,47.74,0.42,122,0.463,LOW
2026-09-15 13:53:00,M001,NORMAL,25.1,48.33,0.62,122,0.474,LOW
2026-09-15 13:54:00,M001,NORMAL,24.98,48.69,0.42,130,0.487,LOW
2026-09-15 13:55:00,M001,NORMAL,24.82,48.0,0.47,119,0.441,LOW
2026-09-15 13:56:00,M001,NORMAL,25.11,47.87,0.54,117,0.45,LOW
2026-09-15 13:57:00,M001,NORMAL,24.97,47.82,0.36,115,0.456,LOW
2026-09-15 13:58:00,M001,NORMAL,24.77,47.88,0.26,115,0.446,LOW
2026-09-15 13:59:00,M001,NORMAL,24.77,47.38,0.35,120,0.473,LOW
2026-09-15 14:00:00,M001,NORMAL,24.65,47.61,0.46,121,0.444,LOW
2026-09-15 14:01:00,M001,NORMAL,24.75,47.68,0.39,99,0.431,LOW
2026-09-15 14:02:00,M001,NORMAL,24.55,48.13,0.44,110,0.456,LOW
2026-09-15 14:03:00,M001,NORMAL,25.06,47.32,0.47,119,0.436,LOW
2026-09-15 14:04:00,M001,NORMAL,24.62,47.29,0.35,96,0.447,LOW
2026-09-15 14:05:00,M001,NORMAL,24.7,47.65,0.34,140,0.407,LOW
2026-09-15 14:06:00,M001,NORMAL,24.62,47.71,0.52,106,0.467,LOW
2026-09-15 14:07:00,M001,NORMAL,24.6,47.9,0.37,132,0.465,LOW
2026-09-15 14:08:00,M001,NORMAL,24.62,48.52,0.28,110,0.464,LOW
2026-09-15 14:09:00,M001,NORMAL,24.6,47.05,0.36,116,0.437,LOW
2026-09-15 14:10:00,M001,NORMAL,24.59,47.34,0.39,124,0.435,LOW
2026-09-15 14:11:00,M001,NORMAL,24.52,47.24,0.3,122,0.399,LOW
2026-09-15 14:12:00,M001,NORMAL,24.73,46.77,0.43,117,0.431,LOW
2026-09-15 14:13:00,M001,NORMAL,24.71,47.04,0.38,110,0.439,LOW
2026-09-15 14:14:00,M001,NORMAL,24.65,46.15,0.3,123,0.45,LOW
2026-09-15 14:15:00,M001,NORMAL,24.65,47.07,0.31,115,0.434,LOW
2026-09-15 14:16:00,M001,NORMAL,24.51,47.36,0.41,101,0.42,LOW
2026-09-15 14:17:00,M001,NORMAL,24.68,47.36,0.3,105,0.415,LOW
2026-09-15 14:18:00,M001,NORMAL,24.66,47.23,0.33,97,0.403,LOW
2026-09-15 14:19:00,M001,NORMAL,24.69,46.55,0.34,106,0.411,LOW
2026-09-15 14:20:00,M001,NORMAL,24.61,47.7,0.34,106,0.395,LOW
2026-09-15 14:21:00,M001,NORMAL,24.67,47.47,0.36,118,0.429,LOW
2026-09-15 14:22:00,M001,NORMAL,24.45,46.99,0.36,114,0.412,LOW
2026-09-15 14:23:00,M001,NORMAL,24.59,47.15,0.4,117,0.431,LOW
2026-09-15 14:24:00,M001,NORMAL,24.65,46.59,0.25,107,0.438,LOW
2026-09-15 14:25:00,M001,NORMAL,24.65,47.22,0.22,96,0.44,LOW
2026-09-15 14:26:00,M001,NORMAL,24.6,46.48,0.38,110,0.472,LOW
2026-09-15 14:27:00,M001,NORMAL,24.75,47.14,0.31,110,0.418,LOW
2026-09-15 14:28:00,M001,NORMAL,24.43,47.38,0.34,85,0.409,LOW
2026-09-15 14:29:00,M001,NORMAL,24.51,47.41,0.32,121,0.393,LOW
2026-09-15 14:30:00,M001,NORMAL,24.48,47.46,0.28,100,0.412,LOW
2026-09-15 14:31:00,M001,NORMAL,24.52,47.26,0.4,95,0.417,LOW
2026-09-15 14:32:00,M001,NORMAL,24.62,47.1,0.38,110,0.412,LOW
2026-09-15 14:33:00,M001,NORMAL,24.49,46.35,0.3,109,0.439,LOW
2026-09-15 14:34:00,M001,NORMAL,24.59,48.03,0.33,105,0.43,LOW
2026-09-15 14:35:00,M001,NORMAL,24.52,47.21,0.2,115,0.426,LOW
2026-09-15 14:36:00,M001,NORMAL,24.67,47.21,0.25,103,0.453,LOW
2026-09-15 14:37:00,M001,NORMAL,24.71,46.94,0.37,114,0.46,LOW
2026-09-15 14:38:00,M001,NORMAL,24.8,47.37,0.31,126,0.426,LOW
2026-09-15 14:39:00,M001,NORMAL,24.57,46.75,0.29,108,0.442,LOW
2026-09-15 14:40:00,M001,NORMAL,24.79,47.74,0.36,119,0.469,LOW
2026-09-15 14:41:00,M001,NORMAL,24.8,47.96,0.25,106,0.418,LOW
2026-09-15 14:42:00,M001,NORMAL,24.38,47.38,0.45,108,0.436,LOW
2026-09-15 14:43:00,M001,NORMAL,24.62,47.2,0.38,103,0.454,LOW
2026-09-15 14:44:00,M001,NORMAL,24.5,47.57,0.34,127,0.449,LOW
2026-09-15 14:45:00,M001,NORMAL,24.5,46.51,0.31,111,0.434,LOW
2026-09-15 14:46:00,M001,NORMAL,24.76,47.8,0.29,100,0.443,LOW
2026-09-15 14:47:00,M001,NORMAL,24.73,47.54,0.34,115,0.466,LOW
2026-09-15 14:48:00,M001,NORMAL,24.6,47.14,0.43,130,0.439,LOW
2026-09-15 14:49:00,M001,NORMAL,24.65,46.89,0.41,107,0.482,LOW
2026-09-15 14:50:00,M001,NORMAL,25.1,47.83,0.43,117,0.466,LOW
2026-09-15 14:51:00,M001,NORMAL,24.84,47.82,0.5,124,0.485,LOW
2026-09-15 14:52:00,M001,NORMAL,24.66,47.64,0.35,127,0.441,LOW
2026-09-15 14:53:00,M001,NORMAL,24.95,47.45,0.41,140,0.481,LOW
2026-09-15 14:54:00,M001,NORMAL,24.67,48.13,0.48,118,0.435,LOW
2026-09-15 14:55:00,M001,NORMAL,24.99,48.09,0.47,121,0.497,LOW
2026-09-15 14:56:00,M001,NORMAL,24.82,47.91,0.48,130,0.435,LOW
2026-09-15 14:57:00,M001,NORMAL,25.11,47.6,0.45,122,0.449,LOW
2026-09-15 14:58:00,M001,NORMAL,25.11,47.31,0.41,118,0.479,LOW
2026-09-15 14:59:00,M001,NORMAL,25.18,48.63,0.56,108,0.469,LOW
2026-09-15 15:00:00,M001,NORMAL,24.85,48.24,0.49,128,0.493,LOW
2026-09-15 15:01:00,M001,NORMAL,24.8,48.13,0.38,115,0.489,LOW
2026-09-15 15:02:00,M001,NORMAL,25.08,49.16,0.57,130,0.457,LOW
2026-09-15 15:03:00,M001,NORMAL,25.2,48.34,0.42,121,0.479,LOW
2026-09-15 15:04:00,M001,NORMAL,25.26,48.71,0.59,132,0.472,LOW
2026-09-15 15:05:00,M001,NORMAL,25.46,49.5,0.53,126,0.454,LOW
2026-09-15 15:06:00,M001,NORMAL,25.2,48.74,0.55,137,0.492,LOW
2026-09-15 15:07:00,M001,NORMAL,25.31,49.05,0.48,128,0.498,LOW
2026-09-15 15:08:00,M001,NORMAL,25.07,49.29,0.59,136,0.477,LOW
2026-09-15 15:09:00,M001,NORMAL,25.01,48.64,0.44,137,0.485,LOW
2026-09-15 15:10:00,M001,NORMAL,25.14,49.52,0.57,139,0.506,LOW
2026-09-15 15:11:00,M001,NORMAL,25.4,48.61,0.61,124,0.485,LOW
2026-09-15 15:12:00,M001,NORMAL,25.42,49.61,0.62,142,0.526,LOW
2026-09-15 15:13:00,M001,NORMAL,25.14,49.3,0.59,159,0.523,LOW
2026-09-15 15:14:00,M001,NORMAL,25.48,49.2,0.74,147,0.49,LOW
2026-09-15 15:15:00,M001,NORMAL,25.66,49.02,0.55,142,0.493,LOW
2026-09-15 15:16:00,M001,NORMAL,25.47,49.78,0.62,161,0.485,LOW
2026-09-15 15:17:00,M001,NORMAL,25.59,49.43,0.72,163,0.557,LOW
2026-09-15 15:18:00,M001,NORMAL,25.43,49.38,0.65,147,0.489,LOW
2026-09-15 15:19:00,M001,NORMAL,25.57,49.56,0.74,157,0.518,LOW
2026-09-15 15:20:00,M001,NORMAL,25.51,49.92,0.62,176,0.509,LOW
2026-09-15 15:21:00,M001,NORMAL,25.54,50.5,0.64,146,0.505,LOW
2026-09-15 15:22:00,M001,NORMAL,25.7,50.47,0.7,140,0.54,LOW
2026-09-15 15:23:00,M001,NORMAL,25.62,50.14,0.59,153,0.519,LOW
2026-09-15 15:24:00,M001,NORMAL,25.62,50.38,0.67,162,0.536,LOW
2026-09-15 15:25:00,M001,NORMAL,25.7,50.61,0.77,148,0.534,LOW
2026-09-15 15:26:00,M001,NORMAL,25.77,50.59,0.78,164,0.536,LOW
2026-09-15 15:27:00,M001,NORMAL,25.79,50.51,0.78,174,0.565,LOW
2026-09-15 15:28:00,M001,NORMAL,25.98,50.07,0.69,157,0.542,LOW
2026-09-15 15:29:00,M001,NORMAL,25.78,50.63,0.81,169,0.559,LOW
2026-09-15 15:30:00,M001,NORMAL,25.64,51.08,0.79,165,0.556,LOW
2026-09-15 15:31:00,M001,NORMAL,25.95,50.72,0.73,169,0.567,LOW
2026-09-15 15:32:00,M001,NORMAL,25.91,50.91,0.68,154,0.553,LOW
2026-09-15 15:33:00,M001,NORMAL,25.93,51.42,0.65,170,0.562,LOW
2026-09-15 15:34:00,M001,NORMAL,25.73,52.06,0.8,174,0.611,LOW
2026-09-15 15:35:00,M001,NORMAL,25.81,51.1,0.89,157,0.57,LOW
2026-09-15 15:36:00,M001,NORMAL,25.91,51.73,0.82,161,0.589,LOW
2026-09-15 15:37:00,M001,NORMAL,26.03,50.99,0.76,165,0.554,LOW
2026-09-15 15:38:00,M001,NORMAL,26.07,51.36,0.8,162,0.57,LOW
2026-09-15 15:39:00,M001,NORMAL,26.15,51.86,0.72,164,0.591,LOW
2026-09-15 15:40:00,M001,NORMAL,25.93,51.41,0.77,162,0.584,LOW
2026-09-15 15:41:00,M001,NORMAL,25.97,52.16,0.83,166,0.597,LOW
2026-09-15 15:42:00,M001,NORMAL,26.19,51.48,0.73,171,0.564,LOW
2026-09-15 15:43:00,M001,NORMAL,26.25,51.29,0.83,188,0.605,LOW
2026-09-15 15:44:00,M001,NORMAL,26.01,51.6,0.85,175,0.618,LOW
2026-09-15 15:45:00,M001,NORMAL,26.07,51.44,0.93,186,0.59,LOW
2026-09-15 15:46:00,M001,NORMAL,26.2,52.06,0.79,178,0.576,LOW
2026-09-15 15:47:00,M001,NORMAL,26.05,51.73,0.9,181,0.575,LOW
2026-09-15 15:48:00,M001,NORMAL,26.04,52.16,0.92,181,0.562,LOW
2026-09-15 15:49:00,M001,NORMAL,26.32,52.93,1.0,186,0.614,LOW
2026-09-15 15:50:00,M001,NORMAL,26.1,52.35,0.83,183,0.58,LOW
2026-09-15 15:51:00,M001,NORMAL,26.27,52.19,0.96,184,0.599,LOW
2026-09-15 15:52:00,M001,NORMAL,26.32,51.92,0.89,179,0.622,LOW
2026-09-15 15:53:00,M001,NORMAL,26.22,52.54,0.95,164,0.594,LOW
2026-09-15 15:54:00,M001,NORMAL,26.26,52.89,0.96,196,0.608,LOW
2026-09-15 15:55:00,M001,NORMAL,26.27,52.33,0.9,178,0.604,LOW
2026-09-15 15:56:00,M001,NORMAL,26.25,52.32,0.94,171,0.623,LOW
2026-09-15 15:57:00,M001,NORMAL,26.31,52.8,0.91,182,0.634,LOW
2026-09-15 15:58:00,M001,NORMAL,26.28,53.46,0.85,185,0.598,LOW
2026-09-15 15:59:00,M001,NORMAL,26.22,52.38,0.92,194,0.599,LOW
2026-09-15 16:00:00,M001,NORMAL,26.39,52.16,0.92,199,0.629,LOW
2026-09-15 16:01:00,M001,NORMAL,26.36,53.02,0.99,194,0.647,LOW
2026-09-15 16:02:00,M001,NORMAL,26.22,52.77,1.0,196,0.633,LOW
2026-09-15 16:03:00,M001,NORMAL,26.51,52.63,0.87,200,0.624,LOW
2026-09-15 16:04:00,M001,NORMAL,26.29,52.87,0.94,198,0.641,LOW
2026-09-15 16:05:00,M001,NORMAL,26.4,53.1,0.97,199,0.585,LOW
2026-09-15 16:06:00,M001,NORMAL,26.23,52.89,0.94,183,0.638,LOW
2026-09-15 16:07:00,M001,NORMAL,26.26,53.01,0.98,191,0.613,LOW
2026-09-15 16:08:00,M001,NORMAL,26.36,53.43,1.01,199,0.627,LOW
2026-09-15 16:09:00,M001,NORMAL,26.18,52.77,0.97,202,0.648,LOW
2026-09-15 16:10:00,M001,NORMAL,26.44,52.63,0.99,189,0.625,LOW
2026-09-15 16:11:00,M001,NORMAL,26.25,53.17,0.98,199,0.604,LOW
2026-09-15 16:12:00,M001,NORMAL,26.26,54.45,0.92,194,0.637,LOW
2026-09-15 16:13:00,M001,NORMAL,26.28,53.69,0.98,193,0.662,LOW
2026-09-15 16:14:00,M001,NORMAL,26.3,52.8,0.96,180,0.635,LOW
2026-09-15 16:15:00,M001,NORMAL,26.46,53.07,1.02,199,0.636,LOW
2026-09-15 16:16:00,M001,NORMAL,26.37,53.49,0.93,204,0.627,LOW
2026-09-15 16:17:00,M001,NORMAL,26.49,53.72,0.83,190,0.623,LOW
2026-09-15 16:18:00,M001,NORMAL,26.6,52.82,1.16,179,0.636,LOW
2026-09-15 16:19:00,M001,NORMAL,26.35,53.18,0.94,188,0.597,LOW
2026-09-15 16:20:00,M001,NORMAL,26.4,52.37,0.89,192,0.627,LOW
2026-09-15 16:21:00,M001,NORMAL,26.51,52.41,1.0,194,0.623,LOW
2026-09-15 16:22:00,M001,NORMAL,26.28,52.91,1.03,188,0.643,LOW
2026-09-15 16:23:00,M001,NORMAL,26.34,53.61,0.97,189,0.599,LOW
2026-09-15 16:24:00,M001,NORMAL,26.2,53.05,0.95,193,0.614,LOW
2026-09-15 16:25:00,M001,NORMAL,26.34,52.62,0.99,188,0.658,LOW
2026-09-15 16:26:00,M001,NORMAL,26.27,53.3,0.89,186,0.61,LOW
2026-09-15 16:27:00,M001,NORMAL,26.5,52.99,0.97,191,0.605,LOW
2026-09-15 16:28:00,M001,NORMAL,26.51,53.35,0.95,189,0.634,LOW
2026-09-15 16:29:00,M001,NORMAL,26.31,52.68,0.92,186,0.613,LOW
2026-09-15 16:30:00,M001,NORMAL,26.4,52.59,0.92,183,0.594,LOW
2026-09-15 16:31:00,M001,NORMAL,26.49,52.89,1.0,183,0.644,LOW
2026-09-15 16:32:00,M001,NORMAL,26.31,53.23,0.94,187,0.608,LOW
2026-09-15 16:33:00,M001,NORMAL,26.29,52.69,1.03,199,0.618,LOW
2026-09-15 16:34:00,M001,NORMAL,26.41,51.47,0.9,188,0.63,LOW
2026-09-15 16:35:00,M001,NORMAL,26.31,52.49,0.9,178,0.646,LOW
2026-09-15 16:36:00,M001,NORMAL,26.37,52.99,0.92,180,0.621,LOW
2026-09-15 16:37:00,M001,NORMAL,26.22,52.37,0.91,179,0.594,LOW
2026-09-15 16:38:00,M001,NORMAL,26.18,51.81,0.95,190,0.594,LOW
2026-09-15 16:39:00,M001,NORMAL,25.97,52.47,0.92,183,0.583,LOW
2026-09-15 16:40:00,M001,NORMAL,25.95,52.94,0.88,186,0.603,LOW
2026-09-15 16:41:00,M001,NORMAL,26.21,51.69,0.86,169,0.583,LOW
2026-09-15 16:42:00,M001,NORMAL,26.06,51.42,0.85,174,0.579,LOW
2026-09-15 16:43:00,M001,NORMAL,26.11,52.07,0.82,196,0.61,LOW
2026-09-15 16:44:00,M001,NORMAL,26.24,51.88,0.93,185,0.578,LOW
2026-09-15 16:45:00,M001,NORMAL,26.0,53.12,0.84,181,0.59,LOW
2026-09-15 16:46:00,M001,NORMAL,26.17,51.49,0.79,186,0.594,LOW
2026-09-15 16:47:00,M001,NORMAL,25.75,51.83,0.84,181,0.594,LOW
2026-09-15 16:48:00,M001,NORMAL,26.07,51.78,0.86,165,0.572,LOW
2026-09-15 16:49:00,M001,NORMAL,25.9,51.14,0.89,183,0.594,LOW
2026-09-15 16:50:00,M001,NORMAL,25.91,51.39,0.8,182,0.59,LOW
2026-09-15 16:51:00,M001,NORMAL,26.17,51.15,0.8,161,0.554,LOW
2026-09-15 16:52:00,M001,NORMAL,25.92,51.32,0.78,158,0.58,LOW
2026-09-15 16:53:00,M001,NORMAL,25.88,51.75,0.84,158,0.58,LOW
2026-09-15 16:54:00,M001,NORMAL,25.82,51.92,0.79,164,0.564,LOW
2026-09-15 16:55:00,M001,NORMAL,25.69,51.74,0.93,153,0.564,LOW
2026-09-15 16:56:00,M001,NORMAL,25.83,50.91,0.86,177,0.561,LOW
2026-09-15 16:57:00,M001,NORMAL,26.07,51.08,0.75,167,0.549,LOW
2026-09-15 16:58:00,M001,NORMAL,25.97,51.24,0.74,162,0.544,LOW
2026-09-15 16:59:00,M001,NORMAL,25.8,50.39,0.75,158,0.567,LOW
2026-09-15 17:00:00,M001,NORMAL,25.87,51.14,0.73,156,0.549,LOW
2026-09-15 17:01:00,M001,NORMAL,25.72,50.94,0.69,152,0.554,LOW
2026-09-15 17:02:00,M001,NORMAL,25.86,51.41,0.78,151,0.573,LOW
2026-09-15 17:03:00,M001,NORMAL,25.57,50.27,0.74,146,0.559,LOW
2026-09-15 17:04:00,M001,NORMAL,25.64,50.65,0.65,164,0.551,LOW
2026-09-15 17:05:00,M001,NORMAL,25.58,50.79,0.52,159,0.537,LOW
2026-09-15 17:06:00,M001,NORMAL,25.5,50.39,0.72,148,0.534,LOW
2026-09-15 17:07:00,M001,NORMAL,25.57,50.4,0.76,149,0.556,LOW
2026-09-15 17:08:00,M001,NORMAL,25.39,50.27,0.55,153,0.543,LOW
2026-09-15 17:09:00,M001,NORMAL,25.76,50.09,0.61,160,0.528,LOW
2026-09-15 17:10:00,M001,NORMAL,25.51,50.35,0.72,135,0.525,LOW
2026-09-15 17:11:00,M001,NORMAL,25.47,49.47,0.53,148,0.513,LOW
2026-09-15 17:12:00,M001,NORMAL,25.36,49.75,0.61,147,0.546,LOW
2026-09-15 17:13:00,M001,NORMAL,25.41,50.48,0.7,154,0.503,LOW
2026-09-15 17:14:00,M001,NORMAL,25.36,49.27,0.64,144,0.52,LOW
2026-09-15 17:15:00,M001,NORMAL,25.4,49.62,0.58,136,0.502,LOW
2026-09-15 17:16:00,M001,NORMAL,25.43,49.4,0.59,150,0.515,LOW
2026-09-15 17:17:00,M001,NORMAL,25.14,49.35,0.52,141,0.51,LOW
2026-09-15 17:18:00,M001,NORMAL,25.35,49.97,0.54,138,0.511,LOW
2026-09-15 17:19:00,M001,NORMAL,25.38,48.81,0.61,145,0.495,LOW
2026-09-15 17:20:00,M001,NORMAL,25.21,49.43,0.58,141,0.482,LOW
2026-09-15 17:21:00,M001,NORMAL,25.01,49.02,0.53,141,0.479,LOW
2026-09-15 17:22:00,M001,NORMAL,25.27,49.14,0.49,144,0.483,LOW
2026-09-15 17:23:00,M001,NORMAL,25.08,48.99,0.53,127,0.497,LOW
2026-09-15 17:24:00,M001,NORMAL,25.14,48.51,0.4,137,0.485,LOW
2026-09-15 17:25:00,M001,NORMAL,25.14,49.29,0.35,143,0.505,LOW
2026-09-15 17:26:00,M001,NORMAL,24.98,49.06,0.45,122,0.476,LOW
2026-09-15 17:27:00,M001,NORMAL,25.29,48.73,0.5,138,0.465,LOW
2026-09-15 17:28:00,M001,NORMAL,25.23,49.14,0.51,122,0.492,LOW
2026-09-15 17:29:00,M001,NORMAL,25.07,48.69,0.55,132,0.454,LOW
2026-09-15 17:30:00,M001,NORMAL,25.19,48.47,0.49,132,0.473,LOW
2026-09-15 17:31:00,M001,NORMAL,25.08,48.37,0.45,121,0.456,LOW
2026-09-15 17:32:00,M001,NORMAL,24.93,48.62,0.43,124,0.461,LOW
2026-09-15 17:33:00,M001,NORMAL,25.01,48.41,0.58,112,0.456,LOW
2026-09-15 17:34:00,M001,NORMAL,24.99,47.41,0.55,122,0.444,LOW
2026-09-15 17:35:00,M001,NORMAL,25.02,47.14,0.45,114,0.455,LOW
2026-09-15 17:36:00,M001,NORMAL,24.93,48.27,0.45,139,0.455,LOW
2026-09-15 17:37:00,M001,NORMAL,24.83,48.39,0.41,124,0.382,LOW
2026-09-15 17:38:00,M001,NORMAL,24.9,47.8,0.38,114,0.465,LOW
2026-09-15 17:39:00,M001,NORMAL,24.59,49.04,0.48,122,0.48,LOW
2026-09-15 17:40:00,M001,NORMAL,24.85,47.36,0.47,104,0.456,LOW
2026-09-15 17:41:00,M001,NORMAL,24.94,47.88,0.3,119,0.441,LOW
2026-09-15 17:42:00,M001,NORMAL,24.69,46.69,0.31,112,0.461,LOW
2026-09-15 17:43:00,M001,NORMAL,25.1,47.9,0.33,112,0.459,LOW
2026-09-15 17:44:00,M001,NORMAL,24.83,47.67,0.39,125,0.477,LOW
2026-09-15 17:45:00,M001,NORMAL,24.74,47.53,0.4,111,0.398,LOW
2026-09-15 17:46:00,M001,NORMAL,24.79,47.13,0.45,115,0.461,LOW
2026-09-15 17:47:00,M001,NORMAL,24.61,47.83,0.25,121,0.429,LOW
2026-09-15 17:48:00,M001,NORMAL,24.81,47.19,0.4,117,0.439,LOW
2026-09-15 17:49:00,M001,NORMAL,24.74,47.97,0.32,124,0.424,LOW
2026-09-15 17:50:00,M001,NORMAL,24.82,48.2,0.3,94,0.432,LOW
2026-09-15 17:51:00,M001,NORMAL,24.59,47.02,0.32,107,0.453,LOW
2026-09-15 17:52:00,M001,NORMAL,24.79,47.66,0.49,104,0.383,LOW
2026-09-15 17:53:00,M001,NORMAL,24.89,47.27,0.33,95,0.402,LOW
2026-09-15 17:54:00,M001,NORMAL,24.73,47.08,0.19,102,0.443,LOW
2026-09-15 17:55:00,M001,NORMAL,24.79,47.2,0.52,118,0.456,LOW
2026-09-15 17:56:00,M001,NORMAL,24.79,47.43,0.24,96,0.41,LOW
2026-09-15 17:57:00,M001,NORMAL,24.65,47.07,0.35,109,0.431,LOW
2026-09-15 17:58:00,M001,NORMAL,24.74,47.06,0.31,87,0.437,LOW
2026-09-15 17:59:00,M001,NORMAL,24.52,46.68,0.38,116,0.433,LOW
2026-09-15 18:00:00,M001,NORMAL,24.72,46.59,0.31,104,0.451,LOW
2026-09-15 18:01:00,M001,NORMAL,24.71,46.92,0.38,111,0.419,LOW
2026-09-15 18:02:00,M001,NORMAL,24.66,47.35,0.31,98,0.427,LOW
2026-09-15 18:03:00,M001,NORMAL,24.57,46.55,0.27,106,0.421,LOW
2026-09-15 18:04:00,M001,NORMAL,24.67,46.92,0.35,105,0.43,LOW
2026-09-15 18:05:00,M001,NORMAL,24.65,47.23,0.41,106,0.392,LOW
2026-09-15 18:06:00,M001,NORMAL,24.59,47.33,0.32,111,0.39,LOW
2026-09-15 18:07:00,M001,NORMAL,24.5,47.22,0.37,102,0.427,LOW
2026-09-15 18:08:00,M001,NORMAL,24.52,46.55,0.33,110,0.427,LOW
2026-09-15 18:09:00,M001,NORMAL,24.69,47.69,0.39,105,0.437,LOW
2026-09-15 18:10:00,M001,NORMAL,24.43,47.07,0.39,114,0.436,LOW
2026-09-15 18:11:00,M001,NORMAL,24.84,46.75,0.38,108,0.441,LOW
2026-09-15 18:12:00,M001,NORMAL,24.63,47.38,0.43,114,0.419,LOW
2026-09-15 18:13:00,M001,NORMAL,24.58,46.81,0.4,120,0.419,LOW
2026-09-15 18:14:00,M001,NORMAL,24.41,46.85,0.36,102,0.389,LOW
2026-09-15 18:15:00,M001,NORMAL,24.58,46.31,0.36,106,0.426,LOW
2026-09-15 18:16:00,M001,NORMAL,24.8,46.79,0.2,110,0.434,LOW
2026-09-15 18:17:00,M001,NORMAL,24.48,47.03,0.32,111,0.416,LOW
2026-09-15 18:18:00,M001,NORMAL,24.98,47.11,0.36,107,0.381,LOW
2026-09-15 18:19:00,M001,NORMAL,24.84,45.98,0.44,100,0.405,LOW
2026-09-15 18:20:00,M001,NORMAL,24.67,48.16,0.37,110,0.416,LOW
2026-09-15 18:21:00,M001,NORMAL,24.77,47.17,0.4,96,0.44,LOW
2026-09-15 18:22:00,M001,NORMAL,24.75,46.81,0.29,112,0.424,LOW
2026-09-15 18:23:00,M001,NORMAL,24.75,46.82,0.31,131,0.419,LOW
2026-09-15 18:24:00,M001,NORMAL,24.68,47.37,0.35,124,0.425,LOW
2026-09-15 18:25:00,M001,NORMAL,24.85,47.15,0.42,113,0.434,LOW
2026-09-15 18:26:00,M001,NORMAL,24.75,47.76,0.3,107,0.474,LOW
2026-09-15 18:27:00,M001,NORMAL,24.84,47.44,0.43,116,0.401,LOW
2026-09-15 18:28:00,M001,NORMAL,24.81,47.59,0.41,110,0.438,LOW
2026-09-15 18:29:00,M001,NORMAL,24.94,47.63,0.37,121,0.437,LOW
2026-09-15 18:30:00,M001,NORMAL,24.95,47.68,0.43,113,0.424,LOW
2026-09-15 18:31:00,M001,NORMAL,24.93,47.91,0.45,125,0.422,LOW
2026-09-15 18:32:00,M001,NORMAL,24.87,47.06,0.45,111,0.458,LOW
2026-09-15 18:33:00,M001,NORMAL,24.96,47.71,0.42,131,0.423,LOW
2026-09-15 18:34:00,M001,NORMAL,24.97,48.03,0.49,108,0.455,LOW
2026-09-15 18:35:00,M001,NORMAL,25.05,48.6,0.38,120,0.489,LOW
2026-09-15 18:36:00,M001,NORMAL,24.77,48.1,0.45,125,0.443,LOW
2026-09-15 18:37:00,M001,NORMAL,25.07,48.54,0.57,118,0.453,LOW
2026-09-15 18:38:00,M001,NORMAL,25.11,48.98,0.46,113,0.46,LOW
2026-09-15 18:39:00,M001,NORMAL,25.11,48.6,0.54,143,0.459,LOW
2026-09-15 18:40:00,M001,NORMAL,24.91,47.92,0.47,136,0.499,LOW
2026-09-15 18:41:00,M001,NORMAL,25.07,48.48,0.47,139,0.458,LOW
2026-09-15 18:42:00,M001,NORMAL,25.05,48.51,0.49,145,0.458,LOW
2026-09-15 18:43:00,M001,NORMAL,25.38,48.36,0.44,125,0.488,LOW
2026-09-15 18:44:00,M001,NORMAL,25.11,49.14,0.45,118,0.473,LOW
2026-09-15 18:45:00,M001,NORMAL,25.17,48.19,0.51,137,0.468,LOW
2026-09-15 18:46:00,M001,NORMAL,25.06,48.41,0.51,138,0.533,LOW
2026-09-15 18:47:00,M001,NORMAL,25.32,48.43,0.43,134,0.515,LOW
2026-09-15 18:48:00,M001,NORMAL,25.28,48.8,0.61,148,0.516,LOW
2026-09-15 18:49:00,M001,NORMAL,25.1,49.27,0.47,131,0.471,LOW
2026-09-15 18:50:00,M001,NORMAL,25.22,48.6,0.61,138,0.481,LOW
2026-09-15 18:51:00,M001,NORMAL,25.34,49.87,0.59,135,0.494,LOW
2026-09-15 18:52:00,M001,NORMAL,25.29,49.06,0.46,138,0.524,LOW
2026-09-15 18:53:00,M001,NORMAL,25.23,48.65,0.58,151,0.475,LOW
2026-09-15 18:54:00,M001,NORMAL,25.38,49.68,0.63,148,0.519,LOW
2026-09-15 18:55:00,M001,NORMAL,25.19,49.84,0.7,142,0.517,LOW
2026-09-15 18:56:00,M001,NORMAL,25.28,50.2,0.57,159,0.507,LOW
2026-09-15 18:57:00,M001,NORMAL,25.51,49.55,0.75,130,0.523,LOW
2026-09-15 18:58:00,M001,NORMAL,25.21,49.37,0.76,156,0.485,LOW
2026-09-15 18:59:00,M001,NORMAL,25.48,49.69,0.68,165,0.534,LOW
2026-09-15 19:00:00,M001,NORMAL,25.56,50.23,0.58,156,0.542,LOW
2026-09-15 19:01:00,M001,NORMAL,25.46,49.85,0.76,153,0.509,LOW
2026-09-15 19:02:00,M001,NORMAL,25.51,50.01,0.67,152,0.527,LOW
2026-09-15 19:03:00,M001,NORMAL,25.78,50.61,0.78,140,0.537,LOW
2026-09-15 19:04:00,M001,NORMAL,25.75,50.65,0.65,149,0.555,LOW
2026-09-15 19:05:00,M001,NORMAL,25.61,50.71,0.71,155,0.543,LOW
2026-09-15 19:06:00,M001,NORMAL,25.56,51.21,0.74,169,0.534,LOW
2026-09-15 19:07:00,M001,NORMAL,25.62,50.49,0.66,164,0.559,LOW
2026-09-15 19:08:00,M001,NORMAL,25.65,50.57,0.75,154,0.542,LOW
2026-09-15 19:09:00,M001,NORMAL,25.92,50.49,0.7,182,0.515,LOW
2026-09-15 19:10:00,M001,NORMAL,25.62,51.59,0.72,166,0.592,LOW
2026-09-15 19:11:00,M001,NORMAL,25.7,50.71,0.78,163,0.549,LOW
2026-09-15 19:12:00,M001,NORMAL,25.79,50.5,0.79,171,0.558,LOW
2026-09-15 19:13:00,M001,NORMAL,25.81,51.33,0.74,163,0.563,LOW
2026-09-15 19:14:00,M001,NORMAL,26.03,51.17,0.77,165,0.56,LOW
2026-09-15 19:15:00,M001,NORMAL,25.76,50.9,0.85,163,0.571,LOW
2026-09-15 19:16:00,M001,NORMAL,25.85,50.81,0.77,181,0.565,LOW
2026-09-15 19:17:00,M001,NORMAL,25.85,51.25,0.78,172,0.568,LOW
2026-09-15 19:18:00,M001,NORMAL,25.94,51.3,0.84,174,0.581,LOW
2026-09-15 19:19:00,M001,NORMAL,26.05,51.53,0.9,176,0.606,LOW
2026-09-15 19:20:00,M001,NORMAL,25.98,51.75,0.79,173,0.597,LOW
2026-09-15 19:21:00,M001,NORMAL,25.97,52.31,0.84,187,0.567,LOW
2026-09-15 19:22:00,M001,NORMAL,26.0,51.58,0.91,180,0.586,LOW
2026-09-15 19:23:00,M001,NORMAL,26.0,51.84,0.9,183,0.589,LOW
2026-09-15 19:24:00,M001,NORMAL,26.02,51.96,0.87,179,0.584,LOW
2026-09-15 19:25:00,M001,NORMAL,26.3,51.73,0.97,189,0.611,LOW
2026-09-15 19:26:00,M001,NORMAL,26.34,52.27,0.85,174,0.585,LOW
2026-09-15 19:27:00,M001,NORMAL,26.23,51.52,0.79,192,0.616,LOW
2026-09-15 19:28:00,M001,NORMAL,26.2,52.54,0.94,179,0.575,LOW
2026-09-15 19:29:00,M001,NORMAL,26.32,52.4,0.8,182,0.595,LOW
2026-09-15 19:30:00,M001,NORMAL,26.17,52.15,0.94,180,0.585,LOW
2026-09-15 19:31:00,M001,NORMAL,26.28,52.53,0.81,186,0.622,LOW
2026-09-15 19:32:00,M001,NORMAL,26.2,52.47,0.86,169,0.618,LOW
2026-09-15 19:33:00,M001,NORMAL,26.22,52.61,0.9,182,0.613,LOW
2026-09-15 19:34:00,M001,NORMAL,26.24,52.84,0.9,173,0.615,LOW
2026-09-15 19:35:00,M001,NORMAL,26.1,51.52,0.86,182,0.6,LOW
2026-09-15 19:36:00,M001,NORMAL,26.09,52.49,1.01,193,0.615,LOW
2026-09-15 19:37:00,M001,NORMAL,26.4,52.45,0.88,192,0.598,LOW
2026-09-15 19:38:00,M001,NORMAL,26.34,52.65,0.92,183,0.638,LOW
2026-09-15 19:39:00,M001,NORMAL,26.12,52.81,0.93,182,0.62,LOW
2026-09-15 19:40:00,M001,NORMAL,26.36,52.71,0.97,200,0.61,LOW
2026-09-15 19:41:00,M001,NORMAL,26.38,52.08,0.99,173,0.633,LOW
2026-09-15 19:42:00,M001,NORMAL,26.28,52.87,0.86,189,0.638,LOW
2026-09-15 19:43:00,M001,NORMAL,26.42,52.83,0.96,199,0.637,LOW
2026-09-15 19:44:00,M001,NORMAL,26.28,52.63,0.92,190,0.605,LOW
2026-09-15 19:45:00,M001,NORMAL,26.11,52.8,0.98,192,0.645,LOW
2026-09-15 19:46:00,M001,NORMAL,26.22,52.7,0.87,193,0.625,LOW
2026-09-15 19:47:00,M001,NORMAL,26.32,52.94,0.93,182,0.655,LOW
2026-09-15 19:48:00,M001,NORMAL,26.48,52.87,0.87,189,0.638,LOW
2026-09-15 19:49:00,M001,NORMAL,26.41,53.36,1.06,191,0.62,LOW
2026-09-15 19:50:00,M001,NORMAL,26.33,52.81,1.04,188,0.6,LOW
2026-09-15 19:51:00,M001,NORMAL,26.45,52.94,0.95,175,0.65,LOW
2026-09-15 19:52:00,M001,NORMAL,26.48,52.54,0.99,183,0.606,LOW
2026-09-15 19:53:00,M001,NORMAL,26.15,53.31,1.04,189,0.629,LOW
2026-09-15 19:54:00,M001,NORMAL,26.61,52.7,0.9,193,0.64,LOW
2026-09-15 19:55:00,M001,NORMAL,26.36,52.43,0.93,198,0.643,LOW
2026-09-15 19:56:00,M001,NORMAL,26.2,52.51,0.91,192,0.669,LOW
2026-09-15 19:57:00,M001,NORMAL,26.36,53.02,0.93,214,0.619,LOW
2026-09-15 19:58:00,M001,NORMAL,26.33,53.05,0.89,199,0.629,LOW
2026-09-15 19:59:00,M001,NORMAL,26.29,52.74,0.85,187,0.589,LOW
2026-09-15 20:00:00,M001,NORMAL,26.34,52.77,0.94,187,0.614,LOW
2026-09-15 20:01:00,M001,NORMAL,26.53,53.53,0.96,201,0.623,LOW
2026-09-15 20:02:00,M001,NORMAL,26.34,52.6,1.02,196,0.605,LOW
2026-09-15 20:03:00,M001,NORMAL,26.39,52.71,0.91,191,0.593,LOW
2026-09-15 20:04:00,M001,NORMAL,26.32,53.65,1.0,181,0.636,LOW
2026-09-15 20:05:00,M001,NORMAL,26.37,52.74,0.93,190,0.615,LOW
2026-09-15 20:06:00,M001,NORMAL,26.33,53.14,1.02,179,0.616,LOW
2026-09-15 20:07:00,M001,NORMAL,26.54,53.54,0.98,203,0.645,LOW
2026-09-15 20:08:00,M001,NORMAL,26.32,51.99,0.95,178,0.625,LOW
2026-09-15 20:09:00,M001,NORMAL,26.54,52.85,0.9,179,0.587,LOW
2026-09-15 20:10:00,M001,NORMAL,26.09,53.37,1.01,187,0.617,LOW
2026-09-15 20:11:00,M001,NORMAL,26.3,52.68,1.04,191,0.584,LOW
2026-09-15 20:12:00,M001,NORMAL,26.42,51.87,0.91,175,0.618,LOW
2026-09-15 20:13:00,M001,NORMAL,26.13,52.05,0.87,193,0.613,LOW
2026-09-15 20:14:00,M001,NORMAL,26.35,53.1,0.95,191,0.597,LOW
2026-09-15 20:15:00,M001,NORMAL,26.24,52.05,0.96,193,0.63,LOW
2026-09-15 20:16:00,M001,NORMAL,26.24,52.82,0.91,180,0.62,LOW
2026-09-15 20:17:00,M001,NORMAL,26.31,53.29,0.96,175,0.592,LOW
2026-09-15 20:18:00,M001,NORMAL,26.05,52.39,0.84,194,0.603,LOW
2026-09-15 20:19:00,M001,NORMAL,26.27,52.37,0.93,174,0.605,LOW
2026-09-15 20:20:00,M001,NORMAL,26.12,52.21,0.91,187,0.596,LOW
2026-09-15 20:21:00,M001,NORMAL,26.26,52.32,1.0,153,0.591,LOW
2026-09-15 20:22:00,M001,NORMAL,26.29,51.12,0.98,181,0.564,LOW
2026-09-15 20:23:00,M001,NORMAL,26.21,51.65,0.82,191,0.591,LOW
2026-09-15 20:24:00,M001,NORMAL,25.99,52.81,0.93,175,0.582,LOW
2026-09-15 20:25:00,M001,NORMAL,26.06,52.58,0.8,167,0.615,LOW
2026-09-15 20:26:00,M001,NORMAL,26.03,51.92,0.89,173,0.548,LOW
2026-09-15 20:27:00,M001,NORMAL,26.02,52.31,0.99,174,0.588,LOW
2026-09-15 20:28:00,M001,NORMAL,26.19,51.98,0.86,158,0.579,LOW
2026-09-15 20:29:00,M001,NORMAL,26.03,51.07,0.81,188,0.579,LOW
2026-09-15 20:30:00,M001,NORMAL,25.81,50.85,0.83,168,0.566,LOW
2026-09-15 20:31:00,M001,NORMAL,25.99,51.64,0.83,174,0.557,LOW
2026-09-15 20:32:00,M001,NORMAL,25.86,51.32,0.81,179,0.563,LOW
2026-09-15 20:33:00,M001,NORMAL,25.82,51.97,0.81,158,0.568,LOW
2026-09-15 20:34:00,M001,NORMAL,25.74,50.85,0.7,162,0.607,LOW
2026-09-15 20:35:00,M001,NORMAL,25.99,51.78,0.86,166,0.575,LOW
2026-09-15 20:36:00,M001,NORMAL,25.86,50.72,0.7,174,0.544,LOW
2026-09-15 20:37:00,M001,NORMAL,25.84,51.32,0.82,168,0.541,LOW
2026-09-15 20:38:00,M001,NORMAL,25.86,50.93,0.69,147,0.567,LOW
2026-09-15 20:39:00,M001,NORMAL,25.58,50.22,0.86,153,0.549,LOW
2026-09-15 20:40:00,M001,NORMAL,25.75,50.85,0.67,156,0.568,LOW
2026-09-15 20:41:00,M001,NORMAL,25.69,50.73,0.59,156,0.566,LOW
2026-09-15 20:42:00,M001,NORMAL,25.61,50.27,0.75,164,0.554,LOW
2026-09-15 20:43:00,M001,NORMAL,25.6,50.87,0.82,168,0.518,LOW
2026-09-15 20:44:00,M001,NORMAL,26.0,49.96,0.62,159,0.54,LOW
2026-09-15 20:45:00,M001,NORMAL,25.66,50.93,0.76,148,0.54,LOW
2026-09-15 20:46:00,M001,NORMAL,25.72,50.74,0.76,161,0.548,LOW
2026-09-15 20:47:00,M001,NORMAL,25.51,49.7,0.7,149,0.555,LOW
2026-09-15 20:48:00,M001,NORMAL,25.44,49.99,0.64,160,0.543,LOW
2026-09-15 20:49:00,M001,NORMAL,25.52,50.18,0.76,136,0.54,LOW
2026-09-15 20:50:00,M001,NORMAL,25.62,50.46,0.7,143,0.515,LOW
2026-09-15 20:51:00,M001,NORMAL,25.55,49.65,0.62,136,0.5,LOW
2026-09-15 20:52:00,M001,NORMAL,25.48,49.63,0.58,146,0.523,LOW
2026-09-15 20:53:00,M001,NORMAL,25.38,49.79,0.62,144,0.515,LOW
2026-09-15 20:54:00,M001,NORMAL,25.28,49.43,0.49,135,0.491,LOW
2026-09-15 20:55:00,M001,NORMAL,25.32,50.0,0.6,145,0.493,LOW
2026-09-15 20:56:00,M001,NORMAL,25.37,50.14,0.59,136,0.486,LOW
2026-09-15 20:57:00,M001,NORMAL,25.34,49.0,0.63,133,0.474,LOW
2026-09-15 20:58:00,M001,NORMAL,25.35,48.78,0.61,149,0.49,LOW
2026-09-15 20:59:00,M001,NORMAL,25.29,49.77,0.53,152,0.492,LOW
2026-09-15 21:00:00,M001,NORMAL,25.13,49.17,0.57,147,0.51,LOW
2026-09-15 21:01:00,M001,NORMAL,25.26,49.31,0.56,143,0.483,LOW
2026-09-15 21:02:00,M001,NORMAL,25.06,49.05,0.71,142,0.477,LOW
2026-09-15 21:03:00,M001,NORMAL,25.33,48.14,0.51,138,0.474,LOW
2026-09-15 21:04:00,M001,NORMAL,25.07,48.74,0.48,127,0.464,LOW
2026-09-15 21:05:00,M001,NORMAL,24.93,48.34,0.5,141,0.469,LOW
2026-09-15 21:06:00,M001,NORMAL,24.95,49.29,0.43,132,0.461,LOW
2026-09-15 21:07:00,M001,NORMAL,24.99,48.73,0.52,141,0.487,LOW
2026-09-15 21:08:00,M001,NORMAL,25.07,48.75,0.42,139,0.482,LOW
2026-09-15 21:09:00,M001,NORMAL,25.09,48.67,0.38,118,0.472,LOW
2026-09-15 21:10:00,M001,NORMAL,25.02,48.59,0.48,125,0.489,LOW
2026-09-15 21:11:00,M001,NORMAL,25.03,48.58,0.54,137,0.471,LOW
2026-09-15 21:12:00,M001,NORMAL,25.05,48.32,0.52,144,0.444,LOW
2026-09-15 21:13:00,M001,NORMAL,24.85,48.78,0.46,120,0.448,LOW
2026-09-15 21:14:00,M001,NORMAL,25.04,48.3,0.57,122,0.474,LOW
2026-09-15 21:15:00,M001,NORMAL,25.1,47.44,0.36,124,0.445,LOW
2026-09-15 21:16:00,M001,NORMAL,24.83,47.69,0.41,114,0.431,LOW
2026-09-15 21:17:00,M001,NORMAL,24.91,47.94,0.48,125,0.459,LOW
2026-09-15 21:18:00,M001,NORMAL,24.94,47.46,0.38,122,0.465,LOW
2026-09-15 21:19:00,M001,NORMAL,24.91,47.69,0.39,121,0.427,LOW
2026-09-15 21:20:00,M001,NORMAL,24.92,48.02,0.46,126,0.462,LOW
2026-09-15 21:21:00,M001,NORMAL,24.57,47.75,0.3,109,0.441,LOW
2026-09-15 21:22:00,M001,NORMAL,24.92,47.74,0.4,132,0.445,LOW
2026-09-15 21:23:00,M001,NORMAL,24.65,47.0,0.32,117,0.413,LOW
2026-09-15 21:24:00,M001,NORMAL,24.81,47.63,0.33,116,0.447,LOW
2026-09-15 21:25:00,M001,NORMAL,24.66,47.75,0.32,119,0.462,LOW
2026-09-15 21:26:00,M001,NORMAL,24.76,46.91,0.37,115,0.42,LOW
2026-09-15 21:27:00,M001,NORMAL,24.56,47.22,0.42,120,0.454,LOW
2026-09-15 21:28:00,M001,NORMAL,24.69,48.12,0.3,116,0.427,LOW
2026-09-15 21:29:00,M001,NORMAL,24.87,47.31,0.28,114,0.411,LOW
2026-09-15 21:30:00,M001,NORMAL,24.57,47.63,0.35,119,0.414,LOW
2026-09-15 21:31:00,M001,NORMAL,24.82,47.16,0.22,104,0.403,LOW
2026-09-15 21:32:00,M001,NORMAL,24.48,47.4,0.37,116,0.414,LOW
2026-09-15 21:33:00,M001,NORMAL,24.71,46.58,0.31,109,0.416,LOW
2026-09-15 21:34:00,M001,NORMAL,24.65,47.13,0.37,112,0.442,LOW
2026-09-15 21:35:00,M001,NORMAL,24.58,47.37,0.35,112,0.426,LOW
2026-09-15 21:36:00,M001,NORMAL,24.37,47.86,0.27,103,0.418,LOW
2026-09-15 21:37:00,M001,NORMAL,24.46,47.77,0.29,103,0.408,LOW
2026-09-15 21:38:00,M001,NORMAL,24.67,47.61,0.34,102,0.445,LOW
2026-09-15 21:39:00,M001,NORMAL,24.65,46.75,0.32,110,0.426,LOW
2026-09-15 21:40:00,M001,NORMAL,24.61,47.04,0.45,132,0.424,LOW
2026-09-15 21:41:00,M001,NORMAL,24.49,46.6,0.38,95,0.417,LOW
2026-09-15 21:42:00,M001,NORMAL,24.65,47.08,0.29,124,0.434,LOW
2026-09-15 21:43:00,M001,NORMAL,24.54,47.32,0.31,104,0.413,LOW
2026-09-15 21:44:00,M001,NORMAL,24.74,46.78,0.32,117,0.425,LOW
2026-09-15 21:45:00,M001,NORMAL,24.63,46.73,0.47,115,0.379,LOW
2026-09-15 21:46:00,M001,NORMAL,24.76,46.49,0.23,102,0.442,LOW
2026-09-15 21:47:00,M001,NORMAL,24.57,47.09,0.21,117,0.416,LOW
2026-09-15 21:48:00,M001,NORMAL,24.45,47.14,0.35,109,0.443,LOW
2026-09-15 21:49:00,M001,NORMAL,24.68,47.62,0.32,109,0.436,LOW
2026-09-15 21:50:00,M001,NORMAL,24.75,46.9,0.45,109,0.421,LOW
2026-09-15 21:51:00,M001,NORMAL,24.67,46.71,0.22,126,0.44,LOW
2026-09-15 21:52:00,M001,NORMAL,24.51,47.12,0.37,105,0.447,LOW
2026-09-15 21:53:00,M001,NORMAL,24.57,47.48,0.29,113,0.45,LOW
2026-09-15 21:54:00,M001,NORMAL,24.69,46.91,0.35,116,0.416,LOW
2026-09-15 21:55:00,M001,NORMAL,24.59,47.83,0.43,104,0.401,LOW
2026-09-15 21:56:00,M001,NORMAL,24.49,46.71,0.32,110,0.401,LOW
2026-09-15 21:57:00,M001,NORMAL,24.67,46.02,0.35,124,0.405,LOW
2026-09-15 21:58:00,M001,NORMAL,24.32,47.28,0.39,108,0.432,LOW
2026-09-15 21:59:00,M001,NORMAL,24.83,47.92,0.39,101,0.432,LOW
2026-09-15 22:00:00,M001,NORMAL,24.56,47.28,0.34,107,0.457,LOW
2026-09-15 22:01:00,M001,NORMAL,24.67,46.73,0.38,118,0.432,LOW
2026-09-15 22:02:00,M001,NORMAL,24.62,47.19,0.32,109,0.42,LOW
2026-09-15 22:03:00,M001,NORMAL,24.69,46.86,0.38,107,0.449,LOW
2026-09-15 22:04:00,M001,NORMAL,24.78,48.05,0.28,126,0.434,LOW
2026-09-15 22:05:00,M001,NORMAL,24.82,47.85,0.44,115,0.445,LOW
2026-09-15 22:06:00,M001,NORMAL,24.75,47.83,0.32,119,0.466,LOW
2026-09-15 22:07:00,M001,NORMAL,25.02,48.02,0.48,121,0.459,LOW
2026-09-15 22:08:00,M001,NORMAL,25.03,47.62,0.29,116,0.446,LOW
2026-09-15 22:09:00,M001,NORMAL,24.71,47.22,0.36,107,0.46,LOW
2026-09-15 22:10:00,M001,NORMAL,25.03,48.02,0.31,120,0.431,LOW
2026-09-15 22:11:00,M001,NORMAL,24.88,47.48,0.47,125,0.443,LOW
2026-09-15 22:12:00,M001,NORMAL,24.92,47.89,0.53,104,0.458,LOW
2026-09-15 22:13:00,M001,NORMAL,25.03,47.78,0.39,123,0.436,LOW
2026-09-15 22:14:00,M001,NORMAL,24.83,47.58,0.42,104,0.444,LOW
2026-09-15 22:15:00,M001,NORMAL,24.98,47.91,0.41,130,0.485,LOW
2026-09-15 22:16:00,M001,NORMAL,24.85,48.61,0.33,117,0.469,LOW
2026-09-15 22:17:00,M001,NORMAL,24.99,48.24,0.51,123,0.475,LOW
2026-09-15 22:18:00,M001,NORMAL,24.92,48.01,0.33,131,0.449,LOW
2026-09-15 22:19:00,M001,NORMAL,25.12,48.74,0.45,127,0.47,LOW
2026-09-15 22:20:00,M001,NORMAL,25.0,47.82,0.57,123,0.478,LOW
2026-09-15 22:21:00,M001,NORMAL,25.08,48.59,0.5,136,0.456,LOW
2026-09-15 22:22:00,M001,NORMAL,25.18,48.62,0.49,126,0.473,LOW
2026-09-15 22:23:00,M001,NORMAL,25.16,48.16,0.39,128,0.489,LOW
2026-09-15 22:24:00,M001,NORMAL,25.08,49.25,0.59,144,0.505,LOW
2026-09-15 22:25:00,M001,NORMAL,25.17,49.01,0.47,110,0.489,LOW
2026-09-15 22:26:00,M001,NORMAL,25.07,48.78,0.36,142,0.482,LOW
2026-09-15 22:27:00,M001,NORMAL,25.11,48.48,0.48,128,0.471,LOW
2026-09-15 22:28:00,M001,NORMAL,25.04,48.94,0.52,144,0.46,LOW
2026-09-15 22:29:00,M001,NORMAL,25.18,48.74,0.57,137,0.508,LOW
2026-09-15 22:30:00,M001,NORMAL,25.48,49.18,0.6,132,0.494,LOW
2026-09-15 22:31:00,M001,NORMAL,25.28,50.12,0.49,139,0.5,LOW
2026-09-15 22:32:00,M001,NORMAL,25.21,49.49,0.58,142,0.49,LOW
2026-09-15 22:33:00,M001,NORMAL,25.42,49.06,0.56,149,0.53,LOW
2026-09-15 22:34:00,M001,NORMAL,25.27,49.77,0.59,152,0.51,LOW
2026-09-15 22:35:00,M001,NORMAL,25.58,50.22,0.54,142,0.498,LOW
2026-09-15 22:36:00,M001,NORMAL,25.4,48.96,0.51,154,0.52,LOW
2026-09-15 22:37:00,M001,NORMAL,25.52,49.41,0.56,145,0.541,LOW
2026-09-15 22:38:00,M001,NORMAL,25.47,49.93,0.71,151,0.523,LOW
2026-09-15 22:39:00,M001,NORMAL,25.53,49.87,0.75,148,0.51,LOW
2026-09-15 22:40:00,M001,NORMAL,25.59,50.41,0.62,157,0.545,LOW
2026-09-15 22:41:00,M001,NORMAL,25.13,49.43,0.69,144,0.559,LOW
2026-09-15 22:42:00,M001,NORMAL,25.6,50.16,0.68,150,0.521,LOW
2026-09-15 22:43:00,M001,NORMAL,25.6,50.69,0.58,156,0.527,LOW
2026-09-15 22:44:00,M001,NORMAL,25.62,50.07,0.7,146,0.538,LOW
2026-09-15 22:45:00,M001,NORMAL,25.61,49.79,0.73,133,0.534,LOW
2026-09-15 22:46:00,M001,NORMAL,25.48,50.64,0.69,164,0.54,LOW
2026-09-15 22:47:00,M001,NORMAL,25.66,51.07,0.69,159,0.572,LOW
2026-09-15 22:48:00,M001,NORMAL,25.79,51.5,0.76,155,0.569,LOW
2026-09-15 22:49:00,M001,NORMAL,25.85,50.68,0.77,160,0.561,LOW
2026-09-15 22:50:00,M001,NORMAL,25.77,50.82,0.86,166,0.532,LOW
2026-09-15 22:51:00,M001,NORMAL,25.81,50.84,0.78,165,0.565,LOW
2026-09-15 22:52:00,M001,NORMAL,25.61,50.41,0.86,164,0.585,LOW
2026-09-15 22:53:00,M001,NORMAL,25.9,50.9,0.66,170,0.573,LOW
2026-09-15 22:54:00,M001,NORMAL,26.07,51.12,0.79,152,0.556,LOW
2026-09-15 22:55:00,M001,NORMAL,25.91,51.13,0.73,180,0.598,LOW
2026-09-15 22:56:00,M001,NORMAL,25.78,51.39,0.77,181,0.576,LOW
2026-09-15 22:57:00,M001,NORMAL,26.0,51.05,0.89,167,0.608,LOW
2026-09-15 22:58:00,M001,NORMAL,26.08,51.24,0.85,173,0.574,LOW
2026-09-15 22:59:00,M001,NORMAL,26.06,51.57,0.83,167,0.567,LOW
2026-09-15 23:00:00,M001,NORMAL,26.0,51.72,0.9,162,0.585,LOW
2026-09-15 23:01:00,M001,NORMAL,26.21,51.45,0.77,166,0.599,LOW
2026-09-15 23:02:00,M001,NORMAL,25.88,51.8,0.8,170,0.582,LOW
2026-09-15 23:03:00,M001,NORMAL,26.01,51.71,0.85,178,0.582,LOW
2026-09-15 23:04:00,M001,NORMAL,26.13,51.73,0.83,177,0.562,LOW
2026-09-15 23:05:00,M001,NORMAL,26.0,51.72,0.8,176,0.582,LOW
2026-09-15 23:06:00,M001,NORMAL,26.01,52.46,1.01,187,0.602,LOW
2026-09-15 23:07:00,M001,NORMAL,26.27,52.24,0.87,181,0.593,LOW
2026-09-15 23:08:00,M001,NORMAL,25.89,51.84,0.83,184,0.593,LOW
2026-09-15 23:09:00,M001,NORMAL,25.95,52.22,0.91,188,0.609,LOW
2026-09-15 23:10:00,M001,NORMAL,26.47,51.94,0.99,190,0.594,LOW
2026-09-15 23:11:00,M001,NORMAL,26.19,52.04,0.9,179,0.599,LOW
2026-09-15 23:12:00,M001,NORMAL,26.22,51.98,0.99,191,0.597,LOW
2026-09-15 23:13:00,M001,NORMAL,26.34,52.02,0.8,187,0.62,LOW
2026-09-15 23:14:00,M001,NORMAL,26.16,52.7,1.05,210,0.597,LOW
2026-09-15 23:15:00,M001,NORMAL,26.3,52.05,1.12,182,0.629,LOW
2026-09-15 23:16:00,M001,NORMAL,26.29,52.16,0.92,175,0.604,LOW
2026-09-15 23:17:00,M001,NORMAL,26.26,52.72,0.79,186,0.662,LOW
2026-09-15 23:18:00,M001,NORMAL,26.19,52.8,0.92,164,0.601,LOW
2026-09-15 23:19:00,M001,NORMAL,26.23,53.04,0.95,186,0.631,LOW
2026-09-15 23:20:00,M001,NORMAL,26.34,52.68,1.0,177,0.617,LOW
2026-09-15 23:21:00,M001,NORMAL,26.48,51.92,0.9,190,0.626,LOW
2026-09-15 23:22:00,M001,NORMAL,26.3,52.98,0.9,198,0.627,LOW
2026-09-15 23:23:00,M001,NORMAL,26.57,53.17,1.0,202,0.61,LOW
2026-09-15 23:24:00,M001,NORMAL,26.32,52.16,1.02,204,0.617,LOW
2026-09-15 23:25:00,M001,NORMAL,26.22,53.34,0.92,186,0.653,LOW
2026-09-15 23:26:00,M001,NORMAL,26.33,52.83,1.08,196,0.608,LOW
2026-09-15 23:27:00,M001,NORMAL,26.56,52.23,1.04,195,0.618,LOW
2026-09-15 23:28:00,M001,NORMAL,26.29,52.5,1.09,192,0.617,LOW
2026-09-15 23:29:00,M001,NORMAL,26.46,53.44,1.0,197,0.645,LOW
2026-09-15 23:30:00,M001,NORMAL,26.4,53.1,0.97,183,0.607,LOW
2026-09-15 23:31:00,M001,NORMAL,26.45,52.7,0.98,190,0.646,LOW
2026-09-15 23:32:00,M001,NORMAL,26.43,53.11,0.96,191,0.624,LOW
2026-09-15 23:33:00,M001,NORMAL,26.43,52.31,0.98,195,0.637,LOW
2026-09-15 23:34:00,M001,NORMAL,26.27,52.83,0.95,187,0.609,LOW
2026-09-15 23:35:00,M001,NORMAL,26.27,53.0,1.01,193,0.615,LOW
2026-09-15 23:36:00,M001,NORMAL,26.45,52.92,0.95,184,0.621,LOW
2026-09-15 23:37:00,M001,NORMAL,26.48,52.92,0.97,183,0.679,LOW
2026-09-15 23:38:00,M001,NORMAL,26.12,52.17,0.94,193,0.661,LOW
2026-09-15 23:39:00,M001,NORMAL,26.45,53.1,1.04,192,0.595,LOW
2026-09-15 23:40:00,M001,NORMAL,26.42,53.05,1.12,185,0.651,LOW
2026-09-15 23:41:00,M001,NORMAL,26.22,53.56,0.98,198,0.641,LOW
2026-09-15 23:42:00,M001,NORMAL,26.46,52.97,0.93,190,0.614,LOW
2026-09-15 23:43:00,M001,NORMAL,26.36,52.27,0.98,199,0.648,LOW
2026-09-15 23:44:00,M001,NORMAL,26.53,52.95,0.96,188,0.633,LOW
2026-09-15 23:45:00,M001,NORMAL,26.45,53.0,0.88,202,0.634,LOW
2026-09-15 23:46:00,M001,NORMAL,26.47,52.86,0.95,206,0.606,LOW
2026-09-15 23:47:00,M001,NORMAL,26.14,53.61,0.98,186,0.613,LOW
2026-09-15 23:48:00,M001,NORMAL,26.09,53.53,1.0,193,0.637,LOW
2026-09-15 23:49:00,M001,NORMAL,26.22,52.93,1.02,170,0.632,LOW
2026-09-15 23:50:00,M001,NORMAL,26.4,52.76,0.89,187,0.612,LOW
2026-09-15 23:51:00,M001,NORMAL,26.35,52.46,0.99,183,0.61,LOW
2026-09-15 23:52:00,M001,NORMAL,26.43,52.57,0.98,176,0.644,LOW
2026-09-15 23:53:00,M001,NORMAL,26.1,52.63,0.92,180,0.611,LOW
2026-09-15 23:54:00,M001,NORMAL,26.41,53.25,0.92,183,0.581,LOW
2026-09-15 23:55:00,M001,NORMAL,26.46,52.08,0.87,186,0.626,LOW
2026-09-15 23:56:00,M001,NORMAL,26.42,53.33,0.97,180,0.6,LOW
2026-09-15 23:57:00,M001,NORMAL,26.2,52.73,0.98,189,0.576,LOW
2026-09-15 23:58:00,M001,NORMAL,26.14,52.94,0.87,182,0.655,LOW
2026-09-15 23:59:00,M001,NORMAL,26.18,52.87,1.02,189,0.598,LOW
2026-09-16 00:00:00,M001,NORMAL,25.9,51.9,0.94,186,0.624,LOW
2026-09-16 00:01:00,M001,NORMAL,26.02,52.27,0.76,173,0.611,LOW
2026-09-16 00:02:00,M001,NORMAL,25.88,52.45,1.0,168,0.595,LOW
2026-09-16 00:03:00,M001,NORMAL,26.33,52.27,0.9,180,0.573,LOW
2026-09-16 00:04:00,M001,NORMAL,26.08,52.52,0.88,184,0.589,LOW
2026-09-16 00:05:00,M001,NORMAL,25.98,51.77,0.79,166,0.593,LOW
2026-09-16 00:06:00,M001,NORMAL,26.03,51.5,0.9,168,0.598,LOW
2026-09-16 00:07:00,M001,NORMAL,26.1,52.47,0.87,182,0.589,LOW
2026-09-16 00:08:00,M001,NORMAL,25.85,52.08,0.95,173,0.622,LOW
2026-09-16 00:09:00,M001,NORMAL,26.11,52.47,0.82,166,0.584,LOW
2026-09-16 00:10:00,M001,NORMAL,25.89,51.67,0.81,174,0.579,LOW
2026-09-16 00:11:00,M001,NORMAL,25.84,51.31,0.9,171,0.555,LOW
2026-09-16 00:12:00,M001,NORMAL,25.69,51.32,0.83,160,0.544,LOW
2026-09-16 00:13:00,M001,NORMAL,25.98,52.65,0.86,161,0.571,LOW
2026-09-16 00:14:00,M001,NORMAL,25.87,50.78,0.7,167,0.584,LOW
2026-09-16 00:15:00,M001,NORMAL,25.9,50.94,0.82,171,0.55,LOW
2026-09-16 00:16:00,M001,NORMAL,25.69,51.39,0.85,169,0.585,LOW
2026-09-16 00:17:00,M001,NORMAL,25.99,50.45,0.8,176,0.582,LOW
2026-09-16 00:18:00,M001,NORMAL,25.96,50.74,0.8,170,0.549,LOW
2026-09-16 00:19:00,M001,NORMAL,25.79,50.36,0.69,165,0.575,LOW
2026-09-16 00:20:00,M001,NORMAL,25.74,51.43,0.84,153,0.552,LOW
2026-09-16 00:21:00,M001,NORMAL,25.66,51.06,0.78,154,0.567,LOW
2026-09-16 00:22:00,M001,NORMAL,25.54,51.12,0.56,158,0.535,LOW
2026-09-16 00:23:00,M001,NORMAL,25.75,50.66,0.57,147,0.534,LOW
2026-09-16 00:24:00,M001,NORMAL,25.79,51.13,0.75,169,0.529,LOW
2026-09-16 00:25:00,M001,NORMAL,25.67,50.44,0.62,153,0.533,LOW
2026-09-16 00:26:00,M001,NORMAL,25.65,50.51,0.65,150,0.503,LOW
2026-09-16 00:27:00,M001,NORMAL,25.63,50.18,0.67,158,0.524,LOW
2026-09-16 00:28:00,M001,NORMAL,25.43,49.9,0.64,154,0.519,LOW
2026-09-16 00:29:00,M001,NORMAL,25.46,49.52,0.63,136,0.515,LOW
2026-09-16 00:30:00,M001,NORMAL,25.55,50.03,0.64,148,0.54,LOW
2026-09-16 00:31:00,M001,NORMAL,25.32,50.06,0.59,151,0.518,LOW
2026-09-16 00:32:00,M001,NORMAL,25.37,49.92,0.58,137,0.509,LOW
2026-09-16 00:33:00,M001,NORMAL,25.26,49.77,0.58,135,0.521,LOW
2026-09-16 00:34:00,M001,NORMAL,25.44,49.55,0.59,152,0.507,LOW
2026-09-16 00:35:00,M001,NORMAL,25.39,49.09,0.64,142,0.518,LOW
2026-09-16 00:36:00,M001,NORMAL,25.3,49.15,0.51,141,0.498,LOW
2026-09-16 00:37:00,M001,NORMAL,25.16,49.87,0.65,124,0.466,LOW
2026-09-16 00:38:00,M001,NORMAL,25.1,49.35,0.75,130,0.494,LOW
2026-09-16 00:39:00,M001,NORMAL,25.42,49.01,0.64,147,0.497,LOW
2026-09-16 00:40:00,M002,HIGH_HUMIDITY,26.14,80.6,0.74,198,0.414,HIGH
2026-09-16 00:41:00,M002,HIGH_HUMIDITY,26.04,79.36,0.78,202,0.428,HIGH
2026-09-16 00:42:00,M002,HIGH_HUMIDITY,26.29,80.41,0.98,219,0.451,HIGH
2026-09-16 00:43:00,M002,HIGH_HUMIDITY,25.54,79.92,0.92,189,0.425,HIGH
2026-09-16 00:44:00,M002,HIGH_HUMIDITY,26.24,80.58,0.87,228,0.43,HIGH
2026-09-16 00:45:00,M002,HIGH_HUMIDITY,26.35,80.65,0.91,204,0.425,HIGH
2026-09-16 00:46:00,M002,HIGH_HUMIDITY,26.17,79.94,0.96,212,0.435,HIGH
2026-09-16 00:47:00,M002,HIGH_HUMIDITY,26.37,80.29,0.77,217,0.422,HIGH
2026-09-16 00:48:00,M002,HIGH_HUMIDITY,26.05,81.19,1.01,204,0.433,HIGH
2026-09-16 00:49:00,M002,HIGH_HUMIDITY,26.55,80.32,1.02,220,0.439,HIGH
2026-09-16 00:50:00,M002,HIGH_HUMIDITY,26.32,80.8,0.91,215,0.442,HIGH
2026-09-16 00:51:00,M002,HIGH_HUMIDITY,26.11,81.94,0.92,228,0.455,HIGH
2026-09-16 00:52:00,M002,HIGH_HUMIDITY,26.85,81.97,0.88,204,0.445,HIGH
2026-09-16 00:53:00,M002,HIGH_HUMIDITY,26.37,80.68,0.9,222,0.436,HIGH
2026-09-16 00:54:00,M002,HIGH_HUMIDITY,26.45,82.02,0.92,231,0.467,HIGH
2026-09-16 00:55:00,M002,HIGH_HUMIDITY,26.67,82.42,1.0,223,0.477,HIGH
2026-09-16 00:56:00,M002,HIGH_HUMIDITY,26.59,81.04,1.09,220,0.491,HIGH
2026-09-16 00:57:00,M002,HIGH_HUMIDITY,26.59,81.83,1.03,245,0.461,HIGH
2026-09-16 00:58:00,M002,HIGH_HUMIDITY,26.32,82.2,1.14,249,0.495,HIGH
2026-09-16 00:59:00,M002,HIGH_HUMIDITY,26.28,82.33,1.01,229,0.46,HIGH
2026-09-16 01:00:00,M002,HIGH_HUMIDITY,26.6,81.84,1.24,233,0.473,HIGH
2026-09-16 01:01:00,M002,HIGH_HUMIDITY,26.48,83.32,1.12,248,0.49,HIGH
2026-09-16 01:02:00,M002,HIGH_HUMIDITY,26.63,82.36,1.02,230,0.499,HIGH
2026-09-16 01:03:00,M002,HIGH_HUMIDITY,26.64,83.11,1.15,231,0.506,HIGH
2026-09-16 01:04:00,M002,HIGH_HUMIDITY,26.83,83.28,1.09,240,0.476,HIGH
2026-09-16 01:05:00,M002,HIGH_HUMIDITY,26.65,83.3,1.18,237,0.503,HIGH
2026-09-16 01:06:00,M002,HIGH_HUMIDITY,26.77,82.75,1.11,245,0.484,HIGH
2026-09-16 01:07:00,M002,HIGH_HUMIDITY,26.74,83.03,1.14,224,0.503,HIGH
2026-09-16 01:08:00,M002,HIGH_HUMIDITY,26.9,83.57,1.09,246,0.481,HIGH
2026-09-16 01:09:00,M002,HIGH_HUMIDITY,26.76,84.05,1.03,236,0.492,HIGH
2026-09-16 01:10:00,M002,HIGH_HUMIDITY,27.01,82.71,1.1,232,0.533,HIGH
2026-09-16 01:11:00,M002,HIGH_HUMIDITY,26.89,83.38,1.16,257,0.47,HIGH
2026-09-16 01:12:00,M002,HIGH_HUMIDITY,26.78,83.94,1.11,230,0.496,HIGH
2026-09-16 01:13:00,M002,HIGH_HUMIDITY,27.0,84.09,1.32,229,0.484,HIGH
2026-09-16 01:14:00,M002,HIGH_HUMIDITY,26.8,84.59,1.1,231,0.526,HIGH
2026-09-16 01:15:00,M002,HIGH_HUMIDITY,26.89,84.75,1.19,243,0.529,HIGH
2026-09-16 01:16:00,M002,HIGH_HUMIDITY,27.16,85.07,1.15,248,0.541,HIGH
2026-09-16 01:17:00,M002,HIGH_HUMIDITY,27.22,84.35,1.12,240,0.491,HIGH
2026-09-16 01:18:00,M002,HIGH_HUMIDITY,26.9,84.11,1.1,262,0.473,HIGH
2026-09-16 01:19:00,M002,HIGH_HUMIDITY,26.95,83.87,1.25,260,0.498,HIGH
2026-09-16 01:20:00,M002,HIGH_HUMIDITY,27.13,83.7,1.23,240,0.523,HIGH
2026-09-16 01:21:00,M002,HIGH_HUMIDITY,27.34,85.73,1.29,243,0.513,HIGH
2026-09-16 01:22:00,M002,HIGH_HUMIDITY,26.97,84.08,1.08,248,0.542,HIGH
2026-09-16 01:23:00,M002,HIGH_HUMIDITY,27.49,84.8,1.23,265,0.496,HIGH
2026-09-16 01:24:00,M002,HIGH_HUMIDITY,27.01,85.08,1.2,253,0.54,HIGH
2026-09-16 01:25:00,M002,HIGH_HUMIDITY,26.85,85.35,1.16,264,0.526,HIGH
2026-09-16 01:26:00,M002,HIGH_HUMIDITY,27.28,85.28,1.15,268,0.535,HIGH
2026-09-16 01:27:00,M002,HIGH_HUMIDITY,27.4,84.34,1.32,267,0.52,HIGH
2026-09-16 01:28:00,M002,HIGH_HUMIDITY,27.34,84.47,1.3,258,0.53,HIGH
2026-09-16 01:29:00,M002,HIGH_HUMIDITY,27.19,85.38,1.23,266,0.539,HIGH
2026-09-16 01:30:00,M002,HIGH_HUMIDITY,27.05,85.34,1.35,266,0.536,HIGH
2026-09-16 01:31:00,M002,HIGH_HUMIDITY,27.06,85.59,1.12,261,0.556,HIGH
2026-09-16 01:32:00,M002,HIGH_HUMIDITY,27.09,85.13,1.18,268,0.505,HIGH
2026-09-16 01:33:00,M002,HIGH_HUMIDITY,27.13,84.38,1.25,239,0.556,HIGH
2026-09-16 01:34:00,M002,HIGH_HUMIDITY,27.25,84.49,1.36,260,0.534,HIGH
2026-09-16 01:35:00,M002,HIGH_HUMIDITY,27.25,85.82,1.25,247,0.532,HIGH
2026-09-16 01:36:00,M002,HIGH_HUMIDITY,27.27,84.78,1.19,250,0.5,HIGH
2026-09-16 01:37:00,M002,HIGH_HUMIDITY,27.27,84.26,1.19,266,0.549,HIGH
2026-09-16 01:38:00,M002,HIGH_HUMIDITY,27.03,84.56,1.21,266,0.511,HIGH
2026-09-16 01:39:00,M002,HIGH_HUMIDITY,27.06,85.04,1.19,247,0.529,HIGH
2026-09-16 01:40:00,M002,HIGH_HUMIDITY,27.04,84.58,1.34,257,0.527,HIGH
2026-09-16 01:41:00,M002,HIGH_HUMIDITY,27.11,83.76,1.25,271,0.551,HIGH
2026-09-16 01:42:00,M002,HIGH_HUMIDITY,27.63,84.51,1.25,246,0.56,HIGH
2026-09-16 01:43:00,M002,HIGH_HUMIDITY,27.33,85.29,1.28,257,0.483,HIGH
2026-09-16 01:44:00,M002,HIGH_HUMIDITY,27.36,85.07,1.25,248,0.542,HIGH
2026-09-16 01:45:00,M002,HIGH_HUMIDITY,27.2,84.73,1.14,244,0.524,HIGH
2026-09-16 01:46:00,M002,HIGH_HUMIDITY,27.12,83.9,1.36,252,0.524,HIGH
2026-09-16 01:47:00,M002,HIGH_HUMIDITY,27.17,85.46,1.16,254,0.502,HIGH
2026-09-16 01:48:00,M002,HIGH_HUMIDITY,27.29,84.74,1.23,259,0.555,HIGH
2026-09-16 01:49:00,M002,HIGH_HUMIDITY,27.09,84.05,1.16,268,0.532,HIGH
2026-09-16 01:50:00,M002,HIGH_HUMIDITY,27.17,83.95,1.25,262,0.522,HIGH
2026-09-16 01:51:00,M002,HIGH_HUMIDITY,27.06,84.61,1.23,248,0.514,HIGH
2026-09-16 01:52:00,M002,HIGH_HUMIDITY,26.79,84.63,1.19,272,0.487,HIGH
2026-09-16 01:53:00,M002,HIGH_HUMIDITY,27.07,84.56,1.13,258,0.521,HIGH
2026-09-16 01:54:00,M002,HIGH_HUMIDITY,27.11,83.96,0.94,252,0.517,HIGH
2026-09-16 01:55:00,M002,HIGH_HUMIDITY,26.89,83.19,1.22,255,0.541,HIGH
2026-09-16 01:56:00,M002,HIGH_HUMIDITY,26.86,84.72,1.17,244,0.52,HIGH
2026-09-16 01:57:00,M002,HIGH_HUMIDITY,27.11,83.54,1.29,249,0.488,HIGH
2026-09-16 01:58:00,M002,HIGH_HUMIDITY,26.77,84.48,1.12,249,0.51,HIGH
2026-09-16 01:59:00,M002,HIGH_HUMIDITY,26.91,84.34,1.11,233,0.466,HIGH
2026-09-16 02:00:00,M002,HIGH_HUMIDITY,26.89,83.46,1.24,237,0.522,HIGH
2026-09-16 02:01:00,M002,HIGH_HUMIDITY,26.84,84.63,1.06,239,0.514,HIGH
2026-09-16 02:02:00,M002,HIGH_HUMIDITY,27.05,83.98,1.03,256,0.5,HIGH
2026-09-16 02:03:00,M002,HIGH_HUMIDITY,26.58,82.98,1.09,232,0.521,HIGH
2026-09-16 02:04:00,M002,HIGH_HUMIDITY,26.9,83.97,1.04,220,0.504,HIGH
2026-09-16 02:05:00,M002,HIGH_HUMIDITY,26.79,83.69,1.16,241,0.508,HIGH
2026-09-16 02:06:00,M002,HIGH_HUMIDITY,26.77,83.17,1.25,253,0.473,HIGH
2026-09-16 02:07:00,M002,HIGH_HUMIDITY,26.48,83.8,1.05,235,0.48,HIGH
2026-09-16 02:08:00,M002,HIGH_HUMIDITY,26.76,82.55,0.99,214,0.445,HIGH
2026-09-16 02:09:00,M002,HIGH_HUMIDITY,26.51,83.49,1.0,234,0.504,HIGH
2026-09-16 02:10:00,M002,HIGH_HUMIDITY,26.86,82.23,1.12,228,0.448,HIGH
2026-09-16 02:11:00,M002,HIGH_HUMIDITY,26.77,82.54,0.98,233,0.485,HIGH
2026-09-16 02:12:00,M002,HIGH_HUMIDITY,26.62,81.74,1.03,233,0.49,HIGH
2026-09-16 02:13:00,M002,HIGH_HUMIDITY,26.52,81.54,1.06,243,0.463,HIGH
2026-09-16 02:14:00,M002,HIGH_HUMIDITY,26.61,82.78,1.1,243,0.476,HIGH
2026-09-16 02:15:00,M002,HIGH_HUMIDITY,26.72,82.85,0.95,229,0.473,HIGH
2026-09-16 02:16:00,M002,HIGH_HUMIDITY,26.36,81.65,0.84,232,0.481,HIGH
2026-09-16 02:17:00,M002,HIGH_HUMIDITY,26.62,82.6,0.94,220,0.49,HIGH
2026-09-16 02:18:00,M002,HIGH_HUMIDITY,26.57,81.14,0.8,217,0.441,HIGH
2026-09-16 02:19:00,M002,HIGH_HUMIDITY,26.38,82.1,0.86,222,0.436,HIGH
2026-09-16 02:20:00,M002,HIGH_HUMIDITY,26.73,81.38,1.0,204,0.417,HIGH
2026-09-16 02:21:00,M002,HIGH_HUMIDITY,26.15,80.6,1.04,201,0.466,HIGH
2026-09-16 02:22:00,M002,HIGH_HUMIDITY,26.34,81.01,0.74,207,0.466,HIGH
2026-09-16 02:23:00,M002,HIGH_HUMIDITY,26.32,81.04,0.81,213,0.45,HIGH
2026-09-16 02:24:00,M002,HIGH_HUMIDITY,26.13,81.09,0.86,186,0.432,HIGH
2026-09-16 02:25:00,M002,HIGH_HUMIDITY,26.06,81.46,0.96,208,0.43,HIGH
2026-09-16 02:26:00,M002,HIGH_HUMIDITY,26.22,81.5,0.82,199,0.457,HIGH
2026-09-16 02:27:00,M002,HIGH_HUMIDITY,26.18,80.12,0.97,212,0.417,HIGH
2026-09-16 02:28:00,M002,HIGH_HUMIDITY,26.11,80.26,1.0,211,0.439,HIGH
2026-09-16 02:29:00,M002,HIGH_HUMIDITY,26.05,80.46,0.75,184,0.435,HIGH
2026-09-16 02:30:00,M002,HIGH_HUMIDITY,26.06,79.74,0.69,187,0.434,HIGH
2026-09-16 02:31:00,M002,HIGH_HUMIDITY,25.98,79.45,0.77,201,0.419,HIGH
2026-09-16 02:32:00,M002,HIGH_HUMIDITY,25.9,79.4,0.84,200,0.408,HIGH
2026-09-16 02:33:00,M002,HIGH_HUMIDITY,26.16,79.21,0.83,176,0.398,HIGH
2026-09-16 02:34:00,M002,HIGH_HUMIDITY,26.01,79.91,0.82,185,0.419,HIGH
2026-09-16 02:35:00,M002,HIGH_HUMIDITY,25.67,80.0,0.59,187,0.396,HIGH
2026-09-16 02:36:00,M002,HIGH_HUMIDITY,26.0,79.05,0.88,207,0.415,HIGH
2026-09-16 02:37:00,M002,HIGH_HUMIDITY,25.5,78.56,0.73,193,0.411,HIGH
2026-09-16 02:38:00,M002,HIGH_HUMIDITY,25.51,79.41,0.68,182,0.406,HIGH
2026-09-16 02:39:00,M002,HIGH_HUMIDITY,25.67,79.78,0.84,169,0.378,HIGH
2026-09-16 02:40:00,M002,HIGH_HUMIDITY,25.84,78.71,0.79,183,0.417,HIGH
2026-09-16 02:41:00,M002,HIGH_HUMIDITY,25.75,79.01,0.68,189,0.364,HIGH
2026-09-16 02:42:00,M002,HIGH_HUMIDITY,25.56,77.97,0.66,169,0.354,HIGH
2026-09-16 02:43:00,M002,HIGH_HUMIDITY,25.76,78.12,0.69,184,0.405,HIGH
2026-09-16 02:44:00,M002,HIGH_HUMIDITY,25.75,77.85,0.71,166,0.397,HIGH
2026-09-16 02:45:00,M002,HIGH_HUMIDITY,25.5,78.58,0.75,184,0.391,HIGH
2026-09-16 02:46:00,M002,HIGH_HUMIDITY,25.48,77.08,0.7,194,0.371,HIGH
2026-09-16 02:47:00,M002,HIGH_HUMIDITY,25.33,78.15,0.8,159,0.334,HIGH
2026-09-16 02:48:00,M002,HIGH_HUMIDITY,25.31,77.7,0.65,167,0.364,HIGH
2026-09-16 02:49:00,M002,HIGH_HUMIDITY,25.28,76.99,0.68,176,0.343,HIGH
2026-09-16 02:50:00,M002,HIGH_HUMIDITY,25.6,77.68,0.68,164,0.373,HIGH
2026-09-16 02:51:00,M002,HIGH_HUMIDITY,25.14,78.3,0.74,163,0.343,HIGH
2026-09-16 02:52:00,M002,HIGH_HUMIDITY,25.24,77.55,0.59,155,0.366,HIGH
2026-09-16 02:53:00,M002,HIGH_HUMIDITY,25.13,77.92,0.69,171,0.348,HIGH
2026-09-16 02:54:00,M002,HIGH_HUMIDITY,25.27,77.67,0.44,164,0.383,HIGH
2026-09-16 02:55:00,M002,HIGH_HUMIDITY,25.5,76.24,0.62,173,0.377,HIGH
2026-09-16 02:56:00,M002,HIGH_HUMIDITY,24.89,75.46,0.6,165,0.352,HIGH
2026-09-16 02:57:00,M002,HIGH_HUMIDITY,25.11,77.47,0.69,151,0.354,HIGH
2026-09-16 02:58:00,M002,HIGH_HUMIDITY,24.95,77.66,0.46,144,0.334,HIGH
2026-09-16 02:59:00,M002,HIGH_HUMIDITY,24.95,77.28,0.74,159,0.342,HIGH
2026-09-16 03:00:00,M002,HIGH_HUMIDITY,25.21,75.79,0.66,154,0.353,HIGH
2026-09-16 03:01:00,M002,HIGH_HUMIDITY,24.96,76.15,0.42,154,0.359,HIGH
2026-09-16 03:02:00,M002,HIGH_HUMIDITY,24.75,75.55,0.5,149,0.34,HIGH
2026-09-16 03:03:00,M002,HIGH_HUMIDITY,25.02,76.29,0.53,131,0.345,HIGH
2026-09-16 03:04:00,M002,HIGH_HUMIDITY,25.2,76.2,0.39,153,0.347,HIGH
2026-09-16 03:05:00,M002,HIGH_HUMIDITY,24.83,76.01,0.62,169,0.339,HIGH
2026-09-16 03:06:00,M002,HIGH_HUMIDITY,25.05,75.78,0.48,165,0.352,HIGH
2026-09-16 03:07:00,M002,HIGH_HUMIDITY,25.05,75.48,0.62,160,0.311,HIGH
2026-09-16 03:08:00,M002,HIGH_HUMIDITY,25.11,75.86,0.53,123,0.306,HIGH
2026-09-16 03:09:00,M002,HIGH_HUMIDITY,25.08,75.2,0.56,130,0.305,HIGH
2026-09-16 03:10:00,M002,HIGH_HUMIDITY,25.21,76.21,0.48,148,0.317,HIGH
2026-09-16 03:11:00,M002,HIGH_HUMIDITY,24.95,76.33,0.46,151,0.299,HIGH
2026-09-16 03:12:00,M002,HIGH_HUMIDITY,25.17,76.17,0.48,140,0.352,HIGH
2026-09-16 03:13:00,M002,HIGH_HUMIDITY,24.79,75.71,0.46,132,0.344,HIGH
2026-09-16 03:14:00,M002,HIGH_HUMIDITY,24.79,75.73,0.45,141,0.322,HIGH
2026-09-16 03:15:00,M002,HIGH_HUMIDITY,24.74,75.86,0.47,153,0.337,HIGH
2026-09-16 03:16:00,M002,HIGH_HUMIDITY,25.03,75.04,0.52,140,0.323,HIGH
2026-09-16 03:17:00,M002,HIGH_HUMIDITY,24.72,75.02,0.52,137,0.31,HIGH
2026-09-16 03:18:00,M002,HIGH_HUMIDITY,24.96,75.52,0.37,142,0.342,HIGH
2026-09-16 03:19:00,M002,HIGH_HUMIDITY,24.99,74.93,0.38,136,0.345,HIGH
2026-09-16 03:20:00,M002,HIGH_HUMIDITY,24.93,73.78,0.53,114,0.355,HIGH
2026-09-16 03:21:00,M002,HIGH_HUMIDITY,24.94,74.98,0.47,148,0.312,HIGH
2026-09-16 03:22:00,M002,HIGH_HUMIDITY,24.88,75.13,0.44,159,0.285,HIGH
2026-09-16 03:23:00,M002,HIGH_HUMIDITY,24.81,74.32,0.45,132,0.365,HIGH
2026-09-16 03:24:00,M002,HIGH_HUMIDITY,24.72,75.11,0.41,151,0.311,HIGH
2026-09-16 03:25:00,M002,HIGH_HUMIDITY,24.7,76.4,0.52,143,0.362,HIGH
2026-09-16 03:26:00,M002,HIGH_HUMIDITY,24.7,74.68,0.4,154,0.309,HIGH
2026-09-16 03:27:00,M002,HIGH_HUMIDITY,24.99,74.81,0.32,130,0.325,HIGH
2026-09-16 03:28:00,M002,HIGH_HUMIDITY,25.0,76.05,0.49,148,0.274,HIGH
2026-09-16 03:29:00,M002,HIGH_HUMIDITY,24.85,75.26,0.44,132,0.336,HIGH
2026-09-16 03:30:00,M002,HIGH_HUMIDITY,24.99,76.51,0.45,131,0.354,HIGH
2026-09-16 03:31:00,M002,HIGH_HUMIDITY,24.77,74.94,0.36,146,0.332,HIGH
2026-09-16 03:32:00,M002,HIGH_HUMIDITY,24.96,75.44,0.51,148,0.331,HIGH
2026-09-16 03:33:00,M002,HIGH_HUMIDITY,25.02,75.87,0.49,135,0.337,HIGH
2026-09-16 03:34:00,M002,HIGH_HUMIDITY,24.75,75.27,0.42,168,0.307,HIGH
2026-09-16 03:35:00,M002,HIGH_HUMIDITY,24.96,75.83,0.54,142,0.326,HIGH
2026-09-16 03:36:00,M002,HIGH_HUMIDITY,24.83,73.7,0.42,159,0.311,HIGH
2026-09-16 03:37:00,M002,HIGH_HUMIDITY,24.89,77.17,0.41,137,0.322,HIGH
2026-09-16 03:38:00,M002,HIGH_HUMIDITY,24.56,74.97,0.38,151,0.323,HIGH
2026-09-16 03:39:00,M002,HIGH_HUMIDITY,24.55,76.1,0.57,140,0.345,HIGH
2026-09-16 03:40:00,M002,HIGH_HUMIDITY,25.0,75.05,0.52,148,0.315,HIGH
2026-09-16 03:41:00,M002,HIGH_HUMIDITY,24.76,75.96,0.68,146,0.335,HIGH
2026-09-16 03:42:00,M002,HIGH_HUMIDITY,24.77,75.59,0.49,142,0.321,HIGH
2026-09-16 03:43:00,M002,HIGH_HUMIDITY,24.95,75.47,0.61,172,0.32,HIGH
2026-09-16 03:44:00,M002,HIGH_HUMIDITY,24.92,76.17,0.56,140,0.325,HIGH
2026-09-16 03:45:00,M002,HIGH_HUMIDITY,25.09,74.92,0.7,153,0.331,HIGH
2026-09-16 03:46:00,M002,HIGH_HUMIDITY,24.99,75.36,0.67,150,0.331,HIGH
2026-09-16 03:47:00,M002,HIGH_HUMIDITY,25.31,76.78,0.52,157,0.334,HIGH
2026-09-16 03:48:00,M002,HIGH_HUMIDITY,24.99,76.06,0.56,166,0.377,HIGH
2026-09-16 03:49:00,M002,HIGH_HUMIDITY,24.73,77.78,0.63,154,0.336,HIGH
2026-09-16 03:50:00,M002,HIGH_HUMIDITY,24.8,77.14,0.47,163,0.339,HIGH
2026-09-16 03:51:00,M002,HIGH_HUMIDITY,24.86,76.74,0.6,145,0.363,HIGH
2026-09-16 03:52:00,M002,HIGH_HUMIDITY,25.43,76.88,0.6,148,0.332,HIGH
2026-09-16 03:53:00,M002,HIGH_HUMIDITY,25.1,76.71,0.58,156,0.396,HIGH
2026-09-16 03:54:00,M002,HIGH_HUMIDITY,25.28,76.14,0.49,139,0.337,HIGH
2026-09-16 03:55:00,M002,HIGH_HUMIDITY,25.31,76.68,0.54,168,0.366,HIGH
2026-09-16 03:56:00,M002,HIGH_HUMIDITY,25.3,76.96,0.6,146,0.326,HIGH
2026-09-16 03:57:00,M002,HIGH_HUMIDITY,25.14,76.57,0.55,161,0.353,HIGH
2026-09-16 03:58:00,M002,HIGH_HUMIDITY,25.09,77.12,0.65,159,0.378,HIGH
2026-09-16 03:59:00,M002,HIGH_HUMIDITY,25.38,77.55,0.6,171,0.378,HIGH
2026-09-16 04:00:00,M002,HIGH_HUMIDITY,25.04,78.1,0.6,175,0.328,HIGH
2026-09-16 04:01:00,M002,HIGH_HUMIDITY,25.31,76.44,0.64,171,0.378,HIGH
2026-09-16 04:02:00,M002,HIGH_HUMIDITY,25.42,76.85,0.76,154,0.368,HIGH
2026-09-16 04:03:00,M002,HIGH_HUMIDITY,25.32,77.38,0.56,185,0.389,HIGH
2026-09-16 04:04:00,M002,HIGH_HUMIDITY,25.48,77.8,0.6,172,0.363,HIGH
2026-09-16 04:05:00,M002,HIGH_HUMIDITY,25.52,78.27,0.67,180,0.392,HIGH
2026-09-16 04:06:00,M002,HIGH_HUMIDITY,25.66,79.41,0.59,162,0.363,HIGH
2026-09-16 04:07:00,M002,HIGH_HUMIDITY,25.54,77.25,0.67,188,0.4,HIGH
2026-09-16 04:08:00,M002,HIGH_HUMIDITY,25.86,78.94,0.8,174,0.384,HIGH
2026-09-16 04:09:00,M002,HIGH_HUMIDITY,25.77,79.08,0.58,165,0.376,HIGH
2026-09-16 04:10:00,M002,HIGH_HUMIDITY,25.53,79.5,0.88,187,0.402,HIGH
2026-09-16 04:11:00,M002,HIGH_HUMIDITY,26.01,79.08,0.8,189,0.405,HIGH
2026-09-16 04:12:00,M002,HIGH_HUMIDITY,25.95,79.39,0.77,182,0.406,HIGH
2026-09-16 04:13:00,M002,HIGH_HUMIDITY,25.5,79.35,0.78,192,0.384,HIGH
2026-09-16 04:14:00,M002,HIGH_HUMIDITY,25.87,79.31,0.78,194,0.393,HIGH
2026-09-16 04:15:00,M002,HIGH_HUMIDITY,25.6,79.62,0.62,199,0.446,HIGH
2026-09-16 04:16:00,M002,HIGH_HUMIDITY,25.93,80.01,0.93,206,0.453,HIGH
2026-09-16 04:17:00,M002,HIGH_HUMIDITY,25.76,79.38,0.86,176,0.416,HIGH
2026-09-16 04:18:00,M002,HIGH_HUMIDITY,25.95,80.57,0.91,206,0.431,HIGH
2026-09-16 04:19:00,M002,HIGH_HUMIDITY,25.98,80.06,0.9,211,0.41,HIGH
2026-09-16 04:20:00,M002,HIGH_HUMIDITY,26.07,79.96,0.87,214,0.421,HIGH
2026-09-16 04:21:00,M002,HIGH_HUMIDITY,25.89,79.57,0.82,209,0.425,HIGH
2026-09-16 04:22:00,M002,HIGH_HUMIDITY,25.98,80.78,0.89,212,0.47,HIGH
2026-09-16 04:23:00,M002,HIGH_HUMIDITY,26.41,80.64,0.91,219,0.457,HIGH
2026-09-16 04:24:00,M002,HIGH_HUMIDITY,26.08,79.78,0.96,210,0.448,HIGH
2026-09-16 04:25:00,M002,HIGH_HUMIDITY,26.26,80.25,0.87,222,0.437,HIGH
2026-09-16 04:26:00,M002,HIGH_HUMIDITY,26.08,80.65,0.95,204,0.474,HIGH
2026-09-16 04:27:00,M002,HIGH_HUMIDITY,26.37,80.01,0.95,231,0.504,HIGH
2026-09-16 04:28:00,M002,HIGH_HUMIDITY,26.2,81.12,0.83,220,0.457,HIGH
2026-09-16 04:29:00,M002,HIGH_HUMIDITY,26.35,80.54,1.01,237,0.476,HIGH
2026-09-16 04:30:00,M002,HIGH_HUMIDITY,26.4,81.33,1.03,215,0.411,HIGH
2026-09-16 04:31:00,M002,HIGH_HUMIDITY,26.1,82.37,1.08,217,0.444,HIGH
2026-09-16 04:32:00,M002,HIGH_HUMIDITY,26.36,80.8,0.96,241,0.45,HIGH
2026-09-16 04:33:00,M002,HIGH_HUMIDITY,26.31,80.89,1.01,211,0.475,HIGH
2026-09-16 04:34:00,M002,HIGH_HUMIDITY,26.42,82.96,1.05,229,0.442,HIGH
2026-09-16 04:35:00,M002,HIGH_HUMIDITY,26.51,82.2,1.04,229,0.471,HIGH
2026-09-16 04:36:00,M002,HIGH_HUMIDITY,26.35,80.59,0.94,239,0.486,HIGH
2026-09-16 04:37:00,M002,HIGH_HUMIDITY,26.75,82.46,1.05,228,0.444,HIGH
2026-09-16 04:38:00,M002,HIGH_HUMIDITY,26.62,81.96,1.0,218,0.476,HIGH
2026-09-16 04:39:00,M002,HIGH_HUMIDITY,26.77,83.0,0.98,234,0.478,HIGH
2026-09-16 04:40:00,M002,HIGH_HUMIDITY,26.33,83.21,1.01,240,0.468,HIGH
2026-09-16 04:41:00,M002,HIGH_HUMIDITY,26.8,83.52,1.09,241,0.473,HIGH
2026-09-16 04:42:00,M002,HIGH_HUMIDITY,26.66,82.12,1.16,250,0.479,HIGH
2026-09-16 04:43:00,M002,HIGH_HUMIDITY,26.74,82.52,0.99,231,0.468,HIGH
2026-09-16 04:44:00,M002,HIGH_HUMIDITY,26.45,83.24,1.02,238,0.445,HIGH
2026-09-16 04:45:00,M002,HIGH_HUMIDITY,26.8,82.71,1.06,250,0.492,HIGH
2026-09-16 04:46:00,M002,HIGH_HUMIDITY,26.86,83.29,1.15,231,0.496,HIGH
2026-09-16 04:47:00,M002,HIGH_HUMIDITY,26.8,83.81,1.08,251,0.508,HIGH
2026-09-16 04:48:00,M002,HIGH_HUMIDITY,26.77,83.92,1.1,235,0.486,HIGH
2026-09-16 04:49:00,M002,HIGH_HUMIDITY,26.71,83.74,1.12,241,0.518,HIGH
2026-09-16 04:50:00,M002,HIGH_HUMIDITY,27.05,83.71,0.99,251,0.47,HIGH
2026-09-16 04:51:00,M002,HIGH_HUMIDITY,26.79,83.62,1.27,217,0.48,HIGH
2026-09-16 04:52:00,M002,HIGH_HUMIDITY,26.84,84.25,1.03,238,0.53,HIGH
2026-09-16 04:53:00,M002,HIGH_HUMIDITY,27.11,83.5,1.25,250,0.494,HIGH
2026-09-16 04:54:00,M002,HIGH_HUMIDITY,26.88,83.57,1.09,255,0.53,HIGH
2026-09-16 04:55:00,M002,HIGH_HUMIDITY,26.78,84.47,1.1,250,0.519,HIGH
2026-09-16 04:56:00,M002,HIGH_HUMIDITY,27.19,84.1,1.2,271,0.543,HIGH
2026-09-16 04:57:00,M002,HIGH_HUMIDITY,27.22,84.67,1.23,272,0.529,HIGH
2026-09-16 04:58:00,M002,HIGH_HUMIDITY,26.95,84.32,1.23,236,0.508,HIGH
2026-09-16 04:59:00,M002,HIGH_HUMIDITY,27.35,83.59,1.24,258,0.536,HIGH
2026-09-16 05:00:00,M002,HIGH_HUMIDITY,26.97,83.88,1.21,247,0.548,HIGH
2026-09-16 05:01:00,M002,HIGH_HUMIDITY,27.14,84.97,1.13,262,0.565,HIGH
2026-09-16 05:02:00,M002,HIGH_HUMIDITY,27.11,83.76,1.3,250,0.5,HIGH
2026-09-16 05:03:00,M002,HIGH_HUMIDITY,26.95,83.77,1.26,246,0.509,HIGH
2026-09-16 05:04:00,M002,HIGH_HUMIDITY,27.08,84.84,1.29,272,0.519,HIGH
2026-09-16 05:05:00,M002,HIGH_HUMIDITY,27.32,84.11,1.36,265,0.53,HIGH
2026-09-16 05:06:00,M002,HIGH_HUMIDITY,26.91,85.27,1.19,251,0.512,HIGH
2026-09-16 05:07:00,M002,HIGH_HUMIDITY,27.07,84.99,1.26,259,0.56,HIGH
2026-09-16 05:08:00,M002,HIGH_HUMIDITY,26.98,84.89,1.13,266,0.538,HIGH
2026-09-16 05:09:00,M002,HIGH_HUMIDITY,27.2,85.06,1.28,265,0.504,HIGH
2026-09-16 05:10:00,M002,HIGH_HUMIDITY,27.33,85.87,1.32,256,0.563,HIGH
2026-09-16 05:11:00,M002,HIGH_HUMIDITY,27.23,85.52,1.29,277,0.501,HIGH
2026-09-16 05:12:00,M002,HIGH_HUMIDITY,27.07,85.12,1.22,255,0.556,HIGH
2026-09-16 05:13:00,M002,HIGH_HUMIDITY,27.11,84.99,1.27,257,0.489,HIGH
2026-09-16 05:14:00,M002,HIGH_HUMIDITY,26.9,84.63,1.41,251,0.53,HIGH
2026-09-16 05:15:00,M002,HIGH_HUMIDITY,27.53,84.82,1.28,264,0.515,HIGH
2026-09-16 05:16:00,M002,HIGH_HUMIDITY,27.06,84.48,1.24,251,0.521,HIGH
2026-09-16 05:17:00,M002,HIGH_HUMIDITY,27.24,85.56,1.42,251,0.535,HIGH
2026-09-16 05:18:00,M002,HIGH_HUMIDITY,27.04,84.38,1.1,280,0.522,HIGH
2026-09-16 05:19:00,M002,HIGH_HUMIDITY,27.35,84.09,1.05,280,0.501,HIGH
2026-09-16 05:20:00,M002,HIGH_HUMIDITY,27.02,85.52,1.24,257,0.552,HIGH
2026-09-16 05:21:00,M002,HIGH_HUMIDITY,27.14,85.24,1.14,276,0.519,HIGH
2026-09-16 05:22:00,M002,HIGH_HUMIDITY,27.2,84.24,1.17,255,0.544,HIGH
2026-09-16 05:23:00,M002,HIGH_HUMIDITY,27.13,84.8,1.19,274,0.502,HIGH
2026-09-16 05:24:00,M002,HIGH_HUMIDITY,26.89,85.54,1.06,279,0.526,HIGH
2026-09-16 05:25:00,M002,HIGH_HUMIDITY,27.22,84.81,1.17,264,0.561,HIGH
2026-09-16 05:26:00,M002,HIGH_HUMIDITY,27.34,84.1,1.32,243,0.521,HIGH
2026-09-16 05:27:00,M002,HIGH_HUMIDITY,27.15,85.31,1.11,269,0.517,HIGH
2026-09-16 05:28:00,M002,HIGH_HUMIDITY,26.85,85.11,1.18,232,0.537,HIGH
2026-09-16 05:29:00,M002,HIGH_HUMIDITY,26.83,84.17,1.12,245,0.541,HIGH
2026-09-16 05:30:00,M002,HIGH_HUMIDITY,27.19,83.39,1.19,255,0.544,HIGH
2026-09-16 05:31:00,M002,HIGH_HUMIDITY,27.15,83.53,1.1,262,0.532,HIGH
2026-09-16 05:32:00,M002,HIGH_HUMIDITY,26.96,83.84,1.23,256,0.472,HIGH
2026-09-16 05:33:00,M002,HIGH_HUMIDITY,27.0,84.7,1.07,263,0.494,HIGH
2026-09-16 05:34:00,M002,HIGH_HUMIDITY,27.06,83.56,1.06,254,0.513,HIGH
2026-09-16 05:35:00,M002,HIGH_HUMIDITY,27.25,84.56,1.05,254,0.53,HIGH
2026-09-16 05:36:00,M002,HIGH_HUMIDITY,27.12,85.14,1.32,241,0.518,HIGH
2026-09-16 05:37:00,M002,HIGH_HUMIDITY,27.35,84.69,1.11,230,0.483,HIGH
2026-09-16 05:38:00,M002,HIGH_HUMIDITY,27.05,83.72,1.14,240,0.493,HIGH
2026-09-16 05:39:00,M002,HIGH_HUMIDITY,27.03,83.69,1.18,227,0.537,HIGH
2026-09-16 05:40:00,M002,HIGH_HUMIDITY,27.09,84.3,0.98,256,0.479,HIGH
2026-09-16 05:41:00,M002,HIGH_HUMIDITY,26.95,84.27,1.22,253,0.535,HIGH
2026-09-16 05:42:00,M002,HIGH_HUMIDITY,26.88,82.91,1.09,243,0.515,HIGH
2026-09-16 05:43:00,M002,HIGH_HUMIDITY,26.66,83.86,1.12,236,0.482,HIGH
2026-09-16 05:44:00,M002,HIGH_HUMIDITY,26.73,83.43,1.1,249,0.468,HIGH
2026-09-16 05:45:00,M002,HIGH_HUMIDITY,26.55,82.47,1.19,237,0.494,HIGH
2026-09-16 05:46:00,M002,HIGH_HUMIDITY,26.85,83.45,1.05,221,0.485,HIGH
2026-09-16 05:47:00,M002,HIGH_HUMIDITY,26.48,82.87,1.03,240,0.492,HIGH
2026-09-16 05:48:00,M002,HIGH_HUMIDITY,26.64,83.21,1.3,213,0.529,HIGH
2026-09-16 05:49:00,M002,HIGH_HUMIDITY,26.52,81.83,0.99,242,0.488,HIGH
2026-09-16 05:50:00,M002,HIGH_HUMIDITY,26.55,82.21,1.0,239,0.503,HIGH
2026-09-16 05:51:00,M002,HIGH_HUMIDITY,26.58,82.03,1.02,203,0.478,HIGH
2026-09-16 05:52:00,M002,HIGH_HUMIDITY,26.65,82.11,1.0,243,0.482,HIGH
2026-09-16 05:53:00,M002,HIGH_HUMIDITY,26.62,82.55,1.04,244,0.45,HIGH
2026-09-16 05:54:00,M002,HIGH_HUMIDITY,26.52,80.64,0.99,250,0.449,HIGH
2026-09-16 05:55:00,M002,HIGH_HUMIDITY,26.32,81.93,1.08,233,0.459,HIGH
2026-09-16 05:56:00,M002,HIGH_HUMIDITY,26.73,81.82,1.09,242,0.448,HIGH
2026-09-16 05:57:00,M002,HIGH_HUMIDITY,26.19,82.07,1.0,222,0.467,HIGH
2026-09-16 05:58:00,M002,HIGH_HUMIDITY,26.38,82.6,0.74,235,0.464,HIGH
2026-09-16 05:59:00,M002,HIGH_HUMIDITY,26.35,80.84,1.07,204,0.459,HIGH
2026-09-16 06:00:00,M002,HIGH_HUMIDITY,26.52,80.28,0.98,220,0.462,HIGH
2026-09-16 06:01:00,M002,HIGH_HUMIDITY,26.23,81.58,1.03,211,0.488,HIGH
2026-09-16 06:02:00,M002,HIGH_HUMIDITY,26.09,80.64,1.03,211,0.432,HIGH
2026-09-16 06:03:00,M002,HIGH_HUMIDITY,26.16,81.91,0.99,201,0.413,HIGH
2026-09-16 06:04:00,M002,HIGH_HUMIDITY,26.44,80.96,0.88,199,0.406,HIGH
2026-09-16 06:05:00,M002,HIGH_HUMIDITY,25.95,80.86,0.87,228,0.456,HIGH
2026-09-16 06:06:00,M002,HIGH_HUMIDITY,26.04,79.94,0.99,202,0.483,HIGH
2026-09-16 06:07:00,M002,HIGH_HUMIDITY,26.11,79.52,0.72,196,0.459,HIGH
2026-09-16 06:08:00,M002,HIGH_HUMIDITY,26.02,78.66,0.82,200,0.455,HIGH
2026-09-16 06:09:00,M002,HIGH_HUMIDITY,26.1,80.02,0.88,228,0.446,HIGH
2026-09-16 06:10:00,M002,HIGH_HUMIDITY,25.88,80.42,0.94,228,0.43,HIGH
2026-09-16 06:11:00,M002,HIGH_HUMIDITY,25.91,80.07,0.8,200,0.408,HIGH
2026-09-16 06:12:00,M002,HIGH_HUMIDITY,25.93,78.78,0.89,206,0.39,HIGH
2026-09-16 06:13:00,M002,HIGH_HUMIDITY,26.01,79.21,0.93,207,0.435,HIGH
2026-09-16 06:14:00,M002,HIGH_HUMIDITY,25.95,78.77,0.64,195,0.39,HIGH
2026-09-16 06:15:00,M002,HIGH_HUMIDITY,25.86,78.35,0.85,197,0.387,HIGH
2026-09-16 06:16:00,M002,HIGH_HUMIDITY,25.64,79.43,0.85,192,0.395,HIGH
2026-09-16 06:17:00,M002,HIGH_HUMIDITY,25.78,78.88,0.73,171,0.404,HIGH
2026-09-16 06:18:00,M002,HIGH_HUMIDITY,25.59,78.81,0.6,196,0.391,HIGH
2026-09-16 06:19:00,M002,HIGH_HUMIDITY,25.7,79.72,0.87,192,0.38,HIGH
2026-09-16 06:20:00,M002,HIGH_HUMIDITY,25.64,78.82,0.76,185,0.409,HIGH
2026-09-16 06:21:00,M002,HIGH_HUMIDITY,25.73,79.28,0.79,173,0.387,HIGH
2026-09-16 06:22:00,M002,HIGH_HUMIDITY,25.59,78.63,0.68,179,0.384,HIGH
2026-09-16 06:23:00,M002,HIGH_HUMIDITY,25.47,78.51,0.78,199,0.404,HIGH
2026-09-16 06:24:00,M002,HIGH_HUMIDITY,25.47,78.93,0.59,181,0.374,HIGH
2026-09-16 06:25:00,M002,HIGH_HUMIDITY,25.41,79.26,0.65,178,0.391,HIGH
2026-09-16 06:26:00,M002,HIGH_HUMIDITY,25.46,76.99,0.7,169,0.376,HIGH
2026-09-16 06:27:00,M002,HIGH_HUMIDITY,25.43,78.04,0.7,154,0.379,HIGH
2026-09-16 06:28:00,M002,HIGH_HUMIDITY,25.69,76.4,0.58,162,0.338,HIGH
2026-09-16 06:29:00,M002,HIGH_HUMIDITY,25.08,76.89,0.74,164,0.354,HIGH
2026-09-16 06:30:00,M002,HIGH_HUMIDITY,25.32,77.7,0.68,168,0.414,HIGH
2026-09-16 06:31:00,M002,HIGH_HUMIDITY,25.36,77.55,0.59,156,0.345,HIGH
2026-09-16 06:32:00,M002,HIGH_HUMIDITY,25.08,77.52,0.63,157,0.357,HIGH
2026-09-16 06:33:00,M002,HIGH_HUMIDITY,25.43,76.92,0.61,167,0.369,HIGH
2026-09-16 06:34:00,M002,HIGH_HUMIDITY,25.12,75.37,0.45,166,0.348,HIGH
2026-09-16 06:35:00,M002,HIGH_HUMIDITY,25.16,75.74,0.53,162,0.357,HIGH
2026-09-16 06:36:00,M002,HIGH_HUMIDITY,25.01,76.0,0.74,156,0.352,HIGH
2026-09-16 06:37:00,M002,HIGH_HUMIDITY,24.95,76.14,0.56,144,0.353,HIGH
2026-09-16 06:38:00,M002,HIGH_HUMIDITY,24.95,76.07,0.51,137,0.322,HIGH
2026-09-16 06:39:00,M002,HIGH_HUMIDITY,25.13,75.79,0.55,154,0.353,HIGH
2026-09-16 06:40:00,M002,HIGH_HUMIDITY,25.22,75.94,0.46,157,0.36,HIGH
2026-09-16 06:41:00,M002,HIGH_HUMIDITY,25.01,76.23,0.53,152,0.355,HIGH
2026-09-16 06:42:00,M002,HIGH_HUMIDITY,24.98,76.57,0.57,178,0.329,HIGH
2026-09-16 06:43:00,M002,HIGH_HUMIDITY,25.21,76.62,0.44,158,0.351,HIGH
2026-09-16 06:44:00,M002,HIGH_HUMIDITY,24.91,74.45,0.59,135,0.335,HIGH
2026-09-16 06:45:00,M002,HIGH_HUMIDITY,24.7,76.33,0.38,142,0.327,HIGH
2026-09-16 06:46:00,M002,HIGH_HUMIDITY,24.97,74.93,0.55,154,0.329,HIGH
2026-09-16 06:47:00,M002,HIGH_HUMIDITY,24.91,74.05,0.63,145,0.345,HIGH
2026-09-16 06:48:00,M002,HIGH_HUMIDITY,24.97,75.78,0.56,139,0.35,HIGH
2026-09-16 06:49:00,M002,HIGH_HUMIDITY,25.17,75.81,0.49,158,0.338,HIGH
2026-09-16 06:50:00,M002,HIGH_HUMIDITY,24.85,75.41,0.5,154,0.32,HIGH
2026-09-16 06:51:00,M002,HIGH_HUMIDITY,25.02,76.83,0.54,144,0.338,HIGH
2026-09-16 06:52:00,M002,HIGH_HUMIDITY,24.81,74.8,0.43,128,0.344,HIGH
2026-09-16 06:53:00,M002,HIGH_HUMIDITY,24.79,74.29,0.52,148,0.331,HIGH
2026-09-16 06:54:00,M002,HIGH_HUMIDITY,24.64,74.71,0.62,136,0.333,HIGH
2026-09-16 06:55:00,M002,HIGH_HUMIDITY,24.87,74.5,0.36,148,0.319,HIGH
2026-09-16 06:56:00,M002,HIGH_HUMIDITY,24.79,76.02,0.35,141,0.344,HIGH
2026-09-16 06:57:00,M002,HIGH_HUMIDITY,24.96,75.14,0.51,149,0.307,HIGH
2026-09-16 06:58:00,M002,HIGH_HUMIDITY,24.59,75.84,0.47,163,0.311,HIGH
2026-09-16 06:59:00,M002,HIGH_HUMIDITY,24.98,75.8,0.5,141,0.305,HIGH
2026-09-16 07:00:00,M002,HIGH_HUMIDITY,24.76,74.93,0.47,128,0.325,HIGH
2026-09-16 07:01:00,M002,HIGH_HUMIDITY,25.09,74.67,0.5,118,0.329,HIGH
2026-09-16 07:02:00,M002,HIGH_HUMIDITY,24.85,74.63,0.5,141,0.352,HIGH
2026-09-16 07:03:00,M002,HIGH_HUMIDITY,24.82,75.46,0.45,127,0.366,HIGH
2026-09-16 07:04:00,M002,HIGH_HUMIDITY,24.83,75.4,0.47,122,0.296,HIGH
2026-09-16 07:05:00,M002,HIGH_HUMIDITY,24.53,76.05,0.5,136,0.295,HIGH
2026-09-16 07:06:00,M002,HIGH_HUMIDITY,24.67,75.14,0.36,151,0.306,HIGH
2026-09-16 07:07:00,M002,HIGH_HUMIDITY,24.76,75.14,0.29,150,0.321,HIGH
2026-09-16 07:08:00,M002,HIGH_HUMIDITY,24.45,74.97,0.44,128,0.327,HIGH
2026-09-16 07:09:00,M002,HIGH_HUMIDITY,25.0,75.46,0.35,132,0.286,HIGH
2026-09-16 07:10:00,M002,HIGH_HUMIDITY,24.85,74.61,0.49,150,0.337,HIGH
2026-09-16 07:11:00,M002,HIGH_HUMIDITY,24.85,75.11,0.34,167,0.36,HIGH
2026-09-16 07:12:00,M002,HIGH_HUMIDITY,24.81,75.58,0.38,137,0.323,HIGH
2026-09-16 07:13:00,M002,HIGH_HUMIDITY,24.74,76.45,0.49,134,0.316,HIGH
2026-09-16 07:14:00,M002,HIGH_HUMIDITY,24.88,74.34,0.51,142,0.339,HIGH
2026-09-16 07:15:00,M002,HIGH_HUMIDITY,24.91,74.98,0.42,159,0.332,HIGH
2026-09-16 07:16:00,M002,HIGH_HUMIDITY,24.96,75.82,0.47,130,0.357,HIGH
2026-09-16 07:17:00,M002,HIGH_HUMIDITY,24.84,76.31,0.48,157,0.311,HIGH
2026-09-16 07:18:00,M002,HIGH_HUMIDITY,24.67,75.36,0.45,152,0.333,HIGH
2026-09-16 07:19:00,M002,HIGH_HUMIDITY,24.65,75.11,0.38,136,0.327,HIGH
2026-09-16 07:20:00,M002,HIGH_HUMIDITY,24.81,76.39,0.53,135,0.352,HIGH
2026-09-16 07:21:00,M002,HIGH_HUMIDITY,25.07,75.83,0.47,170,0.345,HIGH
2026-09-16 07:22:00,M002,HIGH_HUMIDITY,24.77,75.87,0.44,158,0.314,HIGH
2026-09-16 07:23:00,M002,HIGH_HUMIDITY,24.86,75.44,0.55,135,0.334,HIGH
2026-09-16 07:24:00,M002,HIGH_HUMIDITY,24.63,76.45,0.31,151,0.34,HIGH
2026-09-16 07:25:00,M002,HIGH_HUMIDITY,24.91,76.68,0.61,163,0.357,HIGH
2026-09-16 07:26:00,M002,HIGH_HUMIDITY,25.06,75.81,0.55,164,0.338,HIGH
2026-09-16 07:27:00,M002,HIGH_HUMIDITY,24.65,75.06,0.68,142,0.33,HIGH
2026-09-16 07:28:00,M002,HIGH_HUMIDITY,25.2,76.79,0.59,154,0.305,HIGH
2026-09-16 07:29:00,M002,HIGH_HUMIDITY,25.43,76.06,0.63,155,0.335,HIGH
2026-09-16 07:30:00,M002,HIGH_HUMIDITY,25.05,76.28,0.69,139,0.353,HIGH
2026-09-16 07:31:00,M002,HIGH_HUMIDITY,25.41,76.15,0.57,142,0.377,HIGH
2026-09-16 07:32:00,M002,HIGH_HUMIDITY,24.96,76.99,0.42,147,0.354,HIGH
2026-09-16 07:33:00,M002,HIGH_HUMIDITY,24.99,76.51,0.47,159,0.331,HIGH
2026-09-16 07:34:00,M002,HIGH_HUMIDITY,25.02,76.94,0.44,167,0.34,HIGH
2026-09-16 07:35:00,M002,HIGH_HUMIDITY,25.47,76.54,0.53,162,0.374,HIGH
2026-09-16 07:36:00,M002,HIGH_HUMIDITY,24.86,76.57,0.7,150,0.338,HIGH
2026-09-16 07:37:00,M002,HIGH_HUMIDITY,25.02,76.87,0.52,169,0.335,HIGH
2026-09-16 07:38:00,M002,HIGH_HUMIDITY,25.22,77.07,0.57,162,0.347,HIGH
2026-09-16 07:39:00,M002,HIGH_HUMIDITY,25.19,78.1,0.66,171,0.385,HIGH
2026-09-16 07:40:00,M002,HIGH_HUMIDITY,25.42,77.23,0.69,165,0.399,HIGH
2026-09-16 07:41:00,M002,HIGH_HUMIDITY,25.42,77.57,0.77,179,0.359,HIGH
2026-09-16 07:42:00,M002,HIGH_HUMIDITY,25.49,76.84,0.64,173,0.376,HIGH
2026-09-16 07:43:00,M002,HIGH_HUMIDITY,25.42,77.17,0.7,179,0.365,HIGH
2026-09-16 07:44:00,M002,HIGH_HUMIDITY,25.47,78.22,0.72,178,0.387,HIGH
2026-09-16 07:45:00,M002,HIGH_HUMIDITY,25.6,78.49,0.73,169,0.388,HIGH
2026-09-16 07:46:00,M002,HIGH_HUMIDITY,25.43,77.78,0.73,178,0.373,HIGH
2026-09-16 07:47:00,M002,HIGH_HUMIDITY,25.66,77.8,0.75,163,0.411,HIGH
2026-09-16 07:48:00,M002,HIGH_HUMIDITY,25.68,78.71,0.72,164,0.361,HIGH
2026-09-16 07:49:00,M002,HIGH_HUMIDITY,25.65,78.3,0.76,194,0.4,HIGH
2026-09-16 07:50:00,M002,HIGH_HUMIDITY,25.51,79.08,0.69,188,0.406,HIGH
2026-09-16 07:51:00,M002,HIGH_HUMIDITY,25.62,79.74,0.73,185,0.421,HIGH
2026-09-16 07:52:00,M002,HIGH_HUMIDITY,25.76,78.4,0.74,189,0.394,HIGH
2026-09-16 07:53:00,M002,HIGH_HUMIDITY,25.69,79.68,0.76,209,0.402,HIGH
2026-09-16 07:54:00,M002,HIGH_HUMIDITY,25.64,79.05,0.86,183,0.427,HIGH
2026-09-16 07:55:00,M002,HIGH_HUMIDITY,25.84,79.59,0.74,192,0.41,HIGH
2026-09-16 07:56:00,M002,HIGH_HUMIDITY,26.04,79.18,0.69,180,0.402,HIGH
2026-09-16 07:57:00,M002,HIGH_HUMIDITY,26.01,79.04,0.74,192,0.416,HIGH
2026-09-16 07:58:00,M002,HIGH_HUMIDITY,25.92,78.93,0.81,208,0.426,HIGH
2026-09-16 07:59:00,M002,HIGH_HUMIDITY,26.03,79.4,0.82,184,0.432,HIGH
2026-09-16 08:00:00,M002,HIGH_HUMIDITY,26.14,79.88,0.82,190,0.423,HIGH
2026-09-16 08:01:00,M002,HIGH_HUMIDITY,26.31,79.7,0.88,213,0.427,HIGH
2026-09-16 08:02:00,M002,HIGH_HUMIDITY,25.87,80.51,0.99,206,0.431,HIGH
2026-09-16 08:03:00,M002,HIGH_HUMIDITY,26.1,79.07,0.91,200,0.419,HIGH
2026-09-16 08:04:00,M002,HIGH_HUMIDITY,26.34,79.96,0.9,192,0.443,HIGH
2026-09-16 08:05:00,M002,HIGH_HUMIDITY,25.95,80.85,0.92,218,0.418,HIGH
2026-09-16 08:06:00,M002,HIGH_HUMIDITY,26.14,80.32,0.97,190,0.437,HIGH
2026-09-16 08:07:00,M002,HIGH_HUMIDITY,26.32,81.09,0.81,226,0.447,HIGH
2026-09-16 08:08:00,M002,HIGH_HUMIDITY,26.44,80.84,0.94,216,0.442,HIGH
2026-09-16 08:09:00,M002,HIGH_HUMIDITY,26.67,81.07,0.98,208,0.442,HIGH
2026-09-16 08:10:00,M002,HIGH_HUMIDITY,26.32,80.92,0.89,218,0.448,HIGH
2026-09-16 08:11:00,M002,HIGH_HUMIDITY,26.72,81.39,0.92,226,0.489,HIGH
2026-09-16 08:12:00,M002,HIGH_HUMIDITY,26.15,82.42,0.9,215,0.436,HIGH
2026-09-16 08:13:00,M002,HIGH_HUMIDITY,26.37,80.88,0.95,218,0.461,HIGH
2026-09-16 08:14:00,M002,HIGH_HUMIDITY,26.51,82.06,1.0,239,0.469,HIGH
2026-09-16 08:15:00,M002,HIGH_HUMIDITY,26.7,82.1,0.96,209,0.42,HIGH
2026-09-16 08:16:00,M002,HIGH_HUMIDITY,26.47,81.4,1.02,242,0.432,HIGH
2026-09-16 08:17:00,M002,HIGH_HUMIDITY,26.67,81.29,0.89,255,0.488,HIGH
2026-09-16 08:18:00,M002,HIGH_HUMIDITY,26.12,83.24,1.03,248,0.461,HIGH
2026-09-16 08:19:00,M002,HIGH_HUMIDITY,26.66,82.58,0.89,233,0.494,HIGH
2026-09-16 08:20:00,M002,HIGH_HUMIDITY,26.5,82.95,1.11,233,0.502,HIGH
2026-09-16 08:21:00,M002,HIGH_HUMIDITY,26.79,83.76,1.09,247,0.482,HIGH
2026-09-16 08:22:00,M002,HIGH_HUMIDITY,26.82,83.06,1.12,244,0.482,HIGH
2026-09-16 08:23:00,M002,HIGH_HUMIDITY,26.69,81.8,1.11,223,0.476,HIGH
2026-09-16 08:24:00,M002,HIGH_HUMIDITY,26.7,83.48,1.14,244,0.489,HIGH
2026-09-16 08:25:00,M002,HIGH_HUMIDITY,26.84,82.59,1.23,259,0.484,HIGH
2026-09-16 08:26:00,M002,HIGH_HUMIDITY,26.62,82.52,1.04,230,0.502,HIGH
2026-09-16 08:27:00,M002,HIGH_HUMIDITY,26.87,83.91,1.14,245,0.493,HIGH
2026-09-16 08:28:00,M002,HIGH_HUMIDITY,27.11,84.49,1.07,247,0.496,HIGH
2026-09-16 08:29:00,M002,HIGH_HUMIDITY,26.85,83.19,1.05,241,0.519,HIGH
2026-09-16 08:30:00,M002,HIGH_HUMIDITY,27.13,84.25,1.16,262,0.503,HIGH
2026-09-16 08:31:00,M002,HIGH_HUMIDITY,26.91,82.88,1.25,259,0.49,HIGH
2026-09-16 08:32:00,M002,HIGH_HUMIDITY,26.75,85.09,1.18,235,0.503,HIGH
2026-09-16 08:33:00,M002,HIGH_HUMIDITY,27.07,84.59,1.23,268,0.523,HIGH
2026-09-16 08:34:00,M002,HIGH_HUMIDITY,27.07,84.76,1.13,243,0.487,HIGH
2026-09-16 08:35:00,M002,HIGH_HUMIDITY,27.14,83.6,1.2,252,0.508,HIGH
2026-09-16 08:36:00,M002,HIGH_HUMIDITY,26.97,84.76,1.31,247,0.502,HIGH
2026-09-16 08:37:00,M002,HIGH_HUMIDITY,27.36,84.25,1.15,248,0.532,HIGH
2026-09-16 08:38:00,M002,HIGH_HUMIDITY,27.05,84.32,1.1,244,0.538,HIGH
2026-09-16 08:39:00,M002,HIGH_HUMIDITY,27.15,84.96,1.07,247,0.525,HIGH
2026-09-16 08:40:00,M002,HIGH_HUMIDITY,27.2,85.71,1.22,244,0.507,HIGH
2026-09-16 08:41:00,M002,HIGH_HUMIDITY,26.89,85.29,1.2,248,0.542,HIGH
2026-09-16 08:42:00,M002,HIGH_HUMIDITY,27.34,84.28,1.17,260,0.493,HIGH
2026-09-16 08:43:00,M002,HIGH_HUMIDITY,27.21,84.96,1.23,265,0.524,HIGH
2026-09-16 08:44:00,M002,HIGH_HUMIDITY,27.17,85.46,1.23,277,0.54,HIGH
2026-09-16 08:45:00,M002,HIGH_HUMIDITY,27.11,84.59,1.17,272,0.574,HIGH
2026-09-16 08:46:00,M002,HIGH_HUMIDITY,27.12,84.84,1.27,259,0.524,HIGH
2026-09-16 08:47:00,M002,HIGH_HUMIDITY,27.27,83.75,1.16,261,0.529,HIGH
2026-09-16 08:48:00,M002,HIGH_HUMIDITY,27.21,85.08,1.33,246,0.516,HIGH
2026-09-16 08:49:00,M002,HIGH_HUMIDITY,27.36,84.79,1.25,274,0.496,HIGH
2026-09-16 08:50:00,M002,HIGH_HUMIDITY,27.43,84.88,1.14,274,0.56,HIGH
2026-09-16 08:51:00,M002,HIGH_HUMIDITY,27.43,84.61,1.29,266,0.505,HIGH
2026-09-16 08:52:00,M002,HIGH_HUMIDITY,27.61,84.15,1.4,259,0.534,HIGH
2026-09-16 08:53:00,M002,HIGH_HUMIDITY,27.16,85.69,1.38,262,0.519,HIGH
2026-09-16 08:54:00,M002,HIGH_HUMIDITY,27.09,85.23,1.07,241,0.53,HIGH
2026-09-16 08:55:00,M002,HIGH_HUMIDITY,27.25,84.49,1.21,239,0.523,HIGH
2026-09-16 08:56:00,M002,HIGH_HUMIDITY,27.17,84.98,1.28,237,0.557,HIGH
2026-09-16 08:57:00,M002,HIGH_HUMIDITY,26.86,85.12,1.2,272,0.539,HIGH
2026-09-16 08:58:00,M002,HIGH_HUMIDITY,27.16,84.58,1.11,259,0.517,HIGH
2026-09-16 08:59:00,M002,HIGH_HUMIDITY,27.04,84.05,1.24,255,0.544,HIGH
2026-09-16 09:00:00,M002,HIGH_HUMIDITY,27.1,83.79,1.17,260,0.497,HIGH
2026-09-16 09:01:00,M002,HIGH_HUMIDITY,27.39,84.57,1.22,261,0.54,HIGH
2026-09-16 09:02:00,M002,HIGH_HUMIDITY,27.28,84.21,1.18,282,0.491,HIGH
2026-09-16 09:03:00,M002,HIGH_HUMIDITY,27.0,84.1,1.3,262,0.533,HIGH
2026-09-16 09:04:00,M002,HIGH_HUMIDITY,27.02,84.84,1.15,251,0.513,HIGH
2026-09-16 09:05:00,M002,HIGH_HUMIDITY,27.03,83.95,1.24,261,0.511,HIGH
2026-09-16 09:06:00,M002,HIGH_HUMIDITY,27.06,84.83,1.23,274,0.52,HIGH
2026-09-16 09:07:00,M002,HIGH_HUMIDITY,27.18,84.93,1.14,243,0.5,HIGH
2026-09-16 09:08:00,M002,HIGH_HUMIDITY,27.18,84.33,1.23,257,0.526,HIGH
2026-09-16 09:09:00,M002,HIGH_HUMIDITY,27.2,84.15,1.27,262,0.497,HIGH
2026-09-16 09:10:00,M002,HIGH_HUMIDITY,27.05,85.34,1.48,254,0.521,HIGH
2026-09-16 09:11:00,M002,HIGH_HUMIDITY,26.81,84.37,1.19,247,0.55,HIGH
2026-09-16 09:12:00,M002,HIGH_HUMIDITY,27.09,83.6,1.11,262,0.506,HIGH
2026-09-16 09:13:00,M002,HIGH_HUMIDITY,26.89,83.09,1.18,259,0.53,HIGH
2026-09-16 09:14:00,M002,HIGH_HUMIDITY,27.06,85.15,1.09,254,0.521,HIGH
2026-09-16 09:15:00,M002,HIGH_HUMIDITY,26.74,83.9,1.09,253,0.498,HIGH
2026-09-16 09:16:00,M002,HIGH_HUMIDITY,27.09,84.96,1.15,242,0.49,HIGH
2026-09-16 09:17:00,M002,HIGH_HUMIDITY,27.03,83.27,1.24,268,0.54,HIGH
2026-09-16 09:18:00,M002,HIGH_HUMIDITY,27.24,83.85,1.19,238,0.485,HIGH
2026-09-16 09:19:00,M002,HIGH_HUMIDITY,27.04,82.78,1.23,236,0.502,HIGH
2026-09-16 09:20:00,M002,HIGH_HUMIDITY,27.18,83.77,1.18,242,0.519,HIGH
2026-09-16 09:21:00,M002,HIGH_HUMIDITY,26.84,82.92,1.06,225,0.48,HIGH
2026-09-16 09:22:00,M002,HIGH_HUMIDITY,26.96,83.37,1.05,252,0.503,HIGH
2026-09-16 09:23:00,M002,HIGH_HUMIDITY,26.9,82.69,1.08,246,0.493,HIGH
2026-09-16 09:24:00,M002,HIGH_HUMIDITY,26.97,83.72,1.23,244,0.484,HIGH
2026-09-16 09:25:00,M002,HIGH_HUMIDITY,26.79,84.61,1.19,237,0.506,HIGH
2026-09-16 09:26:00,M002,HIGH_HUMIDITY,26.72,82.81,1.18,243,0.507,HIGH
2026-09-16 09:27:00,M002,HIGH_HUMIDITY,27.01,82.59,1.11,248,0.503,HIGH
2026-09-16 09:28:00,M002,HIGH_HUMIDITY,26.64,82.83,1.23,228,0.494,HIGH
2026-09-16 09:29:00,M002,HIGH_HUMIDITY,26.75,81.77,1.12,217,0.487,HIGH
2026-09-16 09:30:00,M002,HIGH_HUMIDITY,26.84,82.25,0.94,232,0.481,HIGH
2026-09-16 09:31:00,M002,HIGH_HUMIDITY,26.63,82.6,1.07,213,0.497,HIGH
2026-09-16 09:32:00,M002,HIGH_HUMIDITY,26.24,82.11,1.1,220,0.451,HIGH
2026-09-16 09:33:00,M002,HIGH_HUMIDITY,26.43,81.9,1.19,210,0.481,HIGH
2026-09-16 09:34:00,M002,HIGH_HUMIDITY,26.49,81.57,0.91,212,0.477,HIGH
2026-09-16 09:35:00,M002,HIGH_HUMIDITY,26.6,82.81,0.94,199,0.478,HIGH
2026-09-16 09:36:00,M002,HIGH_HUMIDITY,26.54,82.6,0.85,241,0.468,HIGH
2026-09-16 09:37:00,M002,HIGH_HUMIDITY,26.75,81.58,1.1,214,0.5,HIGH
2026-09-16 09:38:00,M002,HIGH_HUMIDITY,26.31,80.61,1.0,234,0.482,HIGH
2026-09-16 09:39:00,M002,HIGH_HUMIDITY,26.35,81.71,0.97,234,0.475,HIGH
2026-09-16 09:40:00,M002,HIGH_HUMIDITY,26.25,81.95,0.96,231,0.447,HIGH
2026-09-16 09:41:00,M002,HIGH_HUMIDITY,26.31,80.83,0.82,200,0.471,HIGH
2026-09-16 09:42:00,M002,HIGH_HUMIDITY,26.36,80.55,0.97,214,0.462,HIGH
2026-09-16 09:43:00,M002,HIGH_HUMIDITY,26.16,80.92,0.84,225,0.454,HIGH
2026-09-16 09:44:00,M002,HIGH_HUMIDITY,26.22,82.35,1.01,227,0.448,HIGH
2026-09-16 09:45:00,M002,HIGH_HUMIDITY,26.08,80.95,0.91,204,0.46,HIGH
2026-09-16 09:46:00,M002,HIGH_HUMIDITY,26.08,80.68,0.9,188,0.446,HIGH
2026-09-16 09:47:00,M002,HIGH_HUMIDITY,26.22,80.42,0.9,201,0.422,HIGH
2026-09-16 09:48:00,M002,HIGH_HUMIDITY,25.96,79.09,0.91,187,0.423,HIGH
2026-09-16 09:49:00,M002,HIGH_HUMIDITY,25.69,79.68,0.9,202,0.428,HIGH
2026-09-16 09:50:00,M002,HIGH_HUMIDITY,26.03,78.89,0.92,195,0.425,HIGH
2026-09-16 09:51:00,M002,HIGH_HUMIDITY,26.03,78.13,0.95,194,0.431,HIGH
2026-09-16 09:52:00,M002,HIGH_HUMIDITY,25.87,79.3,0.93,182,0.423,HIGH
2026-09-16 09:53:00,M002,HIGH_HUMIDITY,25.8,79.89,0.88,203,0.425,HIGH
2026-09-16 09:54:00,M002,HIGH_HUMIDITY,25.76,79.26,0.83,207,0.421,HIGH
2026-09-16 09:55:00,M002,HIGH_HUMIDITY,25.79,79.42,0.86,197,0.425,HIGH
2026-09-16 09:56:00,M002,HIGH_HUMIDITY,25.72,79.73,0.75,191,0.417,HIGH
2026-09-16 09:57:00,M002,HIGH_HUMIDITY,25.54,78.85,0.79,190,0.418,HIGH
2026-09-16 09:58:00,M002,HIGH_HUMIDITY,25.35,77.82,0.84,195,0.435,HIGH
2026-09-16 09:59:00,M002,HIGH_HUMIDITY,25.67,79.52,0.92,157,0.369,HIGH
2026-09-16 10:00:00,M002,HIGH_HUMIDITY,25.57,77.71,0.86,180,0.383,HIGH
2026-09-16 10:01:00,M002,HIGH_HUMIDITY,25.82,78.9,0.68,189,0.376,HIGH
2026-09-16 10:02:00,M002,HIGH_HUMIDITY,25.48,79.11,0.65,173,0.381,HIGH
2026-09-16 10:03:00,M002,HIGH_HUMIDITY,25.47,76.6,0.58,180,0.41,HIGH
2026-09-16 10:04:00,M002,HIGH_HUMIDITY,25.64,77.77,0.69,156,0.379,HIGH
2026-09-16 10:05:00,M002,HIGH_HUMIDITY,25.46,77.6,0.73,179,0.39,HIGH
2026-09-16 10:06:00,M002,HIGH_HUMIDITY,25.82,78.2,0.52,156,0.377,HIGH
2026-09-16 10:07:00,M002,HIGH_HUMIDITY,25.29,77.57,0.78,173,0.354,HIGH
2026-09-16 10:08:00,M002,HIGH_HUMIDITY,25.63,77.48,0.65,173,0.382,HIGH
2026-09-16 10:09:00,M002,HIGH_HUMIDITY,25.26,77.53,0.74,183,0.356,HIGH
2026-09-16 10:10:00,M002,HIGH_HUMIDITY,25.35,78.35,0.62,151,0.356,HIGH
2026-09-16 10:11:00,M002,HIGH_HUMIDITY,25.41,77.2,0.63,169,0.36,HIGH
2026-09-16 10:12:00,M002,HIGH_HUMIDITY,25.37,78.0,0.65,171,0.382,HIGH
2026-09-16 10:13:00,M002,HIGH_HUMIDITY,25.38,77.77,0.45,163,0.367,HIGH
2026-09-16 10:14:00,M002,HIGH_HUMIDITY,25.21,76.39,0.59,153,0.364,HIGH
2026-09-16 10:15:00,M002,HIGH_HUMIDITY,25.32,76.68,0.68,154,0.345,HIGH
2026-09-16 10:16:00,M002,HIGH_HUMIDITY,25.2,76.47,0.66,157,0.363,HIGH
2026-09-16 10:17:00,M002,HIGH_HUMIDITY,25.31,75.59,0.57,159,0.319,HIGH
2026-09-16 10:18:00,M002,HIGH_HUMIDITY,25.14,76.41,0.46,173,0.351,HIGH
2026-09-16 10:19:00,M002,HIGH_HUMIDITY,24.75,76.14,0.54,154,0.334,HIGH
2026-09-16 10:20:00,M002,HIGH_HUMIDITY,24.92,76.51,0.48,166,0.354,HIGH
2026-09-16 10:21:00,M002,HIGH_HUMIDITY,25.1,75.9,0.56,154,0.346,HIGH
2026-09-16 10:22:00,M002,HIGH_HUMIDITY,24.79,76.17,0.36,154,0.385,HIGH
2026-09-16 10:23:00,M002,HIGH_HUMIDITY,24.87,75.58,0.6,141,0.322,HIGH
2026-09-16 10:24:00,M002,HIGH_HUMIDITY,24.97,76.12,0.59,145,0.327,HIGH
2026-09-16 10:25:00,M002,HIGH_HUMIDITY,24.94,75.49,0.54,166,0.322,HIGH
2026-09-16 10:26:00,M002,HIGH_HUMIDITY,24.78,75.83,0.47,131,0.311,HIGH
2026-09-16 10:27:00,M002,HIGH_HUMIDITY,24.65,75.76,0.45,169,0.34,HIGH
2026-09-16 10:28:00,M002,HIGH_HUMIDITY,24.77,75.03,0.47,130,0.33,HIGH
2026-09-16 10:29:00,M002,HIGH_HUMIDITY,25.1,75.47,0.44,122,0.305,HIGH
2026-09-16 10:30:00,M002,HIGH_HUMIDITY,24.92,75.54,0.51,128,0.344,HIGH
2026-09-16 10:31:00,M002,HIGH_HUMIDITY,24.81,74.39,0.4,137,0.327,HIGH
2026-09-16 10:32:00,M002,HIGH_HUMIDITY,24.61,76.08,0.48,154,0.352,HIGH
2026-09-16 10:33:00,M002,HIGH_HUMIDITY,24.82,75.06,0.53,123,0.345,HIGH
2026-09-16 10:34:00,M002,HIGH_HUMIDITY,24.85,75.15,0.39,127,0.319,HIGH
2026-09-16 10:35:00,M002,HIGH_HUMIDITY,24.92,75.37,0.3,134,0.333,HIGH
2026-09-16 10:36:00,M002,HIGH_HUMIDITY,25.13,75.25,0.5,142,0.316,HIGH
2026-09-16 10:37:00,M002,HIGH_HUMIDITY,24.65,74.73,0.36,147,0.337,HIGH
2026-09-16 10:38:00,M002,HIGH_HUMIDITY,24.79,74.88,0.55,168,0.291,HIGH
2026-09-16 10:39:00,M002,HIGH_HUMIDITY,24.91,75.35,0.49,149,0.348,HIGH
2026-09-16 10:40:00,M002,HIGH_HUMIDITY,24.79,76.62,0.37,150,0.296,HIGH
2026-09-16 10:41:00,M002,HIGH_HUMIDITY,24.58,75.5,0.52,133,0.33,HIGH
2026-09-16 10:42:00,M002,HIGH_HUMIDITY,24.69,75.93,0.35,143,0.325,HIGH
2026-09-16 10:43:00,M002,HIGH_HUMIDITY,24.84,75.21,0.45,109,0.294,HIGH
2026-09-16 10:44:00,M002,HIGH_HUMIDITY,24.96,75.65,0.57,141,0.35,HIGH
2026-09-16 10:45:00,M002,HIGH_HUMIDITY,24.78,75.86,0.42,133,0.336,HIGH
2026-09-16 10:46:00,M002,HIGH_HUMIDITY,24.57,76.18,0.6,140,0.344,HIGH
2026-09-16 10:47:00,M002,HIGH_HUMIDITY,24.72,75.05,0.48,133,0.333,HIGH
2026-09-16 10:48:00,M002,HIGH_HUMIDITY,24.95,75.64,0.42,122,0.328,HIGH
2026-09-16 10:49:00,M002,HIGH_HUMIDITY,24.75,74.2,0.37,137,0.347,HIGH
2026-09-16 10:50:00,M002,HIGH_HUMIDITY,24.87,74.69,0.38,129,0.303,HIGH
2026-09-16 10:51:00,M002,HIGH_HUMIDITY,24.84,75.99,0.68,162,0.313,HIGH
2026-09-16 10:52:00,M002,HIGH_HUMIDITY,24.98,75.37,0.6,147,0.314,HIGH
2026-09-16 10:53:00,M002,HIGH_HUMIDITY,24.99,74.83,0.42,138,0.318,HIGH
2026-09-16 10:54:00,M002,HIGH_HUMIDITY,24.51,76.01,0.68,127,0.347,HIGH
2026-09-16 10:55:00,M002,HIGH_HUMIDITY,24.58,75.35,0.41,145,0.334,HIGH
2026-09-16 10:56:00,M002,HIGH_HUMIDITY,24.65,75.34,0.54,132,0.347,HIGH
2026-09-16 10:57:00,M002,HIGH_HUMIDITY,25.08,75.19,0.59,120,0.316,HIGH
2026-09-16 10:58:00,M002,HIGH_HUMIDITY,24.97,76.15,0.57,156,0.328,HIGH
2026-09-16 10:59:00,M002,HIGH_HUMIDITY,25.01,75.61,0.38,156,0.339,HIGH
2026-09-16 11:00:00,M002,HIGH_HUMIDITY,24.89,75.28,0.65,134,0.331,HIGH
2026-09-16 11:01:00,M002,HIGH_HUMIDITY,24.81,75.67,0.59,151,0.326,HIGH
2026-09-16 11:02:00,M002,HIGH_HUMIDITY,25.07,76.37,0.5,142,0.32,HIGH
2026-09-16 11:03:00,M002,HIGH_HUMIDITY,24.66,76.83,0.46,134,0.319,HIGH
2026-09-16 11:04:00,M002,HIGH_HUMIDITY,24.79,76.62,0.51,137,0.321,HIGH
2026-09-16 11:05:00,M002,HIGH_HUMIDITY,24.84,76.7,0.41,151,0.346,HIGH
2026-09-16 11:06:00,M002,HIGH_HUMIDITY,25.07,76.2,0.52,123,0.338,HIGH
2026-09-16 11:07:00,M002,HIGH_HUMIDITY,24.95,75.29,0.65,167,0.334,HIGH
2026-09-16 11:08:00,M002,HIGH_HUMIDITY,25.11,76.22,0.4,148,0.358,HIGH
2026-09-16 11:09:00,M002,HIGH_HUMIDITY,25.06,75.67,0.64,158,0.324,HIGH
2026-09-16 11:10:00,M002,HIGH_HUMIDITY,25.01,76.12,0.48,164,0.337,HIGH
2026-09-16 11:11:00,M002,HIGH_HUMIDITY,25.14,77.63,0.51,143,0.348,HIGH
2026-09-16 11:12:00,M002,HIGH_HUMIDITY,25.07,76.37,0.5,139,0.343,HIGH
2026-09-16 11:13:00,M002,HIGH_HUMIDITY,24.96,75.97,0.8,188,0.394,HIGH
2026-09-16 11:14:00,M002,HIGH_HUMIDITY,25.15,76.08,0.63,147,0.35,HIGH
2026-09-16 11:15:00,M002,HIGH_HUMIDITY,25.07,77.46,0.59,165,0.346,HIGH
2026-09-16 11:16:00,M002,HIGH_HUMIDITY,25.22,75.83,0.6,159,0.366,HIGH
2026-09-16 11:17:00,M002,HIGH_HUMIDITY,25.2,76.46,0.62,181,0.359,HIGH
2026-09-16 11:18:00,M002,HIGH_HUMIDITY,25.59,75.61,0.56,162,0.341,HIGH
2026-09-16 11:19:00,M002,HIGH_HUMIDITY,24.89,77.35,0.55,157,0.364,HIGH
2026-09-16 11:20:00,M002,HIGH_HUMIDITY,25.32,77.04,0.69,159,0.389,HIGH
2026-09-16 11:21:00,M002,HIGH_HUMIDITY,25.58,76.54,0.58,180,0.349,HIGH
2026-09-16 11:22:00,M002,HIGH_HUMIDITY,25.33,77.77,0.74,185,0.372,HIGH
2026-09-16 11:23:00,M002,HIGH_HUMIDITY,25.53,78.0,0.8,172,0.374,HIGH
2026-09-16 11:24:00,M002,HIGH_HUMIDITY,25.45,77.09,0.58,142,0.405,HIGH
2026-09-16 11:25:00,M002,HIGH_HUMIDITY,25.82,76.94,0.76,180,0.379,HIGH
2026-09-16 11:26:00,M002,HIGH_HUMIDITY,25.64,78.1,0.91,188,0.371,HIGH
2026-09-16 11:27:00,M002,HIGH_HUMIDITY,25.4,79.17,0.69,176,0.39,HIGH
2026-09-16 11:28:00,M002,HIGH_HUMIDITY,25.62,79.16,0.65,153,0.381,HIGH
2026-09-16 11:29:00,M002,HIGH_HUMIDITY,25.51,78.14,0.6,171,0.368,HIGH
2026-09-16 11:30:00,M002,HIGH_HUMIDITY,25.82,77.99,0.73,201,0.39,HIGH
2026-09-16 11:31:00,M002,HIGH_HUMIDITY,25.76,79.46,0.8,178,0.381,HIGH
2026-09-16 11:32:00,M002,HIGH_HUMIDITY,25.94,79.07,0.71,183,0.401,HIGH
2026-09-16 11:33:00,M002,HIGH_HUMIDITY,25.49,79.39,0.86,181,0.39,HIGH
2026-09-16 11:34:00,M002,HIGH_HUMIDITY,25.74,79.09,0.94,200,0.411,HIGH
2026-09-16 11:35:00,M002,HIGH_HUMIDITY,25.74,79.4,0.78,178,0.403,HIGH
2026-09-16 11:36:00,M002,HIGH_HUMIDITY,25.94,78.8,0.71,192,0.407,HIGH
2026-09-16 11:37:00,M002,HIGH_HUMIDITY,25.63,80.39,0.91,220,0.409,HIGH
2026-09-16 11:38:00,M002,HIGH_HUMIDITY,26.03,80.55,0.87,211,0.423,HIGH
2026-09-16 11:39:00,M002,HIGH_HUMIDITY,25.9,80.2,0.88,207,0.442,HIGH
2026-09-16 11:40:00,M002,HIGH_HUMIDITY,26.03,79.9,0.94,199,0.411,HIGH
2026-09-16 11:41:00,M002,HIGH_HUMIDITY,26.2,78.81,0.95,212,0.429,HIGH
2026-09-16 11:42:00,M002,HIGH_HUMIDITY,26.26,80.05,0.9,187,0.41,HIGH
2026-09-16 11:43:00,M002,HIGH_HUMIDITY,26.18,80.18,0.8,217,0.433,HIGH
2026-09-16 11:44:00,M002,HIGH_HUMIDITY,26.04,80.48,1.01,220,0.439,HIGH
2026-09-16 11:45:00,M002,HIGH_HUMIDITY,26.28,80.35,1.05,225,0.434,HIGH
2026-09-16 11:46:00,M002,HIGH_HUMIDITY,26.25,81.44,0.99,223,0.456,HIGH
2026-09-16 11:47:00,M002,HIGH_HUMIDITY,26.3,79.97,1.04,208,0.451,HIGH
2026-09-16 11:48:00,M002,HIGH_HUMIDITY,26.28,81.8,0.91,200,0.475,HIGH
2026-09-16 11:49:00,M002,HIGH_HUMIDITY,26.43,82.24,0.95,220,0.468,HIGH
2026-09-16 11:50:00,M002,HIGH_HUMIDITY,26.18,80.4,0.9,210,0.487,HIGH
2026-09-16 11:51:00,M002,HIGH_HUMIDITY,26.79,81.38,0.98,215,0.454,HIGH
2026-09-16 11:52:00,M002,HIGH_HUMIDITY,26.47,81.87,0.96,219,0.45,HIGH
2026-09-16 11:53:00,M002,HIGH_HUMIDITY,26.33,81.52,1.05,228,0.455,HIGH
2026-09-16 11:54:00,M002,HIGH_HUMIDITY,26.63,81.94,1.08,222,0.498,HIGH
2026-09-16 11:55:00,M002,HIGH_HUMIDITY,26.73,82.49,1.13,218,0.5,HIGH
2026-09-16 11:56:00,M002,HIGH_HUMIDITY,26.34,82.2,0.98,204,0.449,HIGH
2026-09-16 11:57:00,M002,HIGH_HUMIDITY,26.5,82.58,1.01,240,0.469,HIGH
2026-09-16 11:58:00,M002,HIGH_HUMIDITY,26.45,83.26,1.14,227,0.449,HIGH
2026-09-16 11:59:00,M002,HIGH_HUMIDITY,26.45,82.18,1.06,246,0.481,HIGH
2026-09-16 12:00:00,M002,HIGH_HUMIDITY,26.7,82.9,0.97,246,0.509,HIGH
2026-09-16 12:01:00,M002,HIGH_HUMIDITY,26.77,83.73,1.05,234,0.509,HIGH
2026-09-16 12:02:00,M002,HIGH_HUMIDITY,26.69,82.46,1.22,234,0.473,HIGH
2026-09-16 12:03:00,M002,HIGH_HUMIDITY,26.74,81.59,1.17,253,0.468,HIGH
2026-09-16 12:04:00,M002,HIGH_HUMIDITY,26.66,84.26,1.17,234,0.489,HIGH
2026-09-16 12:05:00,M002,HIGH_HUMIDITY,26.86,84.08,1.17,246,0.491,HIGH
2026-09-16 12:06:00,M002,HIGH_HUMIDITY,27.07,83.65,1.03,236,0.528,HIGH
2026-09-16 12:07:00,M002,HIGH_HUMIDITY,26.55,82.69,1.17,241,0.479,HIGH
2026-09-16 12:08:00,M002,HIGH_HUMIDITY,26.31,83.26,1.22,231,0.481,HIGH
2026-09-16 12:09:00,M002,HIGH_HUMIDITY,27.01,84.46,1.07,240,0.476,HIGH
2026-09-16 12:10:00,M002,HIGH_HUMIDITY,26.91,83.17,1.13,216,0.521,HIGH
2026-09-16 12:11:00,M002,HIGH_HUMIDITY,26.64,82.88,1.14,223,0.479,HIGH
2026-09-16 12:12:00,M002,HIGH_HUMIDITY,26.81,82.65,1.11,247,0.538,HIGH
2026-09-16 12:13:00,M002,HIGH_HUMIDITY,27.12,82.33,1.15,238,0.518,HIGH
2026-09-16 12:14:00,M002,HIGH_HUMIDITY,26.94,84.21,1.22,245,0.483,HIGH
2026-09-16 12:15:00,M002,HIGH_HUMIDITY,26.95,84.46,1.22,248,0.525,HIGH
2026-09-16 12:16:00,M002,HIGH_HUMIDITY,27.02,83.3,1.2,262,0.538,HIGH
2026-09-16 12:17:00,M002,HIGH_HUMIDITY,26.96,84.28,1.17,236,0.522,HIGH
2026-09-16 12:18:00,M002,HIGH_HUMIDITY,26.92,84.31,1.14,246,0.517,HIGH
2026-09-16 12:19:00,M002,HIGH_HUMIDITY,27.09,84.64,1.17,251,0.526,HIGH
2026-09-16 12:20:00,M002,HIGH_HUMIDITY,27.03,84.4,1.16,254,0.535,HIGH
2026-09-16 12:21:00,M002,HIGH_HUMIDITY,27.24,84.96,1.31,257,0.539,HIGH
2026-09-16 12:22:00,M002,HIGH_HUMIDITY,27.07,85.13,1.27,276,0.538,HIGH
2026-09-16 12:23:00,M002,HIGH_HUMIDITY,27.24,84.74,1.18,249,0.539,HIGH
2026-09-16 12:24:00,M002,HIGH_HUMIDITY,26.94,85.58,1.24,265,0.542,HIGH
2026-09-16 12:25:00,M002,HIGH_HUMIDITY,27.19,84.56,1.06,262,0.536,HIGH
2026-09-16 12:26:00,M002,HIGH_HUMIDITY,26.93,84.77,1.22,271,0.497,HIGH
2026-09-16 12:27:00,M002,HIGH_HUMIDITY,27.08,84.56,1.16,261,0.491,HIGH
2026-09-16 12:28:00,M002,HIGH_HUMIDITY,26.82,84.7,1.28,249,0.535,HIGH
2026-09-16 12:29:00,M002,HIGH_HUMIDITY,27.23,85.11,1.24,239,0.529,HIGH
2026-09-16 12:30:00,M002,HIGH_HUMIDITY,27.21,85.72,1.12,287,0.528,HIGH
2026-09-16 12:31:00,M002,HIGH_HUMIDITY,27.02,84.59,1.33,260,0.516,HIGH
2026-09-16 12:32:00,M002,HIGH_HUMIDITY,27.31,85.41,1.24,280,0.567,HIGH
2026-09-16 12:33:00,M002,HIGH_HUMIDITY,26.81,84.81,1.38,266,0.556,HIGH
2026-09-16 12:34:00,M002,HIGH_HUMIDITY,27.29,83.87,1.19,260,0.553,HIGH
2026-09-16 12:35:00,M002,HIGH_HUMIDITY,27.19,84.49,1.2,262,0.534,HIGH
2026-09-16 12:36:00,M002,HIGH_HUMIDITY,27.57,84.71,1.14,267,0.535,HIGH
2026-09-16 12:37:00,M002,HIGH_HUMIDITY,27.23,84.33,1.28,254,0.52,HIGH
2026-09-16 12:38:00,M002,HIGH_HUMIDITY,27.1,85.41,1.13,259,0.525,HIGH
2026-09-16 12:39:00,M002,HIGH_HUMIDITY,27.31,84.65,1.31,250,0.537,HIGH
2026-09-16 12:40:00,M002,HIGH_HUMIDITY,27.23,84.8,1.36,266,0.533,HIGH
2026-09-16 12:41:00,M002,HIGH_HUMIDITY,27.36,84.97,1.21,271,0.567,HIGH
2026-09-16 12:42:00,M002,HIGH_HUMIDITY,27.08,85.11,1.24,260,0.495,HIGH
2026-09-16 12:43:00,M002,HIGH_HUMIDITY,27.06,84.15,1.34,245,0.55,HIGH
2026-09-16 12:44:00,M002,HIGH_HUMIDITY,27.01,84.52,1.19,251,0.499,HIGH
2026-09-16 12:45:00,M002,HIGH_HUMIDITY,27.37,85.31,1.32,269,0.541,HIGH
2026-09-16 12:46:00,M002,HIGH_HUMIDITY,27.34,84.06,1.26,274,0.531,HIGH
2026-09-16 12:47:00,M002,HIGH_HUMIDITY,27.1,83.95,1.2,251,0.471,HIGH
2026-09-16 12:48:00,M002,HIGH_HUMIDITY,27.19,85.43,1.26,258,0.51,HIGH
2026-09-16 12:49:00,M002,HIGH_HUMIDITY,27.06,85.3,1.1,282,0.495,HIGH
2026-09-16 12:50:00,M002,HIGH_HUMIDITY,27.23,83.92,1.17,229,0.537,HIGH
2026-09-16 12:51:00,M002,HIGH_HUMIDITY,27.14,84.98,1.16,270,0.522,HIGH
2026-09-16 12:52:00,M002,HIGH_HUMIDITY,27.03,83.91,1.29,257,0.525,HIGH
2026-09-16 12:53:00,M002,HIGH_HUMIDITY,26.8,84.12,1.11,242,0.484,HIGH
2026-09-16 12:54:00,M002,HIGH_HUMIDITY,27.12,84.02,1.18,239,0.518,HIGH
2026-09-16 12:55:00,M002,HIGH_HUMIDITY,26.84,83.96,1.23,255,0.523,HIGH
2026-09-16 12:56:00,M002,HIGH_HUMIDITY,26.88,82.7,1.19,236,0.506,HIGH
2026-09-16 12:57:00,M002,HIGH_HUMIDITY,26.78,83.71,1.22,244,0.488,HIGH
2026-09-16 12:58:00,M002,HIGH_HUMIDITY,26.97,83.95,1.16,251,0.529,HIGH
2026-09-16 12:59:00,M002,HIGH_HUMIDITY,27.19,84.15,1.12,250,0.481,HIGH
2026-09-16 13:00:00,M002,HIGH_HUMIDITY,26.9,84.79,1.14,245,0.49,HIGH
2026-09-16 13:01:00,M002,HIGH_HUMIDITY,27.06,83.33,1.16,240,0.481,HIGH
2026-09-16 13:02:00,M002,HIGH_HUMIDITY,26.82,82.77,1.07,236,0.53,HIGH
2026-09-16 13:03:00,M002,HIGH_HUMIDITY,26.93,83.52,1.07,249,0.495,HIGH
2026-09-16 13:04:00,M002,HIGH_HUMIDITY,27.0,83.07,1.25,237,0.497,HIGH
2026-09-16 13:05:00,M002,HIGH_HUMIDITY,26.7,83.1,1.03,225,0.464,HIGH
2026-09-16 13:06:00,M002,HIGH_HUMIDITY,26.62,82.4,1.12,230,0.488,HIGH
2026-09-16 13:07:00,M002,HIGH_HUMIDITY,26.93,83.28,0.96,241,0.499,HIGH
2026-09-16 13:08:00,M002,HIGH_HUMIDITY,26.67,82.18,1.1,232,0.491,HIGH
2026-09-16 13:09:00,M002,HIGH_HUMIDITY,26.76,82.94,1.03,214,0.485,HIGH
2026-09-16 13:10:00,M002,HIGH_HUMIDITY,26.62,82.45,1.08,238,0.462,HIGH
2026-09-16 13:11:00,M002,HIGH_HUMIDITY,26.75,82.67,1.06,231,0.517,HIGH
2026-09-16 13:12:00,M002,HIGH_HUMIDITY,26.65,82.27,0.91,226,0.484,HIGH
2026-09-16 13:13:00,M002,HIGH_HUMIDITY,26.35,82.11,1.04,237,0.447,HIGH
2026-09-16 13:14:00,M002,HIGH_HUMIDITY,26.49,81.93,1.02,231,0.486,HIGH
2026-09-16 13:15:00,M002,HIGH_HUMIDITY,26.66,83.62,1.03,230,0.466,HIGH
2026-09-16 13:16:00,M002,HIGH_HUMIDITY,26.44,81.25,0.98,215,0.443,HIGH
2026-09-16 13:17:00,M002,HIGH_HUMIDITY,26.45,81.34,1.0,218,0.471,HIGH
2026-09-16 13:18:00,M002,HIGH_HUMIDITY,26.62,81.91,0.95,215,0.463,HIGH
2026-09-16 13:19:00,M002,HIGH_HUMIDITY,26.29,81.22,1.06,221,0.448,HIGH
2026-09-16 13:20:00,M002,HIGH_HUMIDITY,26.36,81.24,0.92,219,0.447,HIGH
2026-09-16 13:21:00,M002,HIGH_HUMIDITY,26.2,81.64,0.89,231,0.429,HIGH
2026-09-16 13:22:00,M002,HIGH_HUMIDITY,26.34,81.3,0.96,217,0.464,HIGH
2026-09-16 13:23:00,M002,HIGH_HUMIDITY,26.19,80.67,0.9,235,0.427,HIGH
2026-09-16 13:24:00,M002,HIGH_HUMIDITY,26.37,80.25,0.96,223,0.421,HIGH
2026-09-16 13:25:00,M002,HIGH_HUMIDITY,26.02,81.2,1.0,201,0.47,HIGH
2026-09-16 13:26:00,M002,HIGH_HUMIDITY,26.08,80.75,0.99,197,0.465,HIGH
2026-09-16 13:27:00,M002,HIGH_HUMIDITY,25.97,80.31,0.85,233,0.434,HIGH
2026-09-16 13:28:00,M002,HIGH_HUMIDITY,26.2,80.98,0.84,214,0.425,HIGH
2026-09-16 13:29:00,M002,HIGH_HUMIDITY,25.75,79.86,0.86,174,0.406,HIGH
2026-09-16 13:30:00,M002,HIGH_HUMIDITY,25.98,80.23,0.9,199,0.413,HIGH
2026-09-16 13:31:00,M002,HIGH_HUMIDITY,26.05,78.95,0.89,179,0.437,HIGH
2026-09-16 13:32:00,M002,HIGH_HUMIDITY,25.78,80.68,0.79,189,0.4,HIGH
2026-09-16 13:33:00,M002,HIGH_HUMIDITY,25.98,78.78,0.79,199,0.4,HIGH
2026-09-16 13:34:00,M002,HIGH_HUMIDITY,25.71,79.08,0.7,184,0.412,HIGH
2026-09-16 13:35:00,M002,HIGH_HUMIDITY,25.57,79.28,0.8,193,0.409,HIGH
2026-09-16 13:36:00,M002,HIGH_HUMIDITY,25.41,78.56,0.8,187,0.386,HIGH
2026-09-16 13:37:00,M002,HIGH_HUMIDITY,26.0,79.8,0.66,186,0.413,HIGH
2026-09-16 13:38:00,M002,HIGH_HUMIDITY,25.98,77.51,0.81,181,0.403,HIGH
2026-09-16 13:39:00,M002,HIGH_HUMIDITY,25.64,79.8,0.9,181,0.381,HIGH
2026-09-16 13:40:00,M002,HIGH_HUMIDITY,26.06,78.88,0.65,196,0.391,HIGH
2026-09-16 13:41:00,M002,HIGH_HUMIDITY,25.57,79.15,0.59,192,0.395,HIGH
2026-09-16 13:42:00,M002,HIGH_HUMIDITY,25.64,78.47,0.59,170,0.395,HIGH
2026-09-16 13:43:00,M002,HIGH_HUMIDITY,25.64,78.18,0.58,175,0.372,HIGH
2026-09-16 13:44:00,M002,HIGH_HUMIDITY,25.4,78.4,0.72,158,0.381,HIGH
2026-09-16 13:45:00,M002,HIGH_HUMIDITY,25.58,78.09,0.67,175,0.36,HIGH
2026-09-16 13:46:00,M002,HIGH_HUMIDITY,25.76,77.93,0.61,151,0.347,HIGH
2026-09-16 13:47:00,M002,HIGH_HUMIDITY,25.33,78.38,0.62,168,0.357,HIGH
2026-09-16 13:48:00,M002,HIGH_HUMIDITY,25.64,79.04,0.44,166,0.381,HIGH
2026-09-16 13:49:00,M002,HIGH_HUMIDITY,25.45,77.15,0.61,177,0.396,HIGH
2026-09-16 13:50:00,M002,HIGH_HUMIDITY,25.06,76.92,0.67,155,0.358,HIGH
2026-09-16 13:51:00,M002,HIGH_HUMIDITY,25.53,77.43,0.59,171,0.341,HIGH
2026-09-16 13:52:00,M002,HIGH_HUMIDITY,25.31,77.43,0.71,172,0.365,HIGH
2026-09-16 13:53:00,M002,HIGH_HUMIDITY,25.23,76.87,0.7,178,0.37,HIGH
2026-09-16 13:54:00,M002,HIGH_HUMIDITY,25.24,76.38,0.49,156,0.371,HIGH
2026-09-16 13:55:00,M002,HIGH_HUMIDITY,25.23,77.64,0.58,141,0.343,HIGH
2026-09-16 13:56:00,M002,HIGH_HUMIDITY,25.31,76.88,0.59,158,0.344,HIGH
2026-09-16 13:57:00,M002,HIGH_HUMIDITY,25.26,76.29,0.61,158,0.323,HIGH
2026-09-16 13:58:00,M002,HIGH_HUMIDITY,25.38,76.36,0.63,164,0.349,HIGH
2026-09-16 13:59:00,M002,HIGH_HUMIDITY,25.03,76.56,0.52,145,0.338,HIGH
2026-09-16 14:00:00,M002,HIGH_HUMIDITY,24.82,75.7,0.54,161,0.31,HIGH
2026-09-16 14:01:00,M002,HIGH_HUMIDITY,25.14,77.11,0.61,169,0.322,HIGH
2026-09-16 14:02:00,M002,HIGH_HUMIDITY,24.89,75.27,0.65,178,0.313,HIGH
2026-09-16 14:03:00,M002,HIGH_HUMIDITY,25.0,75.23,0.39,140,0.365,HIGH
2026-09-16 14:04:00,M002,HIGH_HUMIDITY,24.92,76.53,0.58,140,0.361,HIGH
2026-09-16 14:05:00,M002,HIGH_HUMIDITY,24.81,75.6,0.55,146,0.332,HIGH
2026-09-16 14:06:00,M002,HIGH_HUMIDITY,25.1,76.6,0.37,149,0.357,HIGH
2026-09-16 14:07:00,M002,HIGH_HUMIDITY,25.2,74.19,0.45,148,0.326,HIGH
2026-09-16 14:08:00,M002,HIGH_HUMIDITY,25.05,76.04,0.55,144,0.329,HIGH
2026-09-16 14:09:00,M002,HIGH_HUMIDITY,25.07,76.01,0.52,147,0.317,HIGH
2026-09-16 14:10:00,M002,HIGH_HUMIDITY,24.78,75.7,0.57,133,0.335,HIGH
2026-09-16 14:11:00,M002,HIGH_HUMIDITY,24.95,75.4,0.48,152,0.314,HIGH
2026-09-16 14:12:00,M002,HIGH_HUMIDITY,25.1,74.39,0.54,152,0.351,HIGH
2026-09-16 14:13:00,M002,HIGH_HUMIDITY,24.54,74.78,0.57,134,0.325,HIGH
2026-09-16 14:14:00,M002,HIGH_HUMIDITY,25.03,74.74,0.4,131,0.324,HIGH
2026-09-16 14:15:00,M002,HIGH_HUMIDITY,24.73,75.42,0.47,148,0.312,HIGH
2026-09-16 14:16:00,M002,HIGH_HUMIDITY,24.92,75.89,0.54,147,0.316,HIGH
2026-09-16 14:17:00,M002,HIGH_HUMIDITY,24.85,74.42,0.49,152,0.311,HIGH
2026-09-16 14:18:00,M002,HIGH_HUMIDITY,25.04,75.82,0.62,128,0.323,HIGH
2026-09-16 14:19:00,M002,HIGH_HUMIDITY,24.71,75.0,0.53,155,0.321,HIGH
2026-09-16 14:20:00,M002,HIGH_HUMIDITY,24.76,74.55,0.46,144,0.332,HIGH
2026-09-16 14:21:00,M002,HIGH_HUMIDITY,24.96,74.87,0.41,156,0.325,HIGH
2026-09-16 14:22:00,M002,HIGH_HUMIDITY,24.53,76.24,0.41,150,0.315,HIGH
2026-09-16 14:23:00,M002,HIGH_HUMIDITY,24.81,76.27,0.32,136,0.307,HIGH
2026-09-16 14:24:00,M002,HIGH_HUMIDITY,24.76,75.0,0.53,145,0.312,HIGH
2026-09-16 14:25:00,M002,HIGH_HUMIDITY,25.04,75.74,0.39,136,0.308,HIGH
2026-09-16 14:26:00,M002,HIGH_HUMIDITY,24.84,74.96,0.52,134,0.32,HIGH
2026-09-16 14:27:00,M002,HIGH_HUMIDITY,24.71,74.82,0.53,122,0.324,HIGH
2026-09-16 14:28:00,M002,HIGH_HUMIDITY,24.94,76.06,0.39,155,0.319,HIGH
2026-09-16 14:29:00,M002,HIGH_HUMIDITY,24.82,75.41,0.36,156,0.333,HIGH
2026-09-16 14:30:00,M002,HIGH_HUMIDITY,24.71,74.88,0.65,138,0.32,HIGH
2026-09-16 14:31:00,M002,HIGH_HUMIDITY,24.56,75.13,0.51,134,0.324,HIGH
2026-09-16 14:32:00,M002,HIGH_HUMIDITY,24.88,75.07,0.55,139,0.321,HIGH
2026-09-16 14:33:00,M002,HIGH_HUMIDITY,24.83,74.18,0.52,151,0.337,HIGH
2026-09-16 14:34:00,M002,HIGH_HUMIDITY,24.91,75.31,0.52,175,0.304,HIGH
2026-09-16 14:35:00,M002,HIGH_HUMIDITY,24.95,75.72,0.54,125,0.36,HIGH
2026-09-16 14:36:00,M002,HIGH_HUMIDITY,25.07,75.3,0.62,145,0.363,HIGH
2026-09-16 14:37:00,M002,HIGH_HUMIDITY,24.91,74.21,0.48,138,0.302,HIGH
2026-09-16 14:38:00,M002,HIGH_HUMIDITY,24.73,75.72,0.43,156,0.298,HIGH
2026-09-16 14:39:00,M002,HIGH_HUMIDITY,24.86,75.9,0.52,138,0.333,HIGH
2026-09-16 14:40:00,M002,HIGH_HUMIDITY,24.75,75.2,0.39,161,0.323,HIGH
2026-09-16 14:41:00,M002,HIGH_HUMIDITY,24.77,75.53,0.61,168,0.316,HIGH
2026-09-16 14:42:00,M002,HIGH_HUMIDITY,25.23,75.74,0.6,158,0.319,HIGH
2026-09-16 14:43:00,M002,HIGH_HUMIDITY,24.85,74.78,0.52,153,0.331,HIGH
2026-09-16 14:44:00,M002,HIGH_HUMIDITY,24.78,76.2,0.58,151,0.325,HIGH
2026-09-16 14:45:00,M002,HIGH_HUMIDITY,25.05,75.39,0.55,154,0.356,HIGH
2026-09-16 14:46:00,M002,HIGH_HUMIDITY,25.31,77.25,0.6,144,0.351,HIGH
2026-09-16 14:47:00,M002,HIGH_HUMIDITY,24.81,76.14,0.53,146,0.349,HIGH
2026-09-16 14:48:00,M002,HIGH_HUMIDITY,24.99,77.52,0.53,176,0.348,HIGH
2026-09-16 14:49:00,M002,HIGH_HUMIDITY,24.92,76.39,0.72,152,0.346,HIGH
2026-09-16 14:50:00,M002,HIGH_HUMIDITY,25.19,76.91,0.62,135,0.334,HIGH
2026-09-16 14:51:00,M002,HIGH_HUMIDITY,25.04,78.44,0.5,158,0.395,HIGH
2026-09-16 14:52:00,M002,HIGH_HUMIDITY,25.23,77.45,0.64,138,0.342,HIGH
2026-09-16 14:53:00,M002,HIGH_HUMIDITY,25.13,75.53,0.42,171,0.386,HIGH
2026-09-16 14:54:00,M002,HIGH_HUMIDITY,25.03,76.71,0.7,172,0.33,HIGH
2026-09-16 14:55:00,M002,HIGH_HUMIDITY,25.22,77.16,0.45,155,0.347,HIGH
2026-09-16 14:56:00,M002,HIGH_HUMIDITY,24.88,76.49,0.62,168,0.337,HIGH
2026-09-16 14:57:00,M002,HIGH_HUMIDITY,25.36,76.98,0.6,157,0.324,HIGH
2026-09-16 14:58:00,M002,HIGH_HUMIDITY,25.44,77.52,0.62,159,0.34,HIGH
2026-09-16 14:59:00,M002,HIGH_HUMIDITY,25.4,77.03,0.68,175,0.358,HIGH
2026-09-16 15:00:00,M002,HIGH_HUMIDITY,25.24,77.34,0.67,147,0.372,HIGH
2026-09-16 15:01:00,M002,HIGH_HUMIDITY,25.16,77.33,0.83,158,0.354,HIGH
2026-09-16 15:02:00,M002,HIGH_HUMIDITY,25.35,77.54,0.56,175,0.385,HIGH
2026-09-16 15:03:00,M002,HIGH_HUMIDITY,25.53,78.02,0.65,161,0.378,HIGH
2026-09-16 15:04:00,M002,HIGH_HUMIDITY,25.57,77.38,0.66,174,0.419,HIGH
2026-09-16 15:05:00,M002,HIGH_HUMIDITY,25.69,78.92,0.75,168,0.393,HIGH
2026-09-16 15:06:00,M002,HIGH_HUMIDITY,25.79,77.54,0.71,179,0.395,HIGH
2026-09-16 15:07:00,M002,HIGH_HUMIDITY,25.76,78.18,0.7,217,0.379,HIGH
2026-09-16 15:08:00,M002,HIGH_HUMIDITY,25.39,78.52,0.68,178,0.389,HIGH
2026-09-16 15:09:00,M002,HIGH_HUMIDITY,25.28,78.62,0.75,196,0.397,HIGH
2026-09-16 15:10:00,M002,HIGH_HUMIDITY,25.86,79.74,0.78,189,0.391,HIGH
2026-09-16 15:11:00,M002,HIGH_HUMIDITY,25.81,78.61,0.57,184,0.419,HIGH
2026-09-16 15:12:00,M002,HIGH_HUMIDITY,25.88,78.79,0.7,184,0.402,HIGH
2026-09-16 15:13:00,M002,HIGH_HUMIDITY,25.59,78.45,0.77,191,0.415,HIGH
2026-09-16 15:14:00,M002,HIGH_HUMIDITY,25.68,77.99,0.77,202,0.382,HIGH
2026-09-16 15:15:00,M002,HIGH_HUMIDITY,25.7,78.94,0.93,205,0.405,HIGH
2026-09-16 15:16:00,M002,HIGH_HUMIDITY,26.0,79.05,0.81,172,0.397,HIGH
2026-09-16 15:17:00,M002,HIGH_HUMIDITY,25.76,78.89,0.86,184,0.435,HIGH
2026-09-16 15:18:00,M002,HIGH_HUMIDITY,26.03,79.93,0.92,200,0.408,HIGH
2026-09-16 15:19:00,M002,HIGH_HUMIDITY,25.91,80.34,0.74,210,0.42,HIGH
2026-09-16 15:20:00,M002,HIGH_HUMIDITY,26.11,80.12,0.79,220,0.422,HIGH
2026-09-16 15:21:00,M002,HIGH_HUMIDITY,26.09,79.84,0.8,203,0.42,HIGH
2026-09-16 15:22:00,M002,HIGH_HUMIDITY,26.07,80.41,0.83,216,0.443,HIGH
2026-09-16 15:23:00,M002,HIGH_HUMIDITY,25.79,79.87,0.86,194,0.422,HIGH
2026-09-16 15:24:00,M002,HIGH_HUMIDITY,26.25,80.91,0.77,192,0.442,HIGH
2026-09-16 15:25:00,M002,HIGH_HUMIDITY,26.13,81.25,0.86,210,0.426,HIGH
2026-09-16 15:26:00,M002,HIGH_HUMIDITY,26.17,81.25,0.95,197,0.462,HIGH
2026-09-16 15:27:00,M002,HIGH_HUMIDITY,26.24,81.28,0.96,207,0.462,HIGH
2026-09-16 15:28:00,M002,HIGH_HUMIDITY,26.17,80.89,0.85,196,0.488,HIGH
2026-09-16 15:29:00,M002,HIGH_HUMIDITY,26.29,81.0,1.1,195,0.474,HIGH
2026-09-16 15:30:00,M002,HIGH_HUMIDITY,26.39,81.31,0.95,214,0.482,HIGH
2026-09-16 15:31:00,M002,HIGH_HUMIDITY,26.54,81.44,0.91,219,0.441,HIGH
2026-09-16 15:32:00,M002,HIGH_HUMIDITY,26.28,81.47,0.93,213,0.455,HIGH
2026-09-16 15:33:00,M002,HIGH_HUMIDITY,26.28,82.76,0.83,231,0.476,HIGH
2026-09-16 15:34:00,M002,HIGH_HUMIDITY,26.45,81.81,1.02,224,0.479,HIGH
2026-09-16 15:35:00,M002,HIGH_HUMIDITY,26.6,81.78,0.94,229,0.48,HIGH
2026-09-16 15:36:00,M002,HIGH_HUMIDITY,26.67,81.81,1.22,206,0.505,HIGH
2026-09-16 15:37:00,M002,HIGH_HUMIDITY,26.44,82.22,1.17,251,0.502,HIGH
2026-09-16 15:38:00,M002,HIGH_HUMIDITY,26.73,82.66,0.94,216,0.476,HIGH
2026-09-16 15:39:00,M002,HIGH_HUMIDITY,26.73,82.98,1.12,248,0.505,HIGH
2026-09-16 15:40:00,M002,HIGH_HUMIDITY,26.67,81.3,1.14,230,0.474,HIGH
2026-09-16 15:41:00,M002,HIGH_HUMIDITY,26.71,81.92,1.06,217,0.445,HIGH
2026-09-16 15:42:00,M002,HIGH_HUMIDITY,26.6,83.79,1.09,245,0.486,HIGH
2026-09-16 15:43:00,M002,HIGH_HUMIDITY,26.81,81.76,1.03,227,0.466,HIGH
2026-09-16 15:44:00,M002,HIGH_HUMIDITY,26.79,83.33,1.13,238,0.504,HIGH
2026-09-16 15:45:00,M002,HIGH_HUMIDITY,26.8,83.35,1.06,246,0.502,HIGH
2026-09-16 15:46:00,M002,HIGH_HUMIDITY,26.66,82.86,1.2,225,0.49,HIGH
2026-09-16 15:47:00,M002,HIGH_HUMIDITY,27.01,83.81,1.2,249,0.493,HIGH
2026-09-16 15:48:00,M002,HIGH_HUMIDITY,26.58,84.79,1.2,233,0.503,HIGH
2026-09-16 15:49:00,M002,HIGH_HUMIDITY,26.79,83.5,1.19,236,0.536,HIGH
2026-09-16 15:50:00,M002,HIGH_HUMIDITY,26.86,83.37,1.24,232,0.507,HIGH
2026-09-16 15:51:00,M002,HIGH_HUMIDITY,27.28,83.81,1.17,240,0.491,HIGH
2026-09-16 15:52:00,M002,HIGH_HUMIDITY,26.92,85.29,1.23,254,0.521,HIGH
2026-09-16 15:53:00,M002,HIGH_HUMIDITY,27.13,83.7,1.17,248,0.518,HIGH
2026-09-16 15:54:00,M002,HIGH_HUMIDITY,26.84,83.16,1.12,255,0.493,HIGH
2026-09-16 15:55:00,M002,HIGH_HUMIDITY,27.14,83.33,1.16,234,0.525,HIGH
2026-09-16 15:56:00,M002,HIGH_HUMIDITY,26.79,82.85,1.19,256,0.529,HIGH
2026-09-16 15:57:00,M002,HIGH_HUMIDITY,27.08,84.47,1.21,255,0.541,HIGH
2026-09-16 15:58:00,M002,HIGH_HUMIDITY,27.03,83.64,1.3,265,0.528,HIGH
2026-09-16 15:59:00,M002,HIGH_HUMIDITY,27.0,84.64,1.33,248,0.532,HIGH
2026-09-16 16:00:00,M002,HIGH_HUMIDITY,26.88,83.79,1.28,263,0.515,HIGH
2026-09-16 16:01:00,M002,HIGH_HUMIDITY,26.94,83.97,1.37,256,0.537,HIGH
2026-09-16 16:02:00,M002,HIGH_HUMIDITY,27.22,84.67,1.25,252,0.543,HIGH
2026-09-16 16:03:00,M002,HIGH_HUMIDITY,27.15,84.34,1.26,256,0.531,HIGH
2026-09-16 16:04:00,M002,HIGH_HUMIDITY,27.01,83.45,1.05,240,0.508,HIGH
2026-09-16 16:05:00,M002,HIGH_HUMIDITY,27.06,84.62,1.26,264,0.505,HIGH
2026-09-16 16:06:00,M002,HIGH_HUMIDITY,27.47,84.58,1.18,257,0.532,HIGH
2026-09-16 16:07:00,M002,HIGH_HUMIDITY,27.23,84.34,1.35,240,0.536,HIGH
2026-09-16 16:08:00,M002,HIGH_HUMIDITY,27.3,84.68,1.16,260,0.544,HIGH
2026-09-16 16:09:00,M002,HIGH_HUMIDITY,27.2,84.4,1.08,263,0.495,HIGH
2026-09-16 16:10:00,M002,HIGH_HUMIDITY,27.37,84.26,1.33,271,0.529,HIGH
2026-09-16 16:11:00,M002,HIGH_HUMIDITY,27.16,86.02,1.22,256,0.521,HIGH
2026-09-16 16:12:00,M002,HIGH_HUMIDITY,27.08,84.79,1.23,228,0.511,HIGH
2026-09-16 16:13:00,M002,HIGH_HUMIDITY,27.4,85.35,1.42,240,0.495,HIGH
2026-09-16 16:14:00,M002,HIGH_HUMIDITY,27.37,84.13,1.31,252,0.551,HIGH
2026-09-16 16:15:00,M002,HIGH_HUMIDITY,27.15,84.71,1.36,269,0.519,HIGH
2026-09-16 16:16:00,M002,HIGH_HUMIDITY,26.76,85.81,1.23,263,0.514,HIGH
2026-09-16 16:17:00,M002,HIGH_HUMIDITY,27.18,84.27,1.19,230,0.543,HIGH
2026-09-16 16:18:00,M002,HIGH_HUMIDITY,27.23,84.27,1.33,257,0.522,HIGH
2026-09-16 16:19:00,M002,HIGH_HUMIDITY,27.03,85.74,1.4,247,0.511,HIGH
2026-09-16 16:20:00,M002,HIGH_HUMIDITY,27.14,85.24,1.24,257,0.543,HIGH
2026-09-16 16:21:00,M002,HIGH_HUMIDITY,27.21,84.54,1.22,255,0.546,HIGH
2026-09-16 16:22:00,M002,HIGH_HUMIDITY,27.17,84.67,1.23,270,0.52,HIGH
2026-09-16 16:23:00,M002,HIGH_HUMIDITY,27.48,84.11,1.11,261,0.533,HIGH
2026-09-16 16:24:00,M002,HIGH_HUMIDITY,27.09,86.73,1.26,273,0.537,HIGH
2026-09-16 16:25:00,M002,HIGH_HUMIDITY,27.2,84.0,1.24,264,0.502,HIGH
2026-09-16 16:26:00,M002,HIGH_HUMIDITY,26.77,85.33,1.27,262,0.52,HIGH
2026-09-16 16:27:00,M002,HIGH_HUMIDITY,27.26,83.62,1.17,249,0.544,HIGH
2026-09-16 16:28:00,M002,HIGH_HUMIDITY,27.07,84.06,1.28,267,0.52,HIGH
2026-09-16 16:29:00,M002,HIGH_HUMIDITY,27.16,83.58,1.16,244,0.516,HIGH
2026-09-16 16:30:00,M002,HIGH_HUMIDITY,27.21,83.86,1.26,264,0.504,HIGH
2026-09-16 16:31:00,M002,HIGH_HUMIDITY,27.42,84.12,1.11,242,0.527,HIGH
2026-09-16 16:32:00,M002,HIGH_HUMIDITY,27.02,84.3,1.01,242,0.491,HIGH
2026-09-16 16:33:00,M002,HIGH_HUMIDITY,27.17,83.75,1.14,253,0.537,HIGH
2026-09-16 16:34:00,M002,HIGH_HUMIDITY,27.16,84.66,1.12,247,0.515,HIGH
2026-09-16 16:35:00,M002,HIGH_HUMIDITY,26.84,83.95,1.18,259,0.479,HIGH
2026-09-16 16:36:00,M002,HIGH_HUMIDITY,26.93,83.99,1.31,257,0.502,HIGH
2026-09-16 16:37:00,M002,HIGH_HUMIDITY,26.85,84.29,1.2,237,0.511,HIGH
2026-09-16 16:38:00,M002,HIGH_HUMIDITY,27.19,84.16,1.1,230,0.519,HIGH
2026-09-16 16:39:00,M002,HIGH_HUMIDITY,26.96,84.33,1.25,237,0.506,HIGH
2026-09-16 16:40:00,M002,HIGH_HUMIDITY,26.76,82.48,1.12,255,0.506,HIGH
2026-09-16 16:41:00,M002,HIGH_HUMIDITY,26.87,82.53,1.15,244,0.502,HIGH
2026-09-16 16:42:00,M002,HIGH_HUMIDITY,26.79,83.21,1.17,247,0.467,HIGH
2026-09-16 16:43:00,M002,HIGH_HUMIDITY,26.88,83.1,1.13,250,0.51,HIGH
2026-09-16 16:44:00,M002,HIGH_HUMIDITY,27.1,83.08,1.16,227,0.507,HIGH
2026-09-16 16:45:00,M002,HIGH_HUMIDITY,26.56,83.67,1.02,223,0.503,HIGH
2026-09-16 16:46:00,M002,HIGH_HUMIDITY,26.87,84.08,1.07,231,0.489,HIGH
2026-09-16 16:47:00,M002,HIGH_HUMIDITY,26.52,82.36,1.09,221,0.45,HIGH
2026-09-16 16:48:00,M002,HIGH_HUMIDITY,26.46,82.82,0.98,246,0.5,HIGH
2026-09-16 16:49:00,M002,HIGH_HUMIDITY,26.77,82.53,1.07,218,0.489,HIGH
2026-09-16 16:50:00,M002,HIGH_HUMIDITY,26.77,82.59,0.96,212,0.477,HIGH
2026-09-16 16:51:00,M002,HIGH_HUMIDITY,26.58,83.8,0.94,212,0.484,HIGH
2026-09-16 16:52:00,M002,HIGH_HUMIDITY,26.5,84.1,0.94,247,0.459,HIGH
2026-09-16 16:53:00,M002,HIGH_HUMIDITY,26.55,82.02,0.95,244,0.483,HIGH
2026-09-16 16:54:00,M002,HIGH_HUMIDITY,26.37,82.89,0.95,242,0.474,HIGH
2026-09-16 16:55:00,M002,HIGH_HUMIDITY,26.36,81.99,0.94,203,0.492,HIGH
2026-09-16 16:56:00,M002,HIGH_HUMIDITY,26.36,81.33,0.89,226,0.429,HIGH
2026-09-16 16:57:00,M002,HIGH_HUMIDITY,26.25,81.82,0.89,228,0.473,HIGH
2026-09-16 16:58:00,M002,HIGH_HUMIDITY,26.53,81.4,0.92,211,0.492,HIGH
2026-09-16 16:59:00,M002,HIGH_HUMIDITY,26.45,81.59,1.0,240,0.482,HIGH
2026-09-16 17:00:00,M002,HIGH_HUMIDITY,26.06,81.46,1.1,214,0.452,HIGH
2026-09-16 17:01:00,M002,HIGH_HUMIDITY,26.18,81.49,0.92,230,0.432,HIGH
2026-09-16 17:02:00,M002,HIGH_HUMIDITY,26.21,81.15,0.9,209,0.452,HIGH
2026-09-16 17:03:00,M002,HIGH_HUMIDITY,26.17,80.97,0.82,226,0.411,HIGH
2026-09-16 17:04:00,M002,HIGH_HUMIDITY,26.08,81.66,0.74,235,0.431,HIGH
2026-09-16 17:05:00,M002,HIGH_HUMIDITY,26.11,80.62,0.98,206,0.45,HIGH
2026-09-16 17:06:00,M002,HIGH_HUMIDITY,26.28,81.49,0.91,199,0.414,HIGH
2026-09-16 17:07:00,M002,HIGH_HUMIDITY,25.98,80.15,0.83,214,0.398,HIGH
2026-09-16 17:08:00,M002,HIGH_HUMIDITY,25.95,80.73,0.84,201,0.441,HIGH
2026-09-16 17:09:00,M002,HIGH_HUMIDITY,26.26,80.86,0.8,178,0.428,HIGH
2026-09-16 17:10:00,M002,HIGH_HUMIDITY,25.82,79.64,0.78,213,0.415,HIGH
2026-09-16 17:11:00,M002,HIGH_HUMIDITY,25.92,80.42,0.87,194,0.426,HIGH
2026-09-16 17:12:00,M002,HIGH_HUMIDITY,26.16,80.2,0.81,202,0.421,HIGH
2026-09-16 17:13:00,M002,HIGH_HUMIDITY,26.1,79.31,0.86,219,0.4,HIGH
2026-09-16 17:14:00,M002,HIGH_HUMIDITY,25.85,80.4,0.94,203,0.419,HIGH
2026-09-16 17:15:00,M002,HIGH_HUMIDITY,25.8,78.15,0.72,204,0.4,HIGH
2026-09-16 17:16:00,M002,HIGH_HUMIDITY,25.74,79.26,0.77,184,0.367,HIGH
2026-09-16 17:17:00,M002,HIGH_HUMIDITY,25.81,78.98,0.79,183,0.415,HIGH
2026-09-16 17:18:00,M002,HIGH_HUMIDITY,25.58,79.8,0.82,197,0.396,HIGH
2026-09-16 17:19:00,M002,HIGH_HUMIDITY,25.32,78.05,0.61,185,0.404,HIGH
2026-09-16 17:20:00,M003,VERY_DRY,26.91,19.55,0.81,180,0.473,HIGH
2026-09-16 17:21:00,M003,VERY_DRY,26.67,20.96,0.83,198,0.423,HIGH
2026-09-16 17:22:00,M003,VERY_DRY,26.13,19.78,0.87,207,0.451,HIGH
2026-09-16 17:23:00,M003,VERY_DRY,26.68,20.01,0.82,197,0.466,HIGH
2026-09-16 17:24:00,M003,VERY_DRY,26.71,20.52,1.02,214,0.445,HIGH
2026-09-16 17:25:00,M003,VERY_DRY,26.48,21.3,0.81,207,0.418,HIGH
2026-09-16 17:26:00,M003,VERY_DRY,27.08,21.17,0.89,198,0.434,HIGH
2026-09-16 17:27:00,M003,VERY_DRY,26.85,19.69,0.99,223,0.444,HIGH
2026-09-16 17:28:00,M003,VERY_DRY,26.91,21.73,0.99,217,0.438,HIGH
2026-09-16 17:29:00,M003,VERY_DRY,26.81,21.2,0.79,219,0.43,HIGH
2026-09-16 17:30:00,M003,VERY_DRY,26.96,21.35,0.93,195,0.463,HIGH
2026-09-16 17:31:00,M003,VERY_DRY,27.01,21.56,0.99,208,0.478,HIGH
2026-09-16 17:32:00,M003,VERY_DRY,27.01,22.15,0.91,212,0.465,HIGH
2026-09-16 17:33:00,M003,VERY_DRY,27.1,21.74,1.09,202,0.464,HIGH
2026-09-16 17:34:00,M003,VERY_DRY,26.81,22.98,1.02,242,0.494,HIGH
2026-09-16 17:35:00,M003,VERY_DRY,27.0,21.75,1.12,216,0.466,HIGH
2026-09-16 17:36:00,M003,VERY_DRY,27.09,21.4,1.18,235,0.465,HIGH
2026-09-16 17:37:00,M003,VERY_DRY,26.93,22.16,1.08,249,0.51,HIGH
2026-09-16 17:38:00,M003,VERY_DRY,27.28,23.41,1.06,241,0.481,HIGH
2026-09-16 17:39:00,M003,VERY_DRY,27.17,23.46,1.03,223,0.464,HIGH
2026-09-16 17:40:00,M003,VERY_DRY,27.49,23.09,1.12,234,0.457,HIGH
2026-09-16 17:41:00,M003,VERY_DRY,27.6,23.16,1.1,223,0.471,HIGH
2026-09-16 17:42:00,M003,VERY_DRY,27.51,22.34,1.13,238,0.494,HIGH
2026-09-16 17:43:00,M003,VERY_DRY,27.61,23.45,1.11,226,0.485,HIGH
2026-09-16 17:44:00,M003,VERY_DRY,27.72,23.18,1.24,221,0.518,HIGH
2026-09-16 17:45:00,M003,VERY_DRY,27.28,22.24,1.03,227,0.521,HIGH
2026-09-16 17:46:00,M003,VERY_DRY,27.32,23.52,1.1,221,0.504,HIGH
2026-09-16 17:47:00,M003,VERY_DRY,27.58,22.57,1.2,231,0.467,HIGH
2026-09-16 17:48:00,M003,VERY_DRY,27.78,23.17,1.04,236,0.49,HIGH
2026-09-16 17:49:00,M003,VERY_DRY,27.59,22.76,1.23,250,0.498,HIGH
2026-09-16 17:50:00,M003,VERY_DRY,27.99,23.74,1.18,244,0.504,HIGH
2026-09-16 17:51:00,M003,VERY_DRY,27.91,23.38,1.22,238,0.495,HIGH
2026-09-16 17:52:00,M003,VERY_DRY,27.5,22.86,1.2,232,0.524,HIGH
2026-09-16 17:53:00,M003,VERY_DRY,27.9,23.67,1.22,254,0.528,HIGH
2026-09-16 17:54:00,M003,VERY_DRY,27.53,24.23,1.26,247,0.519,HIGH
2026-09-16 17:55:00,M003,VERY_DRY,27.65,25.45,1.24,248,0.537,HIGH
2026-09-16 17:56:00,M003,VERY_DRY,27.76,24.33,1.24,270,0.509,HIGH
2026-09-16 17:57:00,M003,VERY_DRY,28.2,24.81,1.27,262,0.536,HIGH
2026-09-16 17:58:00,M003,VERY_DRY,27.92,24.34,1.31,257,0.533,HIGH
2026-09-16 17:59:00,M003,VERY_DRY,27.64,25.29,1.23,271,0.53,HIGH
2026-09-16 18:00:00,M003,VERY_DRY,27.86,24.86,1.14,233,0.504,HIGH
2026-09-16 18:01:00,M003,VERY_DRY,28.14,23.94,1.17,267,0.531,HIGH
2026-09-16 18:02:00,M003,VERY_DRY,27.75,24.44,1.18,266,0.531,HIGH
2026-09-16 18:03:00,M003,VERY_DRY,27.73,23.7,1.09,263,0.536,HIGH
2026-09-16 18:04:00,M003,VERY_DRY,27.97,24.0,1.13,267,0.479,HIGH
2026-09-16 18:05:00,M003,VERY_DRY,28.04,24.33,1.19,284,0.537,HIGH
2026-09-16 18:06:00,M003,VERY_DRY,27.99,24.57,1.12,244,0.496,HIGH
2026-09-16 18:07:00,M003,VERY_DRY,27.94,23.83,1.22,254,0.537,HIGH
2026-09-16 18:08:00,M003,VERY_DRY,28.0,24.56,1.22,247,0.535,HIGH
2026-09-16 18:09:00,M003,VERY_DRY,27.98,26.06,1.32,261,0.549,HIGH
2026-09-16 18:10:00,M003,VERY_DRY,27.76,24.39,1.13,269,0.541,HIGH
2026-09-16 18:11:00,M003,VERY_DRY,27.79,25.46,1.27,247,0.526,HIGH
2026-09-16 18:12:00,M003,VERY_DRY,27.95,25.99,1.22,268,0.531,HIGH
2026-09-16 18:13:00,M003,VERY_DRY,28.34,24.34,1.3,260,0.521,HIGH
2026-09-16 18:14:00,M003,VERY_DRY,28.02,25.84,1.29,252,0.518,HIGH
2026-09-16 18:15:00,M003,VERY_DRY,28.19,25.6,1.18,250,0.518,HIGH
2026-09-16 18:16:00,M003,VERY_DRY,27.77,25.2,1.26,254,0.501,HIGH
2026-09-16 18:17:00,M003,VERY_DRY,27.92,24.08,1.3,266,0.54,HIGH
2026-09-16 18:18:00,M003,VERY_DRY,27.95,25.32,1.31,266,0.552,HIGH
2026-09-16 18:19:00,M003,VERY_DRY,27.96,24.03,1.14,279,0.508,HIGH
2026-09-16 18:20:00,M003,VERY_DRY,28.09,24.78,1.23,275,0.555,HIGH
2026-09-16 18:21:00,M003,VERY_DRY,27.84,24.85,1.25,242,0.54,HIGH
2026-09-16 18:22:00,M003,VERY_DRY,28.08,24.68,1.35,239,0.541,HIGH
2026-09-16 18:23:00,M003,VERY_DRY,27.85,24.01,1.29,257,0.519,HIGH
2026-09-16 18:24:00,M003,VERY_DRY,28.29,23.82,1.14,249,0.532,HIGH
2026-09-16 18:25:00,M003,VERY_DRY,27.94,24.56,1.15,246,0.531,HIGH
2026-09-16 18:26:00,M003,VERY_DRY,27.57,24.94,1.2,270,0.532,HIGH
2026-09-16 18:27:00,M003,VERY_DRY,28.01,24.66,1.04,261,0.521,HIGH
2026-09-16 18:28:00,M003,VERY_DRY,28.11,23.95,1.14,269,0.509,HIGH
2026-09-16 18:29:00,M003,VERY_DRY,28.03,23.57,1.2,260,0.519,HIGH
2026-09-16 18:30:00,M003,VERY_DRY,27.81,24.92,1.05,245,0.491,HIGH
2026-09-16 18:31:00,M003,VERY_DRY,27.66,23.8,1.23,251,0.529,HIGH
2026-09-16 18:32:00,M003,VERY_DRY,28.05,25.16,1.17,217,0.523,HIGH
2026-09-16 18:33:00,M003,VERY_DRY,28.04,23.39,1.14,260,0.525,HIGH
2026-09-16 18:34:00,M003,VERY_DRY,27.9,24.46,1.03,261,0.506,HIGH
2026-09-16 18:35:00,M003,VERY_DRY,28.2,25.1,1.17,266,0.501,HIGH
2026-09-16 18:36:00,M003,VERY_DRY,27.82,24.3,1.24,232,0.549,HIGH
2026-09-16 18:37:00,M003,VERY_DRY,27.79,24.65,1.14,249,0.508,HIGH
2026-09-16 18:38:00,M003,VERY_DRY,27.71,23.67,1.21,275,0.482,HIGH
2026-09-16 18:39:00,M003,VERY_DRY,27.52,22.52,1.13,245,0.514,HIGH
2026-09-16 18:40:00,M003,VERY_DRY,27.53,22.44,1.07,250,0.501,HIGH
2026-09-16 18:41:00,M003,VERY_DRY,28.0,24.57,1.13,253,0.513,HIGH
2026-09-16 18:42:00,M003,VERY_DRY,27.89,23.98,1.12,232,0.486,HIGH
2026-09-16 18:43:00,M003,VERY_DRY,27.54,22.82,1.05,245,0.471,HIGH
2026-09-16 18:44:00,M003,VERY_DRY,27.33,24.58,0.95,252,0.5,HIGH
2026-09-16 18:45:00,M003,VERY_DRY,27.31,23.65,1.01,242,0.49,HIGH
2026-09-16 18:46:00,M003,VERY_DRY,27.43,22.97,1.15,247,0.516,HIGH
2026-09-16 18:47:00,M003,VERY_DRY,27.31,22.89,1.13,244,0.463,HIGH
2026-09-16 18:48:00,M003,VERY_DRY,27.35,23.23,1.22,215,0.505,HIGH
2026-09-16 18:49:00,M003,VERY_DRY,27.09,22.94,1.07,226,0.48,HIGH
2026-09-16 18:50:00,M003,VERY_DRY,27.4,23.19,1.05,244,0.46,HIGH
2026-09-16 18:51:00,M003,VERY_DRY,27.13,21.54,1.06,235,0.493,HIGH
2026-09-16 18:52:00,M003,VERY_DRY,27.26,22.88,0.9,231,0.464,HIGH
2026-09-16 18:53:00,M003,VERY_DRY,27.32,21.95,1.04,247,0.497,HIGH
2026-09-16 18:54:00,M003,VERY_DRY,27.17,21.59,1.09,224,0.467,HIGH
2026-09-16 18:55:00,M003,VERY_DRY,27.04,21.44,1.03,239,0.486,HIGH
2026-09-16 18:56:00,M003,VERY_DRY,26.99,20.8,0.86,226,0.448,HIGH
2026-09-16 18:57:00,M003,VERY_DRY,27.06,21.79,1.06,197,0.461,HIGH
2026-09-16 18:58:00,M003,VERY_DRY,27.02,21.39,0.99,211,0.453,HIGH
2026-09-16 18:59:00,M003,VERY_DRY,27.14,20.88,1.0,227,0.45,HIGH
2026-09-16 19:00:00,M003,VERY_DRY,26.9,20.77,0.99,207,0.435,HIGH
2026-09-16 19:01:00,M003,VERY_DRY,27.02,21.43,0.99,195,0.421,HIGH
2026-09-16 19:02:00,M003,VERY_DRY,26.7,20.71,0.93,212,0.443,HIGH
2026-09-16 19:03:00,M003,VERY_DRY,26.44,21.79,0.99,229,0.43,HIGH
2026-09-16 19:04:00,M003,VERY_DRY,26.48,20.51,0.84,209,0.446,HIGH
2026-09-16 19:05:00,M003,VERY_DRY,26.82,19.44,0.87,211,0.471,HIGH
2026-09-16 19:06:00,M003,VERY_DRY,26.82,20.24,0.92,226,0.441,HIGH
2026-09-16 19:07:00,M003,VERY_DRY,26.61,21.91,0.91,215,0.444,HIGH
2026-09-16 19:08:00,M003,VERY_DRY,26.47,20.3,0.85,212,0.433,HIGH
2026-09-16 19:09:00,M003,VERY_DRY,26.39,20.08,0.9,205,0.403,HIGH
2026-09-16 19:10:00,M003,VERY_DRY,26.72,20.77,0.85,205,0.45,HIGH
2026-09-16 19:11:00,M003,VERY_DRY,26.6,19.91,0.76,221,0.425,HIGH
2026-09-16 19:12:00,M003,VERY_DRY,26.32,19.49,0.81,175,0.427,HIGH
2026-09-16 19:13:00,M003,VERY_DRY,26.63,19.37,0.88,192,0.416,HIGH
2026-09-16 19:14:00,M003,VERY_DRY,26.31,19.87,0.79,211,0.399,HIGH
2026-09-16 19:15:00,M003,VERY_DRY,26.31,20.7,0.91,179,0.402,HIGH
2026-09-16 19:16:00,M003,VERY_DRY,26.45,18.74,0.78,192,0.389,HIGH
2026-09-16 19:17:00,M003,VERY_DRY,26.2,18.48,0.84,195,0.412,HIGH
2026-09-16 19:18:00,M003,VERY_DRY,26.36,18.81,0.77,198,0.378,HIGH
2026-09-16 19:19:00,M003,VERY_DRY,26.01,18.2,0.87,190,0.397,HIGH
2026-09-16 19:20:00,M003,VERY_DRY,26.27,19.76,0.68,184,0.411,HIGH
2026-09-16 19:21:00,M003,VERY_DRY,26.25,17.5,0.75,173,0.387,HIGH
2026-09-16 19:22:00,M003,VERY_DRY,26.01,17.9,0.69,190,0.399,HIGH
2026-09-16 19:23:00,M003,VERY_DRY,26.1,17.65,0.68,197,0.388,HIGH
2026-09-16 19:24:00,M003,VERY_DRY,25.93,16.99,0.63,174,0.375,HIGH
2026-09-16 19:25:00,M003,VERY_DRY,25.73,17.8,0.6,199,0.339,HIGH
2026-09-16 19:26:00,M003,VERY_DRY,25.92,18.02,0.65,162,0.379,HIGH
2026-09-16 19:27:00,M003,VERY_DRY,25.68,17.75,0.62,142,0.394,HIGH
2026-09-16 19:28:00,M003,VERY_DRY,25.96,17.8,0.72,189,0.344,HIGH
2026-09-16 19:29:00,M003,VERY_DRY,25.75,16.9,0.63,165,0.389,HIGH
2026-09-16 19:30:00,M003,VERY_DRY,25.56,18.79,0.6,154,0.355,HIGH
2026-09-16 19:31:00,M003,VERY_DRY,25.52,17.08,0.59,158,0.364,HIGH
2026-09-16 19:32:00,M003,VERY_DRY,25.38,16.51,0.56,164,0.323,HIGH
2026-09-16 19:33:00,M003,VERY_DRY,25.69,17.98,0.56,167,0.353,HIGH
2026-09-16 19:34:00,M003,VERY_DRY,25.18,16.77,0.68,163,0.362,HIGH
2026-09-16 19:35:00,M003,VERY_DRY,25.58,17.4,0.58,168,0.381,HIGH
2026-09-16 19:36:00,M003,VERY_DRY,25.31,16.61,0.67,164,0.363,HIGH
2026-09-16 19:37:00,M003,VERY_DRY,25.61,16.22,0.56,139,0.323,HIGH
2026-09-16 19:38:00,M003,VERY_DRY,25.37,17.73,0.64,145,0.341,HIGH
2026-09-16 19:39:00,M003,VERY_DRY,25.66,16.06,0.6,139,0.341,HIGH
2026-09-16 19:40:00,M003,VERY_DRY,25.47,16.54,0.55,145,0.345,HIGH
2026-09-16 19:41:00,M003,VERY_DRY,25.43,16.53,0.45,155,0.328,HIGH
2026-09-16 19:42:00,M003,VERY_DRY,25.35,15.35,0.52,174,0.36,HIGH
2026-09-16 19:43:00,M003,VERY_DRY,25.07,15.73,0.54,159,0.288,HIGH
2026-09-16 19:44:00,M003,VERY_DRY,25.56,16.66,0.56,156,0.349,HIGH
2026-09-16 19:45:00,M003,VERY_DRY,25.11,16.12,0.51,137,0.335,HIGH
2026-09-16 19:46:00,M003,VERY_DRY,25.12,15.4,0.48,149,0.319,HIGH
2026-09-16 19:47:00,M003,VERY_DRY,25.12,15.27,0.57,142,0.353,HIGH
2026-09-16 19:48:00,M003,VERY_DRY,24.77,15.5,0.61,122,0.363,HIGH
2026-09-16 19:49:00,M003,VERY_DRY,25.03,15.39,0.35,133,0.323,HIGH
2026-09-16 19:50:00,M003,VERY_DRY,25.21,14.69,0.42,141,0.327,HIGH
2026-09-16 19:51:00,M003,VERY_DRY,25.15,15.1,0.56,135,0.303,HIGH
2026-09-16 19:52:00,M003,VERY_DRY,25.16,16.32,0.67,144,0.319,HIGH
2026-09-16 19:53:00,M003,VERY_DRY,25.17,15.47,0.47,130,0.334,HIGH
2026-09-16 19:54:00,M003,VERY_DRY,25.24,15.45,0.54,149,0.324,HIGH
2026-09-16 19:55:00,M003,VERY_DRY,25.51,15.26,0.46,140,0.344,HIGH
2026-09-16 19:56:00,M003,VERY_DRY,25.35,15.62,0.47,159,0.355,HIGH
2026-09-16 19:57:00,M003,VERY_DRY,24.97,16.28,0.33,159,0.322,HIGH
2026-09-16 19:58:00,M003,VERY_DRY,24.8,15.34,0.56,127,0.324,HIGH
2026-09-16 19:59:00,M003,VERY_DRY,24.97,16.6,0.5,152,0.345,HIGH
2026-09-16 20:00:00,M003,VERY_DRY,25.09,15.0,0.33,152,0.344,HIGH
2026-09-16 20:01:00,M003,VERY_DRY,25.11,15.5,0.48,107,0.307,HIGH
2026-09-16 20:02:00,M003,VERY_DRY,25.1,16.05,0.61,143,0.329,HIGH
2026-09-16 20:03:00,M003,VERY_DRY,24.86,14.86,0.3,115,0.298,HIGH
2026-09-16 20:04:00,M003,VERY_DRY,24.53,15.05,0.34,153,0.317,HIGH
2026-09-16 20:05:00,M003,VERY_DRY,24.94,15.54,0.38,139,0.313,HIGH
2026-09-16 20:06:00,M003,VERY_DRY,24.85,15.38,0.49,154,0.334,HIGH
2026-09-16 20:07:00,M003,VERY_DRY,25.3,15.24,0.46,138,0.336,HIGH
2026-09-16 20:08:00,M003,VERY_DRY,24.86,15.91,0.43,126,0.312,HIGH
2026-09-16 20:09:00,M003,VERY_DRY,25.03,16.1,0.53,147,0.342,HIGH
2026-09-16 20:10:00,M003,VERY_DRY,25.35,15.02,0.48,132,0.316,HIGH
2026-09-16 20:11:00,M003,VERY_DRY,25.08,15.19,0.41,150,0.3,HIGH
2026-09-16 20:12:00,M003,VERY_DRY,25.14,15.06,0.47,135,0.348,HIGH
2026-09-16 20:13:00,M003,VERY_DRY,25.14,15.48,0.51,138,0.334,HIGH
2026-09-16 20:14:00,M003,VERY_DRY,25.21,16.59,0.5,151,0.319,HIGH
2026-09-16 20:15:00,M003,VERY_DRY,24.91,14.56,0.48,132,0.345,HIGH
2026-09-16 20:16:00,M003,VERY_DRY,24.81,15.72,0.49,140,0.334,HIGH
2026-09-16 20:17:00,M003,VERY_DRY,24.92,15.05,0.47,140,0.311,HIGH
2026-09-16 20:18:00,M003,VERY_DRY,25.24,14.47,0.52,162,0.294,HIGH
2026-09-16 20:19:00,M003,VERY_DRY,25.11,15.66,0.46,146,0.315,HIGH
2026-09-16 20:20:00,M003,VERY_DRY,25.09,15.67,0.58,157,0.333,HIGH
2026-09-16 20:21:00,M003,VERY_DRY,25.26,15.17,0.46,135,0.347,HIGH
2026-09-16 20:22:00,M003,VERY_DRY,25.48,15.97,0.4,129,0.351,HIGH
2026-09-16 20:23:00,M003,VERY_DRY,25.21,15.36,0.61,169,0.356,HIGH
2026-09-16 20:24:00,M003,VERY_DRY,25.14,16.57,0.52,151,0.342,HIGH
2026-09-16 20:25:00,M003,VERY_DRY,25.03,15.36,0.48,131,0.356,HIGH
2026-09-16 20:26:00,M003,VERY_DRY,25.26,16.66,0.47,166,0.324,HIGH
2026-09-16 20:27:00,M003,VERY_DRY,25.79,16.9,0.44,163,0.328,HIGH
2026-09-16 20:28:00,M003,VERY_DRY,25.01,16.73,0.62,149,0.363,HIGH
2026-09-16 20:29:00,M003,VERY_DRY,25.38,17.47,0.47,182,0.335,HIGH
2026-09-16 20:30:00,M003,VERY_DRY,25.54,18.01,0.56,148,0.324,HIGH
2026-09-16 20:31:00,M003,VERY_DRY,25.84,17.01,0.55,158,0.316,HIGH
2026-09-16 20:32:00,M003,VERY_DRY,25.31,16.66,0.61,157,0.361,HIGH
2026-09-16 20:33:00,M003,VERY_DRY,25.34,17.07,0.61,160,0.359,HIGH
2026-09-16 20:34:00,M003,VERY_DRY,25.5,17.73,0.63,150,0.338,HIGH
2026-09-16 20:35:00,M003,VERY_DRY,25.55,15.91,0.62,152,0.32,HIGH
2026-09-16 20:36:00,M003,VERY_DRY,25.37,15.92,0.57,143,0.366,HIGH
2026-09-16 20:37:00,M003,VERY_DRY,25.65,17.11,0.57,167,0.324,HIGH
2026-09-16 20:38:00,M003,VERY_DRY,25.76,16.25,0.55,170,0.382,HIGH
2026-09-16 20:39:00,M003,VERY_DRY,25.76,17.25,0.53,169,0.39,HIGH
2026-09-16 20:40:00,M003,VERY_DRY,25.71,16.8,0.56,187,0.346,HIGH
2026-09-16 20:41:00,M003,VERY_DRY,25.51,18.32,0.59,174,0.38,HIGH
2026-09-16 20:42:00,M003,VERY_DRY,25.82,18.31,0.6,185,0.361,HIGH
2026-09-16 20:43:00,M003,VERY_DRY,25.88,16.87,0.76,202,0.386,HIGH
2026-09-16 20:44:00,M003,VERY_DRY,25.74,18.07,0.62,153,0.372,HIGH
2026-09-16 20:45:00,M003,VERY_DRY,25.9,17.9,0.66,189,0.358,HIGH
2026-09-16 20:46:00,M003,VERY_DRY,26.09,18.19,0.63,171,0.365,HIGH
2026-09-16 20:47:00,M003,VERY_DRY,26.02,18.9,0.69,180,0.372,HIGH
2026-09-16 20:48:00,M003,VERY_DRY,25.98,19.3,0.61,167,0.374,HIGH
2026-09-16 20:49:00,M003,VERY_DRY,26.1,17.96,0.74,170,0.389,HIGH
2026-09-16 20:50:00,M003,VERY_DRY,26.21,16.9,0.67,181,0.391,HIGH
2026-09-16 20:51:00,M003,VERY_DRY,26.02,18.01,0.91,178,0.392,HIGH
2026-09-16 20:52:00,M003,VERY_DRY,26.29,17.97,0.74,188,0.4,HIGH
2026-09-16 20:53:00,M003,VERY_DRY,26.31,18.45,0.78,202,0.387,HIGH
2026-09-16 20:54:00,M003,VERY_DRY,26.25,19.77,0.74,211,0.397,HIGH
2026-09-16 20:55:00,M003,VERY_DRY,26.26,19.25,0.81,184,0.433,HIGH
2026-09-16 20:56:00,M003,VERY_DRY,26.18,19.12,0.93,198,0.413,HIGH
2026-09-16 20:57:00,M003,VERY_DRY,26.46,20.46,0.89,186,0.402,HIGH
2026-09-16 20:58:00,M003,VERY_DRY,26.34,21.43,0.81,188,0.434,HIGH
2026-09-16 20:59:00,M003,VERY_DRY,26.12,19.79,0.75,194,0.424,HIGH
2026-09-16 21:00:00,M003,VERY_DRY,26.43,20.27,0.96,198,0.438,HIGH
2026-09-16 21:01:00,M003,VERY_DRY,26.41,20.41,0.86,220,0.415,HIGH
2026-09-16 21:02:00,M003,VERY_DRY,26.55,20.35,0.93,201,0.41,HIGH
2026-09-16 21:03:00,M003,VERY_DRY,26.29,20.78,0.81,211,0.442,HIGH
2026-09-16 21:04:00,M003,VERY_DRY,26.66,21.1,0.74,205,0.438,HIGH
2026-09-16 21:05:00,M003,VERY_DRY,27.08,20.19,0.97,210,0.421,HIGH
2026-09-16 21:06:00,M003,VERY_DRY,26.75,19.72,0.9,228,0.413,HIGH
2026-09-16 21:07:00,M003,VERY_DRY,26.53,20.74,0.87,210,0.448,HIGH
2026-09-16 21:08:00,M003,VERY_DRY,26.75,21.27,0.93,230,0.464,HIGH
2026-09-16 21:09:00,M003,VERY_DRY,26.86,21.25,0.96,213,0.458,HIGH
2026-09-16 21:10:00,M003,VERY_DRY,26.85,22.35,1.01,203,0.444,HIGH
2026-09-16 21:11:00,M003,VERY_DRY,26.83,20.36,1.09,230,0.459,HIGH
2026-09-16 21:12:00,M003,VERY_DRY,26.88,22.2,0.86,225,0.467,HIGH
2026-09-16 21:13:00,M003,VERY_DRY,27.35,21.52,0.94,245,0.47,HIGH
2026-09-16 21:14:00,M003,VERY_DRY,27.36,21.7,0.94,219,0.479,HIGH
2026-09-16 21:15:00,M003,VERY_DRY,27.69,21.64,1.06,218,0.493,HIGH
2026-09-16 21:16:00,M003,VERY_DRY,27.44,22.3,1.06,236,0.419,HIGH
2026-09-16 21:17:00,M003,VERY_DRY,27.48,23.96,1.06,215,0.467,HIGH
2026-09-16 21:18:00,M003,VERY_DRY,27.28,23.81,1.11,242,0.482,HIGH
2026-09-16 21:19:00,M003,VERY_DRY,27.2,22.88,1.29,224,0.475,HIGH
2026-09-16 21:20:00,M003,VERY_DRY,27.5,23.54,1.05,220,0.458,HIGH
2026-09-16 21:21:00,M003,VERY_DRY,27.53,21.97,1.12,229,0.5,HIGH
2026-09-16 21:22:00,M003,VERY_DRY,27.71,23.65,1.21,230,0.478,HIGH
2026-09-16 21:23:00,M003,VERY_DRY,27.64,21.95,1.19,223,0.49,HIGH
2026-09-16 21:24:00,M003,VERY_DRY,27.55,22.43,1.14,235,0.487,HIGH
2026-09-16 21:25:00,M003,VERY_DRY,27.73,22.79,1.18,252,0.528,HIGH
2026-09-16 21:26:00,M003,VERY_DRY,27.3,23.88,1.19,239,0.48,HIGH
2026-09-16 21:27:00,M003,VERY_DRY,27.34,23.93,1.21,258,0.498,HIGH
2026-09-16 21:28:00,M003,VERY_DRY,27.52,21.92,1.1,251,0.483,HIGH
2026-09-16 21:29:00,M003,VERY_DRY,27.51,24.06,1.18,243,0.466,HIGH
2026-09-16 21:30:00,M003,VERY_DRY,27.49,22.97,1.24,228,0.513,HIGH
2026-09-16 21:31:00,M003,VERY_DRY,27.83,24.0,1.12,272,0.491,HIGH
2026-09-16 21:32:00,M003,VERY_DRY,27.62,24.29,1.2,243,0.496,HIGH
2026-09-16 21:33:00,M003,VERY_DRY,27.75,22.35,1.02,258,0.465,HIGH
2026-09-16 21:34:00,M003,VERY_DRY,27.64,23.97,1.12,243,0.521,HIGH
2026-09-16 21:35:00,M003,VERY_DRY,27.71,22.45,1.23,254,0.514,HIGH
2026-09-16 21:36:00,M003,VERY_DRY,27.61,22.97,1.34,251,0.532,HIGH
2026-09-16 21:37:00,M003,VERY_DRY,27.9,24.12,1.31,267,0.537,HIGH
2026-09-16 21:38:00,M003,VERY_DRY,27.68,23.62,1.28,255,0.516,HIGH
2026-09-16 21:39:00,M003,VERY_DRY,27.68,23.36,1.29,255,0.503,HIGH
2026-09-16 21:40:00,M003,VERY_DRY,27.82,23.62,1.16,244,0.528,HIGH
2026-09-16 21:41:00,M003,VERY_DRY,27.96,24.33,1.35,255,0.513,HIGH
2026-09-16 21:42:00,M003,VERY_DRY,28.0,25.05,1.12,278,0.526,HIGH
2026-09-16 21:43:00,M003,VERY_DRY,27.78,25.28,1.28,280,0.541,HIGH
2026-09-16 21:44:00,M003,VERY_DRY,27.78,24.59,1.22,267,0.496,HIGH
2026-09-16 21:45:00,M003,VERY_DRY,28.06,24.35,1.13,241,0.509,HIGH
2026-09-16 21:46:00,M003,VERY_DRY,28.05,25.07,1.24,269,0.517,HIGH
2026-09-16 21:47:00,M003,VERY_DRY,28.09,25.03,1.21,249,0.513,HIGH
2026-09-16 21:48:00,M003,VERY_DRY,27.82,24.9,1.23,240,0.537,HIGH
2026-09-16 21:49:00,M003,VERY_DRY,28.11,24.05,1.31,267,0.531,HIGH
2026-09-16 21:50:00,M003,VERY_DRY,27.9,25.55,1.23,279,0.527,HIGH
2026-09-16 21:51:00,M003,VERY_DRY,27.32,24.03,1.3,265,0.543,HIGH
2026-09-16 21:52:00,M003,VERY_DRY,28.21,25.82,1.21,270,0.543,HIGH
2026-09-16 21:53:00,M003,VERY_DRY,27.83,25.17,1.32,271,0.563,HIGH
2026-09-16 21:54:00,M003,VERY_DRY,28.48,24.94,1.2,269,0.532,HIGH
2026-09-16 21:55:00,M003,VERY_DRY,28.16,25.0,1.1,253,0.517,HIGH
2026-09-16 21:56:00,M003,VERY_DRY,27.57,25.15,1.36,247,0.547,HIGH
2026-09-16 21:57:00,M003,VERY_DRY,27.71,24.34,1.23,265,0.555,HIGH
2026-09-16 21:58:00,M003,VERY_DRY,27.92,24.95,1.22,264,0.509,HIGH
2026-09-16 21:59:00,M003,VERY_DRY,27.91,24.7,1.08,264,0.528,HIGH
2026-09-16 22:00:00,M003,VERY_DRY,27.85,24.55,1.23,279,0.519,HIGH
2026-09-16 22:01:00,M003,VERY_DRY,27.71,24.76,1.35,256,0.53,HIGH
2026-09-16 22:02:00,M003,VERY_DRY,27.77,24.19,1.27,263,0.531,HIGH
2026-09-16 22:03:00,M003,VERY_DRY,27.9,25.31,1.18,266,0.532,HIGH
2026-09-16 22:04:00,M003,VERY_DRY,27.72,24.21,1.13,261,0.529,HIGH
2026-09-16 22:05:00,M003,VERY_DRY,27.77,24.32,1.19,261,0.531,HIGH
2026-09-16 22:06:00,M003,VERY_DRY,28.01,25.32,1.24,271,0.504,HIGH
2026-09-16 22:07:00,M003,VERY_DRY,27.8,24.72,1.19,272,0.504,HIGH
2026-09-16 22:08:00,M003,VERY_DRY,28.02,25.56,1.15,247,0.552,HIGH
2026-09-16 22:09:00,M003,VERY_DRY,27.88,23.82,1.15,262,0.54,HIGH
2026-09-16 22:10:00,M003,VERY_DRY,27.37,24.22,1.16,277,0.52,HIGH
2026-09-16 22:11:00,M003,VERY_DRY,28.0,23.79,1.17,223,0.537,HIGH
2026-09-16 22:12:00,M003,VERY_DRY,28.04,23.99,1.11,282,0.507,HIGH
2026-09-16 22:13:00,M003,VERY_DRY,27.83,24.8,1.22,243,0.554,HIGH
2026-09-16 22:14:00,M003,VERY_DRY,27.51,24.42,1.14,249,0.52,HIGH
2026-09-16 22:15:00,M003,VERY_DRY,27.43,24.2,1.27,244,0.533,HIGH
2026-09-16 22:16:00,M003,VERY_DRY,27.87,24.28,1.09,239,0.517,HIGH
2026-09-16 22:17:00,M003,VERY_DRY,27.81,23.99,1.03,258,0.491,HIGH
2026-09-16 22:18:00,M003,VERY_DRY,27.96,25.13,1.27,245,0.515,HIGH
2026-09-16 22:19:00,M003,VERY_DRY,27.32,23.52,1.33,223,0.512,HIGH
2026-09-16 22:20:00,M003,VERY_DRY,27.59,23.95,1.11,255,0.504,HIGH
2026-09-16 22:21:00,M003,VERY_DRY,27.38,22.95,1.17,226,0.517,HIGH
2026-09-16 22:22:00,M003,VERY_DRY,27.14,24.39,1.04,260,0.53,HIGH
2026-09-16 22:23:00,M003,VERY_DRY,27.49,24.32,1.14,247,0.525,HIGH
2026-09-16 22:24:00,M003,VERY_DRY,27.46,23.83,1.05,260,0.485,HIGH
2026-09-16 22:25:00,M003,VERY_DRY,27.71,23.27,1.16,215,0.493,HIGH
2026-09-16 22:26:00,M003,VERY_DRY,27.56,23.32,1.06,250,0.488,HIGH
2026-09-16 22:27:00,M003,VERY_DRY,27.19,23.11,1.08,227,0.466,HIGH
2026-09-16 22:28:00,M003,VERY_DRY,27.57,22.41,1.06,251,0.481,HIGH
2026-09-16 22:29:00,M003,VERY_DRY,27.41,22.37,1.02,215,0.513,HIGH
2026-09-16 22:30:00,M003,VERY_DRY,27.39,22.8,1.06,222,0.484,HIGH
2026-09-16 22:31:00,M003,VERY_DRY,27.07,22.68,1.09,228,0.49,HIGH
2026-09-16 22:32:00,M003,VERY_DRY,27.36,22.6,0.92,220,0.475,HIGH
2026-09-16 22:33:00,M003,VERY_DRY,27.44,22.19,1.05,228,0.467,HIGH
2026-09-16 22:34:00,M003,VERY_DRY,27.23,21.12,0.96,248,0.487,HIGH
2026-09-16 22:35:00,M003,VERY_DRY,27.0,22.28,0.98,212,0.472,HIGH
2026-09-16 22:36:00,M003,VERY_DRY,26.93,22.69,0.98,214,0.465,HIGH
2026-09-16 22:37:00,M003,VERY_DRY,27.0,22.21,1.04,211,0.475,HIGH
2026-09-16 22:38:00,M003,VERY_DRY,27.23,21.83,1.06,212,0.479,HIGH
2026-09-16 22:39:00,M003,VERY_DRY,26.98,22.21,0.99,225,0.428,HIGH
2026-09-16 22:40:00,M003,VERY_DRY,26.66,21.38,0.87,202,0.411,HIGH
2026-09-16 22:41:00,M003,VERY_DRY,26.66,21.35,0.85,222,0.419,HIGH
2026-09-16 22:42:00,M003,VERY_DRY,27.22,21.83,0.75,189,0.449,HIGH
2026-09-16 22:43:00,M003,VERY_DRY,26.45,20.47,0.95,188,0.456,HIGH
2026-09-16 22:44:00,M003,VERY_DRY,26.73,19.88,1.02,218,0.431,HIGH
2026-09-16 22:45:00,M003,VERY_DRY,26.91,20.25,0.77,206,0.441,HIGH
2026-09-16 22:46:00,M003,VERY_DRY,26.65,20.5,0.9,205,0.439,HIGH
2026-09-16 22:47:00,M003,VERY_DRY,26.83,20.37,0.94,200,0.42,HIGH
2026-09-16 22:48:00,M003,VERY_DRY,26.29,20.5,0.88,188,0.409,HIGH
2026-09-16 22:49:00,M003,VERY_DRY,26.86,20.37,0.83,203,0.416,HIGH
2026-09-16 22:50:00,M003,VERY_DRY,26.51,20.12,0.73,186,0.429,HIGH
2026-09-16 22:51:00,M003,VERY_DRY,26.21,20.39,0.82,195,0.433,HIGH
2026-09-16 22:52:00,M003,VERY_DRY,26.45,20.23,0.77,201,0.43,HIGH
2026-09-16 22:53:00,M003,VERY_DRY,26.31,19.36,0.85,205,0.404,HIGH
2026-09-16 22:54:00,M003,VERY_DRY,26.42,18.9,0.68,200,0.412,HIGH
2026-09-16 22:55:00,M003,VERY_DRY,26.09,18.69,0.82,194,0.426,HIGH
2026-09-16 22:56:00,M003,VERY_DRY,26.27,18.9,0.86,213,0.405,HIGH
2026-09-16 22:57:00,M003,VERY_DRY,26.1,19.04,0.73,172,0.405,HIGH
2026-09-16 22:58:00,M003,VERY_DRY,26.15,18.34,0.84,219,0.406,HIGH
2026-09-16 22:59:00,M003,VERY_DRY,25.93,18.75,0.79,183,0.398,HIGH
2026-09-16 23:00:00,M003,VERY_DRY,26.14,18.02,0.78,174,0.426,HIGH
2026-09-16 23:01:00,M003,VERY_DRY,25.9,17.36,0.79,166,0.459,HIGH
2026-09-16 23:02:00,M003,VERY_DRY,26.24,18.83,0.65,188,0.403,HIGH
2026-09-16 23:03:00,M003,VERY_DRY,25.9,17.9,0.65,184,0.397,HIGH
2026-09-16 23:04:00,M003,VERY_DRY,25.81,17.98,0.76,192,0.384,HIGH
2026-09-16 23:05:00,M003,VERY_DRY,25.8,18.4,0.54,169,0.367,HIGH
2026-09-16 23:06:00,M003,VERY_DRY,25.73,18.06,0.76,198,0.406,HIGH
2026-09-16 23:07:00,M003,VERY_DRY,25.72,17.89,0.62,176,0.37,HIGH
2026-09-16 23:08:00,M003,VERY_DRY,25.88,18.26,0.62,186,0.385,HIGH
2026-09-16 23:09:00,M003,VERY_DRY,25.64,17.02,0.77,156,0.402,HIGH
2026-09-16 23:10:00,M003,VERY_DRY,26.08,17.67,0.66,165,0.351,HIGH
2026-09-16 23:11:00,M003,VERY_DRY,25.84,16.9,0.62,191,0.369,HIGH
2026-09-16 23:12:00,M003,VERY_DRY,26.11,18.21,0.69,173,0.397,HIGH
2026-09-16 23:13:00,M003,VERY_DRY,25.54,16.72,0.6,150,0.345,HIGH
2026-09-16 23:14:00,M003,VERY_DRY,25.46,17.61,0.64,158,0.349,HIGH
2026-09-16 23:15:00,M003,VERY_DRY,25.35,16.07,0.51,141,0.36,HIGH
2026-09-16 23:16:00,M003,VERY_DRY,25.56,16.4,0.59,165,0.365,HIGH
2026-09-16 23:17:00,M003,VERY_DRY,25.4,16.89,0.59,137,0.372,HIGH
2026-09-16 23:18:00,M003,VERY_DRY,25.53,16.83,0.61,173,0.327,HIGH
2026-09-16 23:19:00,M003,VERY_DRY,25.87,16.07,0.48,134,0.33,HIGH
2026-09-16 23:20:00,M003,VERY_DRY,25.37,16.02,0.45,163,0.309,HIGH
2026-09-16 23:21:00,M003,VERY_DRY,25.11,17.63,0.58,151,0.347,HIGH
2026-09-16 23:22:00,M003,VERY_DRY,25.35,16.57,0.55,155,0.344,HIGH
2026-09-16 23:23:00,M003,VERY_DRY,25.17,15.74,0.62,140,0.341,HIGH
2026-09-16 23:24:00,M003,VERY_DRY,25.0,15.17,0.45,144,0.343,HIGH
2026-09-16 23:25:00,M003,VERY_DRY,25.51,15.64,0.51,146,0.366,HIGH
2026-09-16 23:26:00,M003,VERY_DRY,25.37,15.61,0.56,143,0.342,HIGH
2026-09-16 23:27:00,M003,VERY_DRY,24.97,14.91,0.47,142,0.319,HIGH
2026-09-16 23:28:00,M003,VERY_DRY,25.1,15.72,0.43,160,0.341,HIGH
2026-09-16 23:29:00,M003,VERY_DRY,25.13,15.78,0.58,158,0.345,HIGH
2026-09-16 23:30:00,M003,VERY_DRY,25.02,16.87,0.47,157,0.337,HIGH
2026-09-16 23:31:00,M003,VERY_DRY,25.11,16.08,0.42,122,0.353,HIGH
2026-09-16 23:32:00,M003,VERY_DRY,25.23,15.52,0.52,137,0.355,HIGH
2026-09-16 23:33:00,M003,VERY_DRY,25.12,14.95,0.57,157,0.354,HIGH
2026-09-16 23:34:00,M003,VERY_DRY,24.72,15.25,0.44,149,0.345,HIGH
2026-09-16 23:35:00,M003,VERY_DRY,24.98,15.18,0.5,151,0.346,HIGH
2026-09-16 23:36:00,M003,VERY_DRY,24.76,14.52,0.47,135,0.346,HIGH
2026-09-16 23:37:00,M003,VERY_DRY,24.94,15.65,0.42,170,0.312,HIGH
2026-09-16 23:38:00,M003,VERY_DRY,24.9,16.61,0.63,137,0.313,HIGH
2026-09-16 23:39:00,M003,VERY_DRY,25.04,15.28,0.46,141,0.344,HIGH
2026-09-16 23:40:00,M003,VERY_DRY,24.84,16.59,0.31,121,0.338,HIGH
2026-09-16 23:41:00,M003,VERY_DRY,25.08,15.97,0.58,142,0.289,HIGH
2026-09-16 23:42:00,M003,VERY_DRY,25.15,15.07,0.49,123,0.311,HIGH
2026-09-16 23:43:00,M003,VERY_DRY,25.09,15.33,0.43,149,0.317,HIGH
2026-09-16 23:44:00,M003,VERY_DRY,25.08,15.0,0.45,111,0.331,HIGH
2026-09-16 23:45:00,M003,VERY_DRY,25.18,14.69,0.34,146,0.321,HIGH
2026-09-16 23:46:00,M003,VERY_DRY,24.97,15.48,0.4,130,0.312,HIGH
2026-09-16 23:47:00,M003,VERY_DRY,24.86,15.96,0.55,136,0.322,HIGH
2026-09-16 23:48:00,M003,VERY_DRY,25.44,15.03,0.43,148,0.338,HIGH
2026-09-16 23:49:00,M003,VERY_DRY,25.0,15.48,0.44,125,0.326,HIGH
2026-09-16 23:50:00,M003,VERY_DRY,25.23,14.56,0.5,121,0.322,HIGH
2026-09-16 23:51:00,M003,VERY_DRY,25.12,16.14,0.46,132,0.312,HIGH
2026-09-16 23:52:00,M003,VERY_DRY,25.23,14.61,0.57,115,0.3,HIGH
2026-09-16 23:53:00,M003,VERY_DRY,25.18,15.67,0.42,140,0.309,HIGH
2026-09-16 23:54:00,M003,VERY_DRY,25.05,16.13,0.34,153,0.331,HIGH
2026-09-16 23:55:00,M003,VERY_DRY,25.05,16.33,0.56,143,0.345,HIGH
2026-09-16 23:56:00,M003,VERY_DRY,24.83,14.93,0.59,156,0.32,HIGH
2026-09-16 23:57:00,M003,VERY_DRY,24.84,15.81,0.42,116,0.322,HIGH
2026-09-16 23:58:00,M003,VERY_DRY,24.9,16.12,0.37,133,0.349,HIGH
2026-09-16 23:59:00,M003,VERY_DRY,25.05,16.39,0.58,133,0.349,HIGH
2026-09-17 00:00:00,M003,VERY_DRY,25.31,15.26,0.39,158,0.312,HIGH
2026-09-17 00:01:00,M003,VERY_DRY,25.45,16.2,0.42,118,0.325,HIGH
2026-09-17 00:02:00,M003,VERY_DRY,25.29,14.93,0.53,129,0.355,HIGH
2026-09-17 00:03:00,M003,VERY_DRY,25.24,17.36,0.54,170,0.357,HIGH
2026-09-17 00:04:00,M003,VERY_DRY,25.32,14.92,0.55,141,0.342,HIGH
2026-09-17 00:05:00,M003,VERY_DRY,25.07,16.45,0.51,146,0.339,HIGH
2026-09-17 00:06:00,M003,VERY_DRY,24.67,16.56,0.52,172,0.346,HIGH
2026-09-17 00:07:00,M003,VERY_DRY,25.62,15.59,0.52,143,0.35,HIGH
2026-09-17 00:08:00,M003,VERY_DRY,25.47,15.08,0.59,144,0.321,HIGH
2026-09-17 00:09:00,M003,VERY_DRY,25.12,16.54,0.5,156,0.337,HIGH
2026-09-17 00:10:00,M003,VERY_DRY,25.32,15.49,0.52,168,0.353,HIGH
2026-09-17 00:11:00,M003,VERY_DRY,25.58,16.39,0.69,143,0.374,HIGH
2026-09-17 00:12:00,M003,VERY_DRY,25.7,15.92,0.64,154,0.368,HIGH
2026-09-17 00:13:00,M003,VERY_DRY,25.63,17.51,0.51,140,0.341,HIGH
2026-09-17 00:14:00,M003,VERY_DRY,25.3,16.62,0.57,152,0.374,HIGH
2026-09-17 00:15:00,M003,VERY_DRY,25.67,17.34,0.54,159,0.384,HIGH
2026-09-17 00:16:00,M003,VERY_DRY,25.36,16.85,0.64,160,0.39,HIGH
2026-09-17 00:17:00,M003,VERY_DRY,25.49,17.49,0.57,159,0.358,HIGH
2026-09-17 00:18:00,M003,VERY_DRY,25.84,17.19,0.72,169,0.357,HIGH
2026-09-17 00:19:00,M003,VERY_DRY,25.52,16.1,0.64,175,0.365,HIGH
2026-09-17 00:20:00,M003,VERY_DRY,25.74,18.34,0.64,170,0.369,HIGH
2026-09-17 00:21:00,M003,VERY_DRY,25.77,16.61,0.55,156,0.383,HIGH
2026-09-17 00:22:00,M003,VERY_DRY,25.58,17.39,0.72,158,0.348,HIGH
2026-09-17 00:23:00,M003,VERY_DRY,25.51,18.83,0.65,163,0.329,HIGH
2026-09-17 00:24:00,M003,VERY_DRY,25.9,17.43,0.56,193,0.393,HIGH
2026-09-17 00:25:00,M003,VERY_DRY,25.82,17.02,0.84,191,0.408,HIGH
2026-09-17 00:26:00,M003,VERY_DRY,26.07,18.11,0.66,175,0.415,HIGH
2026-09-17 00:27:00,M003,VERY_DRY,25.92,17.55,0.71,170,0.417,HIGH
2026-09-17 00:28:00,M003,VERY_DRY,25.75,17.79,0.7,163,0.342,HIGH
2026-09-17 00:29:00,M003,VERY_DRY,25.85,17.72,0.75,197,0.401,HIGH
2026-09-17 00:30:00,M003,VERY_DRY,25.87,18.68,0.79,181,0.375,HIGH
2026-09-17 00:31:00,M003,VERY_DRY,26.03,19.36,0.78,190,0.391,HIGH
2026-09-17 00:32:00,M003,VERY_DRY,26.14,18.72,0.74,171,0.428,HIGH
2026-09-17 00:33:00,M003,VERY_DRY,26.1,18.9,0.69,180,0.365,HIGH
2026-09-17 00:34:00,M003,VERY_DRY,26.39,19.17,0.69,194,0.4,HIGH
2026-09-17 00:35:00,M003,VERY_DRY,26.13,18.16,0.73,198,0.407,HIGH
2026-09-17 00:36:00,M003,VERY_DRY,26.04,19.24,0.8,195,0.392,HIGH
2026-09-17 00:37:00,M003,VERY_DRY,26.18,19.41,0.85,212,0.413,HIGH
2026-09-17 00:38:00,M003,VERY_DRY,26.1,19.56,0.82,188,0.396,HIGH
2026-09-17 00:39:00,M003,VERY_DRY,26.26,20.06,0.89,190,0.406,HIGH
2026-09-17 00:40:00,M003,VERY_DRY,26.57,20.21,0.95,195,0.442,HIGH
2026-09-17 00:41:00,M003,VERY_DRY,26.49,19.34,0.93,209,0.441,HIGH
2026-09-17 00:42:00,M003,VERY_DRY,26.75,20.64,0.83,180,0.42,HIGH
2026-09-17 00:43:00,M003,VERY_DRY,26.64,20.06,0.92,222,0.432,HIGH
2026-09-17 00:44:00,M003,VERY_DRY,26.5,21.47,0.88,207,0.399,HIGH
2026-09-17 00:45:00,M003,VERY_DRY,26.37,21.28,0.93,224,0.48,HIGH
2026-09-17 00:46:00,M003,VERY_DRY,26.74,20.83,0.9,212,0.462,HIGH
2026-09-17 00:47:00,M003,VERY_DRY,26.66,21.99,0.78,219,0.469,HIGH
2026-09-17 00:48:00,M003,VERY_DRY,26.91,21.52,0.85,234,0.47,HIGH
2026-09-17 00:49:00,M003,VERY_DRY,26.75,20.04,0.88,209,0.418,HIGH
2026-09-17 00:50:00,M003,VERY_DRY,26.98,21.7,0.97,214,0.476,HIGH
2026-09-17 00:51:00,M003,VERY_DRY,27.03,22.98,0.92,222,0.444,HIGH
2026-09-17 00:52:00,M003,VERY_DRY,26.96,22.21,1.02,234,0.477,HIGH
2026-09-17 00:53:00,M003,VERY_DRY,26.91,20.01,0.83,247,0.444,HIGH
2026-09-17 00:54:00,M003,VERY_DRY,27.32,21.54,0.94,232,0.483,HIGH
2026-09-17 00:55:00,M003,VERY_DRY,27.3,21.69,1.08,227,0.501,HIGH
2026-09-17 00:56:00,M003,VERY_DRY,27.25,22.74,0.91,248,0.5,HIGH
2026-09-17 00:57:00,M003,VERY_DRY,27.03,23.11,0.97,231,0.468,HIGH
2026-09-17 00:58:00,M003,VERY_DRY,26.95,22.26,1.0,243,0.458,HIGH
2026-09-17 00:59:00,M003,VERY_DRY,27.17,21.87,1.11,234,0.494,HIGH
2026-09-17 01:00:00,M003,VERY_DRY,27.19,22.75,1.14,228,0.476,HIGH
2026-09-17 01:01:00,M003,VERY_DRY,27.39,23.03,1.08,219,0.476,HIGH
2026-09-17 01:02:00,M003,VERY_DRY,27.17,24.72,1.1,215,0.48,HIGH
2026-09-17 01:03:00,M003,VERY_DRY,27.19,24.45,1.14,231,0.511,HIGH
2026-09-17 01:04:00,M003,VERY_DRY,27.66,22.59,1.02,223,0.487,HIGH
2026-09-17 01:05:00,M003,VERY_DRY,27.48,23.03,1.15,243,0.493,HIGH
2026-09-17 01:06:00,M003,VERY_DRY,27.71,22.11,1.11,226,0.504,HIGH
2026-09-17 01:07:00,M003,VERY_DRY,27.72,22.92,0.96,266,0.523,HIGH
2026-09-17 01:08:00,M003,VERY_DRY,27.83,22.83,1.18,247,0.507,HIGH
2026-09-17 01:09:00,M003,VERY_DRY,27.89,24.99,1.16,249,0.528,HIGH
2026-09-17 01:10:00,M003,VERY_DRY,27.66,23.62,1.15,268,0.529,HIGH
2026-09-17 01:11:00,M003,VERY_DRY,27.16,24.93,1.14,231,0.531,HIGH
2026-09-17 01:12:00,M003,VERY_DRY,27.8,23.92,1.16,266,0.522,HIGH
2026-09-17 01:13:00,M003,VERY_DRY,27.58,22.74,1.1,243,0.502,HIGH
2026-09-17 01:14:00,M003,VERY_DRY,27.98,23.26,1.16,268,0.496,HIGH
2026-09-17 01:15:00,M003,VERY_DRY,27.87,23.81,1.34,256,0.495,HIGH
2026-09-17 01:16:00,M003,VERY_DRY,27.56,23.6,1.09,263,0.491,HIGH
2026-09-17 01:17:00,M003,VERY_DRY,27.9,24.35,1.3,272,0.542,HIGH
2026-09-17 01:18:00,M003,VERY_DRY,27.7,24.29,1.11,279,0.517,HIGH
2026-09-17 01:19:00,M003,VERY_DRY,28.15,24.9,1.17,244,0.516,HIGH
2026-09-17 01:20:00,M003,VERY_DRY,27.78,24.25,1.31,270,0.553,HIGH
2026-09-17 01:21:00,M003,VERY_DRY,27.56,23.72,1.18,283,0.563,HIGH
2026-09-17 01:22:00,M003,VERY_DRY,27.81,24.54,1.23,279,0.535,HIGH
2026-09-17 01:23:00,M003,VERY_DRY,28.23,24.69,1.16,247,0.512,HIGH
2026-09-17 01:24:00,M003,VERY_DRY,28.1,25.25,1.4,264,0.526,HIGH
2026-09-17 01:25:00,M003,VERY_DRY,27.81,24.75,1.29,231,0.508,HIGH
2026-09-17 01:26:00,M003,VERY_DRY,27.69,25.97,1.29,253,0.534,HIGH
2026-09-17 01:27:00,M003,VERY_DRY,28.24,24.4,1.26,257,0.534,HIGH
2026-09-17 01:28:00,M003,VERY_DRY,28.02,25.09,1.19,248,0.533,HIGH
2026-09-17 01:29:00,M003,VERY_DRY,27.92,24.76,1.33,253,0.525,HIGH
2026-09-17 01:30:00,M003,VERY_DRY,28.05,24.71,1.2,248,0.505,HIGH
2026-09-17 01:31:00,M003,VERY_DRY,27.93,25.49,1.4,255,0.536,HIGH
2026-09-17 01:32:00,M003,VERY_DRY,28.11,25.07,1.17,270,0.541,HIGH
2026-09-17 01:33:00,M003,VERY_DRY,27.68,25.13,1.28,249,0.514,HIGH
2026-09-17 01:34:00,M003,VERY_DRY,28.26,25.21,1.4,245,0.521,HIGH
2026-09-17 01:35:00,M003,VERY_DRY,27.87,24.28,1.18,260,0.503,HIGH
2026-09-17 01:36:00,M003,VERY_DRY,27.86,24.41,1.33,259,0.539,HIGH
2026-09-17 01:37:00,M003,VERY_DRY,27.94,24.2,1.22,270,0.549,HIGH
2026-09-17 01:38:00,M003,VERY_DRY,28.23,26.27,1.4,260,0.527,HIGH
2026-09-17 01:39:00,M003,VERY_DRY,28.02,24.89,1.2,241,0.536,HIGH
2026-09-17 01:40:00,M003,VERY_DRY,27.84,24.63,1.11,273,0.504,HIGH
2026-09-17 01:41:00,M003,VERY_DRY,28.36,24.14,1.27,258,0.51,HIGH
2026-09-17 01:42:00,M003,VERY_DRY,27.82,25.09,1.2,269,0.526,HIGH
2026-09-17 01:43:00,M003,VERY_DRY,27.83,24.75,1.28,267,0.561,HIGH
2026-09-17 01:44:00,M003,VERY_DRY,27.8,23.89,1.31,249,0.528,HIGH
2026-09-17 01:45:00,M003,VERY_DRY,27.73,24.32,1.18,261,0.532,HIGH
2026-09-17 01:46:00,M003,VERY_DRY,27.83,24.11,1.29,239,0.521,HIGH
2026-09-17 01:47:00,M003,VERY_DRY,27.86,24.68,1.31,263,0.538,HIGH
2026-09-17 01:48:00,M003,VERY_DRY,27.77,24.42,1.1,262,0.503,HIGH
2026-09-17 01:49:00,M003,VERY_DRY,28.07,24.26,1.34,249,0.518,HIGH
2026-09-17 01:50:00,M003,VERY_DRY,27.58,25.0,1.23,266,0.486,HIGH
2026-09-17 01:51:00,M003,VERY_DRY,27.92,25.31,1.33,242,0.556,HIGH
2026-09-17 01:52:00,M003,VERY_DRY,27.57,23.56,1.28,240,0.519,HIGH
2026-09-17 01:53:00,M003,VERY_DRY,27.72,25.44,1.2,274,0.527,HIGH
2026-09-17 01:54:00,M003,VERY_DRY,27.61,25.37,1.2,258,0.522,HIGH
2026-09-17 01:55:00,M003,VERY_DRY,28.13,23.11,1.31,231,0.497,HIGH
2026-09-17 01:56:00,M003,VERY_DRY,27.43,24.1,1.16,255,0.477,HIGH
2026-09-17 01:57:00,M003,VERY_DRY,27.55,24.25,1.23,232,0.505,HIGH
2026-09-17 01:58:00,M003,VERY_DRY,27.82,24.46,0.94,254,0.494,HIGH
2026-09-17 01:59:00,M003,VERY_DRY,27.25,24.63,1.13,254,0.521,HIGH
2026-09-17 02:00:00,M003,VERY_DRY,27.63,23.26,1.09,253,0.506,HIGH
2026-09-17 02:01:00,M003,VERY_DRY,27.63,23.07,1.0,258,0.492,HIGH
2026-09-17 02:02:00,M003,VERY_DRY,27.75,24.66,1.31,237,0.467,HIGH
2026-09-17 02:03:00,M003,VERY_DRY,27.37,24.66,1.11,247,0.502,HIGH
2026-09-17 02:04:00,M003,VERY_DRY,27.45,23.83,1.26,271,0.502,HIGH
2026-09-17 02:05:00,M003,VERY_DRY,27.19,23.67,1.09,232,0.452,HIGH
2026-09-17 02:06:00,M003,VERY_DRY,27.68,23.45,1.1,236,0.505,HIGH
2026-09-17 02:07:00,M003,VERY_DRY,27.28,23.52,1.22,240,0.502,HIGH
2026-09-17 02:08:00,M003,VERY_DRY,26.93,22.62,0.91,237,0.498,HIGH
2026-09-17 02:09:00,M003,VERY_DRY,27.39,22.44,1.15,230,0.486,HIGH
2026-09-17 02:10:00,M003,VERY_DRY,27.3,21.49,1.03,233,0.472,HIGH
2026-09-17 02:11:00,M003,VERY_DRY,27.23,23.34,1.03,230,0.475,HIGH
2026-09-17 02:12:00,M003,VERY_DRY,26.91,23.28,1.02,231,0.463,HIGH
2026-09-17 02:13:00,M003,VERY_DRY,26.92,21.62,1.15,240,0.449,HIGH
2026-09-17 02:14:00,M003,VERY_DRY,27.0,22.41,1.14,219,0.452,HIGH
2026-09-17 02:15:00,M003,VERY_DRY,27.04,21.82,1.18,229,0.464,HIGH
2026-09-17 02:16:00,M003,VERY_DRY,26.99,21.36,0.96,223,0.477,HIGH
2026-09-17 02:17:00,M003,VERY_DRY,26.7,21.91,1.01,217,0.47,HIGH
2026-09-17 02:18:00,M003,VERY_DRY,27.11,20.53,0.99,219,0.491,HIGH
2026-09-17 02:19:00,M003,VERY_DRY,26.99,22.06,0.89,228,0.477,HIGH
2026-09-17 02:20:00,M003,VERY_DRY,27.07,20.81,1.05,201,0.461,HIGH
2026-09-17 02:21:00,M003,VERY_DRY,26.94,21.07,0.9,215,0.444,HIGH
2026-09-17 02:22:00,M003,VERY_DRY,27.24,21.92,1.07,214,0.449,HIGH
2026-09-17 02:23:00,M003,VERY_DRY,26.85,21.42,0.96,198,0.442,HIGH
2026-09-17 02:24:00,M003,VERY_DRY,26.94,22.59,0.87,205,0.436,HIGH
2026-09-17 02:25:00,M003,VERY_DRY,27.0,20.8,0.88,209,0.441,HIGH
2026-09-17 02:26:00,M003,VERY_DRY,26.72,20.9,0.95,218,0.463,HIGH
2026-09-17 02:27:00,M003,VERY_DRY,26.57,20.31,0.85,209,0.448,HIGH
2026-09-17 02:28:00,M003,VERY_DRY,26.7,20.22,0.8,191,0.414,HIGH
2026-09-17 02:29:00,M003,VERY_DRY,26.39,19.96,0.94,210,0.402,HIGH
2026-09-17 02:30:00,M003,VERY_DRY,26.2,19.79,0.91,198,0.425,HIGH
2026-09-17 02:31:00,M003,VERY_DRY,26.37,20.38,0.86,196,0.397,HIGH
2026-09-17 02:32:00,M003,VERY_DRY,26.44,19.46,0.84,177,0.447,HIGH
2026-09-17 02:33:00,M003,VERY_DRY,26.39,20.28,0.87,204,0.407,HIGH
2026-09-17 02:34:00,M003,VERY_DRY,26.19,18.55,0.86,197,0.423,HIGH
2026-09-17 02:35:00,M003,VERY_DRY,26.09,19.25,0.7,171,0.409,HIGH
2026-09-17 02:36:00,M003,VERY_DRY,25.94,21.36,0.82,204,0.422,HIGH
2026-09-17 02:37:00,M003,VERY_DRY,26.24,18.32,0.79,208,0.388,HIGH
2026-09-17 02:38:00,M003,VERY_DRY,26.37,18.76,0.83,178,0.419,HIGH
2026-09-17 02:39:00,M003,VERY_DRY,26.37,18.63,0.76,191,0.409,HIGH
2026-09-17 02:40:00,M003,VERY_DRY,26.35,18.56,0.73,184,0.401,HIGH
2026-09-17 02:41:00,M003,VERY_DRY,25.74,18.89,0.82,183,0.399,HIGH
2026-09-17 02:42:00,M003,VERY_DRY,25.9,18.59,0.71,182,0.377,HIGH
2026-09-17 02:43:00,M003,VERY_DRY,26.05,19.01,0.68,180,0.406,HIGH
2026-09-17 02:44:00,M003,VERY_DRY,25.87,17.43,0.74,174,0.39,HIGH
2026-09-17 02:45:00,M003,VERY_DRY,25.85,18.21,0.68,169,0.399,HIGH
2026-09-17 02:46:00,M003,VERY_DRY,25.79,18.31,0.81,166,0.376,HIGH
2026-09-17 02:47:00,M003,VERY_DRY,25.81,17.6,0.71,159,0.356,HIGH
2026-09-17 02:48:00,M003,VERY_DRY,25.66,17.75,0.7,177,0.368,HIGH
2026-09-17 02:49:00,M003,VERY_DRY,25.36,17.9,0.59,173,0.369,HIGH
2026-09-17 02:50:00,M003,VERY_DRY,25.48,17.6,0.65,178,0.371,HIGH
2026-09-17 02:51:00,M003,VERY_DRY,26.05,16.72,0.79,187,0.36,HIGH
2026-09-17 02:52:00,M003,VERY_DRY,25.36,16.87,0.59,171,0.373,HIGH
2026-09-17 02:53:00,M003,VERY_DRY,25.7,15.9,0.46,165,0.384,HIGH
2026-09-17 02:54:00,M003,VERY_DRY,25.57,18.12,0.51,163,0.379,HIGH
2026-09-17 02:55:00,M003,VERY_DRY,25.54,17.71,0.67,157,0.351,HIGH
2026-09-17 02:56:00,M003,VERY_DRY,25.21,16.78,0.74,140,0.352,HIGH
2026-09-17 02:57:00,M003,VERY_DRY,25.66,16.83,0.44,157,0.361,HIGH
2026-09-17 02:58:00,M003,VERY_DRY,25.46,16.35,0.57,174,0.334,HIGH
2026-09-17 02:59:00,M003,VERY_DRY,25.72,16.08,0.57,154,0.362,HIGH
2026-09-17 03:00:00,M003,VERY_DRY,25.63,16.27,0.41,149,0.318,HIGH
2026-09-17 03:01:00,M003,VERY_DRY,24.93,16.0,0.52,151,0.315,HIGH
2026-09-17 03:02:00,M003,VERY_DRY,25.43,17.26,0.51,173,0.313,HIGH
2026-09-17 03:03:00,M003,VERY_DRY,25.45,16.59,0.54,153,0.343,HIGH
2026-09-17 03:04:00,M003,VERY_DRY,25.06,15.14,0.6,157,0.346,HIGH
2026-09-17 03:05:00,M003,VERY_DRY,25.17,15.37,0.45,132,0.32,HIGH
2026-09-17 03:06:00,M003,VERY_DRY,25.33,16.19,0.49,167,0.325,HIGH
2026-09-17 03:07:00,M003,VERY_DRY,25.22,16.91,0.65,165,0.358,HIGH
2026-09-17 03:08:00,M003,VERY_DRY,24.99,15.54,0.45,164,0.308,HIGH
2026-09-17 03:09:00,M003,VERY_DRY,25.06,15.29,0.44,135,0.36,HIGH
2026-09-17 03:10:00,M003,VERY_DRY,25.29,15.73,0.4,139,0.334,HIGH
2026-09-17 03:11:00,M003,VERY_DRY,25.07,15.5,0.45,149,0.331,HIGH
2026-09-17 03:12:00,M003,VERY_DRY,25.24,16.15,0.54,141,0.328,HIGH
2026-09-17 03:13:00,M003,VERY_DRY,24.55,15.12,0.55,143,0.305,HIGH
2026-09-17 03:14:00,M003,VERY_DRY,24.84,15.21,0.43,133,0.343,HIGH
2026-09-17 03:15:00,M003,VERY_DRY,25.37,15.66,0.4,162,0.35,HIGH
2026-09-17 03:16:00,M003,VERY_DRY,25.04,15.82,0.41,130,0.355,HIGH
2026-09-17 03:17:00,M003,VERY_DRY,25.16,15.35,0.49,143,0.335,HIGH
2026-09-17 03:18:00,M003,VERY_DRY,25.26,16.35,0.4,141,0.323,HIGH
2026-09-17 03:19:00,M003,VERY_DRY,24.72,16.35,0.48,123,0.323,HIGH
2026-09-17 03:20:00,M003,VERY_DRY,24.93,14.48,0.56,145,0.327,HIGH
2026-09-17 03:21:00,M003,VERY_DRY,25.26,16.22,0.47,130,0.312,HIGH
2026-09-17 03:22:00,M003,VERY_DRY,25.1,14.99,0.48,155,0.345,HIGH
2026-09-17 03:23:00,M003,VERY_DRY,24.83,15.05,0.56,133,0.319,HIGH
2026-09-17 03:24:00,M003,VERY_DRY,25.08,16.04,0.42,149,0.319,HIGH
2026-09-17 03:25:00,M003,VERY_DRY,25.1,15.17,0.48,126,0.305,HIGH
2026-09-17 03:26:00,M003,VERY_DRY,24.8,15.15,0.47,143,0.33,HIGH
2026-09-17 03:27:00,M003,VERY_DRY,24.69,15.51,0.42,122,0.308,HIGH
2026-09-17 03:28:00,M003,VERY_DRY,25.16,14.39,0.57,126,0.317,HIGH
2026-09-17 03:29:00,M003,VERY_DRY,25.06,14.65,0.39,147,0.312,HIGH
2026-09-17 03:30:00,M003,VERY_DRY,24.84,15.22,0.47,148,0.311,HIGH
2026-09-17 03:31:00,M003,VERY_DRY,25.23,15.08,0.34,129,0.326,HIGH
2026-09-17 03:32:00,M003,VERY_DRY,25.04,13.86,0.36,143,0.329,HIGH
2026-09-17 03:33:00,M003,VERY_DRY,24.76,15.57,0.46,142,0.323,HIGH
2026-09-17 03:34:00,M003,VERY_DRY,25.11,15.41,0.54,143,0.343,HIGH
2026-09-17 03:35:00,M003,VERY_DRY,25.06,15.19,0.28,152,0.334,HIGH
2026-09-17 03:36:00,M003,VERY_DRY,24.75,14.1,0.48,131,0.321,HIGH
2026-09-17 03:37:00,M003,VERY_DRY,25.38,15.44,0.5,148,0.333,HIGH
2026-09-17 03:38:00,M003,VERY_DRY,24.66,15.94,0.66,141,0.346,HIGH
2026-09-17 03:39:00,M003,VERY_DRY,25.32,16.68,0.45,165,0.301,HIGH
2026-09-17 03:40:00,M003,VERY_DRY,25.18,15.93,0.48,133,0.35,HIGH
2026-09-17 03:41:00,M003,VERY_DRY,24.96,15.69,0.52,142,0.329,HIGH
2026-09-17 03:42:00,M003,VERY_DRY,25.13,15.35,0.45,154,0.351,HIGH
2026-09-17 03:43:00,M003,VERY_DRY,25.25,15.45,0.52,173,0.337,HIGH
2026-09-17 03:44:00,M003,VERY_DRY,24.94,14.56,0.6,136,0.333,HIGH
2026-09-17 03:45:00,M003,VERY_DRY,25.11,15.88,0.64,157,0.334,HIGH
2026-09-17 03:46:00,M003,VERY_DRY,25.13,14.97,0.55,151,0.307,HIGH
2026-09-17 03:47:00,M003,VERY_DRY,25.14,15.21,0.49,157,0.314,HIGH
2026-09-17 03:48:00,M003,VERY_DRY,25.31,15.69,0.61,159,0.352,HIGH
2026-09-17 03:49:00,M003,VERY_DRY,25.12,15.34,0.67,152,0.323,HIGH
2026-09-17 03:50:00,M003,VERY_DRY,25.25,17.22,0.47,164,0.311,HIGH
2026-09-17 03:51:00,M003,VERY_DRY,25.81,16.53,0.52,144,0.316,HIGH
2026-09-17 03:52:00,M003,VERY_DRY,25.34,16.0,0.6,156,0.35,HIGH
2026-09-17 03:53:00,M003,VERY_DRY,25.57,17.5,0.53,144,0.359,HIGH
2026-09-17 03:54:00,M003,VERY_DRY,25.32,15.56,0.49,182,0.364,HIGH
2026-09-17 03:55:00,M003,VERY_DRY,25.51,16.39,0.69,160,0.323,HIGH
2026-09-17 03:56:00,M003,VERY_DRY,25.07,16.2,0.64,141,0.333,HIGH
2026-09-17 03:57:00,M003,VERY_DRY,25.82,18.53,0.45,150,0.356,HIGH
2026-09-17 03:58:00,M003,VERY_DRY,25.49,16.98,0.45,156,0.362,HIGH
2026-09-17 03:59:00,M003,VERY_DRY,25.36,17.49,0.54,156,0.396,HIGH
2026-09-17 04:00:00,M003,VERY_DRY,25.37,18.51,0.5,165,0.372,HIGH
2026-09-17 04:01:00,M003,VERY_DRY,25.92,16.66,0.72,183,0.387,HIGH
2026-09-17 04:02:00,M003,VERY_DRY,25.41,18.02,0.7,166,0.405,HIGH
2026-09-17 04:03:00,M003,VERY_DRY,25.81,17.49,0.67,175,0.382,HIGH
2026-09-17 04:04:00,M003,VERY_DRY,25.99,17.77,0.56,186,0.372,HIGH
2026-09-17 04:05:00,M003,VERY_DRY,25.86,18.09,0.67,181,0.384,HIGH
2026-09-17 04:06:00,M003,VERY_DRY,26.06,19.18,0.75,181,0.402,HIGH
2026-09-17 04:07:00,M003,VERY_DRY,25.9,17.89,0.77,175,0.374,HIGH
2026-09-17 04:08:00,M003,VERY_DRY,25.9,18.7,0.63,187,0.367,HIGH
2026-09-17 04:09:00,M003,VERY_DRY,26.08,19.27,0.76,192,0.396,HIGH
2026-09-17 04:10:00,M003,VERY_DRY,26.39,18.87,0.79,174,0.388,HIGH
2026-09-17 04:11:00,M003,VERY_DRY,26.11,18.48,0.65,166,0.437,HIGH
2026-09-17 04:12:00,M003,VERY_DRY,26.12,18.96,0.85,190,0.418,HIGH
2026-09-17 04:13:00,M003,VERY_DRY,26.09,18.83,0.77,185,0.378,HIGH
2026-09-17 04:14:00,M003,VERY_DRY,26.45,18.89,0.79,181,0.412,HIGH
2026-09-17 04:15:00,M003,VERY_DRY,26.29,18.95,0.92,197,0.401,HIGH
2026-09-17 04:16:00,M003,VERY_DRY,26.32,19.54,0.92,211,0.422,HIGH
2026-09-17 04:17:00,M003,VERY_DRY,25.92,18.92,0.85,177,0.423,HIGH
2026-09-17 04:18:00,M003,VERY_DRY,26.08,20.7,0.82,194,0.397,HIGH
2026-09-17 04:19:00,M003,VERY_DRY,26.31,18.52,0.85,197,0.433,HIGH
2026-09-17 04:20:00,M003,VERY_DRY,26.47,20.59,0.89,205,0.432,HIGH
2026-09-17 04:21:00,M003,VERY_DRY,26.44,20.11,0.86,206,0.397,HIGH
2026-09-17 04:22:00,M003,VERY_DRY,26.88,19.69,0.92,206,0.418,HIGH
2026-09-17 04:23:00,M003,VERY_DRY,26.9,20.71,0.84,188,0.444,HIGH
2026-09-17 04:24:00,M003,VERY_DRY,26.76,20.43,0.98,222,0.459,HIGH
2026-09-17 04:25:00,M003,VERY_DRY,26.64,20.15,0.94,208,0.437,HIGH
2026-09-17 04:26:00,M003,VERY_DRY,26.46,20.7,0.89,206,0.43,HIGH
2026-09-17 04:27:00,M003,VERY_DRY,26.84,20.36,0.9,221,0.452,HIGH
2026-09-17 04:28:00,M003,VERY_DRY,27.03,20.93,0.8,230,0.479,HIGH
2026-09-17 04:29:00,M003,VERY_DRY,26.67,21.53,0.98,200,0.441,HIGH
2026-09-17 04:30:00,M003,VERY_DRY,26.3,22.1,0.92,224,0.484,HIGH
2026-09-17 04:31:00,M003,VERY_DRY,27.12,21.78,1.05,211,0.454,HIGH
2026-09-17 04:32:00,M003,VERY_DRY,27.08,21.92,0.98,219,0.49,HIGH
2026-09-17 04:33:00,M003,VERY_DRY,27.18,22.5,1.07,221,0.463,HIGH
2026-09-17 04:34:00,M003,VERY_DRY,27.17,21.67,1.14,212,0.47,HIGH
2026-09-17 04:35:00,M003,VERY_DRY,27.01,21.31,1.03,235,0.479,HIGH
2026-09-17 04:36:00,M003,VERY_DRY,27.01,21.56,1.04,221,0.487,HIGH
2026-09-17 04:37:00,M003,VERY_DRY,27.38,22.43,1.01,193,0.47,HIGH
2026-09-17 04:38:00,M003,VERY_DRY,27.11,22.2,1.05,207,0.469,HIGH
2026-09-17 04:39:00,M003,VERY_DRY,27.39,22.49,1.08,209,0.495,HIGH
2026-09-17 04:40:00,M003,VERY_DRY,27.33,22.48,0.98,208,0.464,HIGH
2026-09-17 04:41:00,M003,VERY_DRY,27.53,23.45,0.98,246,0.502,HIGH
2026-09-17 04:42:00,M003,VERY_DRY,27.5,21.55,1.0,220,0.5,HIGH
2026-09-17 04:43:00,M003,VERY_DRY,27.65,22.7,1.22,234,0.492,HIGH
2026-09-17 04:44:00,M003,VERY_DRY,27.54,23.18,1.13,234,0.482,HIGH
2026-09-17 04:45:00,M003,VERY_DRY,27.34,22.61,1.16,249,0.458,HIGH
2026-09-17 04:46:00,M003,VERY_DRY,27.44,24.02,1.08,250,0.516,HIGH
2026-09-17 04:47:00,M003,VERY_DRY,27.48,22.39,1.23,235,0.474,HIGH
2026-09-17 04:48:00,M003,VERY_DRY,27.83,23.06,1.08,230,0.493,HIGH
2026-09-17 04:49:00,M003,VERY_DRY,27.63,22.98,1.14,228,0.5,HIGH
2026-09-17 04:50:00,M003,VERY_DRY,27.64,24.16,1.14,255,0.49,HIGH
2026-09-17 04:51:00,M003,VERY_DRY,27.65,24.9,1.06,237,0.5,HIGH
2026-09-17 04:52:00,M003,VERY_DRY,27.57,24.95,1.08,246,0.507,HIGH
2026-09-17 04:53:00,M003,VERY_DRY,27.93,23.31,1.06,254,0.504,HIGH
2026-09-17 04:54:00,M003,VERY_DRY,27.77,23.45,1.15,239,0.497,HIGH
2026-09-17 04:55:00,M003,VERY_DRY,27.72,24.31,1.08,260,0.539,HIGH
2026-09-17 04:56:00,M003,VERY_DRY,27.99,23.49,1.22,272,0.521,HIGH
2026-09-17 04:57:00,M003,VERY_DRY,27.7,23.75,1.12,253,0.537,HIGH
2026-09-17 04:58:00,M003,VERY_DRY,27.8,25.09,1.15,252,0.508,HIGH
2026-09-17 04:59:00,M003,VERY_DRY,27.76,25.47,1.17,255,0.519,HIGH
2026-09-17 05:00:00,M003,VERY_DRY,28.04,25.77,1.28,249,0.544,HIGH
2026-09-17 05:01:00,M003,VERY_DRY,27.87,24.3,1.31,257,0.527,HIGH
2026-09-17 05:02:00,M003,VERY_DRY,27.39,25.28,1.14,248,0.516,HIGH
2026-09-17 05:03:00,M003,VERY_DRY,27.98,24.79,1.29,258,0.519,HIGH
2026-09-17 05:04:00,M003,VERY_DRY,28.02,24.15,1.16,254,0.534,HIGH
2026-09-17 05:05:00,M003,VERY_DRY,27.5,24.45,1.18,270,0.512,HIGH
2026-09-17 05:06:00,M003,VERY_DRY,28.13,24.69,1.18,251,0.515,HIGH
2026-09-17 05:07:00,M003,VERY_DRY,28.03,24.07,1.16,257,0.55,HIGH
2026-09-17 05:08:00,M003,VERY_DRY,28.03,24.4,1.17,255,0.534,HIGH
2026-09-17 05:09:00,M003,VERY_DRY,28.34,24.93,1.19,237,0.5,HIGH
2026-09-17 05:10:00,M003,VERY_DRY,28.26,25.33,1.3,258,0.521,HIGH
2026-09-17 05:11:00,M003,VERY_DRY,28.0,25.03,1.19,253,0.532,HIGH
2026-09-17 05:12:00,M003,VERY_DRY,28.06,25.19,1.28,265,0.521,HIGH
2026-09-17 05:13:00,M003,VERY_DRY,28.24,24.28,1.19,261,0.538,HIGH
2026-09-17 05:14:00,M003,VERY_DRY,28.27,25.3,1.12,267,0.512,HIGH
2026-09-17 05:15:00,M003,VERY_DRY,28.18,24.22,1.31,257,0.566,HIGH
2026-09-17 05:16:00,M003,VERY_DRY,27.65,24.86,1.17,258,0.506,HIGH
2026-09-17 05:17:00,M003,VERY_DRY,28.0,25.25,1.15,247,0.549,HIGH
2026-09-17 05:18:00,M003,VERY_DRY,27.74,24.19,1.14,274,0.534,HIGH
2026-09-17 05:19:00,M003,VERY_DRY,28.16,24.36,1.27,257,0.541,HIGH
2026-09-17 05:20:00,M003,VERY_DRY,27.8,24.32,1.42,264,0.53,HIGH
2026-09-17 05:21:00,M003,VERY_DRY,28.28,23.63,1.28,251,0.539,HIGH
2026-09-17 05:22:00,M003,VERY_DRY,27.8,25.2,1.2,233,0.539,HIGH
2026-09-17 05:23:00,M003,VERY_DRY,28.04,24.75,1.3,272,0.527,HIGH
2026-09-17 05:24:00,M003,VERY_DRY,28.14,25.73,1.16,245,0.539,HIGH
2026-09-17 05:25:00,M003,VERY_DRY,27.58,25.2,1.21,258,0.518,HIGH
2026-09-17 05:26:00,M003,VERY_DRY,28.0,24.41,1.21,253,0.56,HIGH
2026-09-17 05:27:00,M003,VERY_DRY,28.13,24.0,1.24,262,0.513,HIGH
2026-09-17 05:28:00,M003,VERY_DRY,28.02,24.23,1.18,269,0.523,HIGH
2026-09-17 05:29:00,M003,VERY_DRY,27.96,25.29,1.24,261,0.479,HIGH
2026-09-17 05:30:00,M003,VERY_DRY,27.98,24.21,1.03,246,0.53,HIGH
2026-09-17 05:31:00,M003,VERY_DRY,27.75,24.44,1.15,253,0.512,HIGH
2026-09-17 05:32:00,M003,VERY_DRY,28.12,24.93,1.21,258,0.489,HIGH
2026-09-17 05:33:00,M003,VERY_DRY,27.88,24.1,1.14,260,0.511,HIGH
2026-09-17 05:34:00,M003,VERY_DRY,28.17,24.16,1.19,237,0.535,HIGH
2026-09-17 05:35:00,M003,VERY_DRY,27.79,24.34,1.19,257,0.516,HIGH
2026-09-17 05:36:00,M003,VERY_DRY,28.0,24.88,1.22,236,0.509,HIGH
2026-09-17 05:37:00,M003,VERY_DRY,27.85,24.0,1.2,248,0.534,HIGH
2026-09-17 05:38:00,M003,VERY_DRY,27.68,23.54,1.15,247,0.477,HIGH
2026-09-17 05:39:00,M003,VERY_DRY,27.74,23.41,1.08,234,0.501,HIGH
2026-09-17 05:40:00,M003,VERY_DRY,27.12,23.34,1.21,241,0.482,HIGH
2026-09-17 05:41:00,M003,VERY_DRY,27.4,23.5,1.0,232,0.499,HIGH
2026-09-17 05:42:00,M003,VERY_DRY,27.33,23.4,1.15,235,0.486,HIGH
2026-09-17 05:43:00,M003,VERY_DRY,27.42,23.05,1.22,232,0.506,HIGH
2026-09-17 05:44:00,M003,VERY_DRY,27.38,23.61,1.12,242,0.472,HIGH
2026-09-17 05:45:00,M003,VERY_DRY,27.58,23.88,1.23,244,0.465,HIGH
2026-09-17 05:46:00,M003,VERY_DRY,27.34,22.57,1.09,240,0.493,HIGH
2026-09-17 05:47:00,M003,VERY_DRY,27.62,22.18,1.09,212,0.496,HIGH
2026-09-17 05:48:00,M003,VERY_DRY,27.17,22.94,1.26,244,0.518,HIGH
2026-09-17 05:49:00,M003,VERY_DRY,27.06,22.62,1.09,222,0.487,HIGH
2026-09-17 05:50:00,M003,VERY_DRY,27.18,22.0,1.0,226,0.461,HIGH
2026-09-17 05:51:00,M003,VERY_DRY,27.25,23.62,0.99,219,0.481,HIGH
2026-09-17 05:52:00,M003,VERY_DRY,27.38,23.68,1.16,261,0.493,HIGH
2026-09-17 05:53:00,M003,VERY_DRY,27.44,22.19,1.05,230,0.494,HIGH
2026-09-17 05:54:00,M003,VERY_DRY,27.35,22.18,1.05,213,0.46,HIGH
2026-09-17 05:55:00,M003,VERY_DRY,27.0,22.69,1.04,234,0.481,HIGH
2026-09-17 05:56:00,M003,VERY_DRY,26.73,21.92,1.13,228,0.462,HIGH
2026-09-17 05:57:00,M003,VERY_DRY,26.78,23.23,1.07,232,0.455,HIGH
2026-09-17 05:58:00,M003,VERY_DRY,26.88,20.99,0.97,210,0.484,HIGH
2026-09-17 05:59:00,M003,VERY_DRY,27.3,21.97,1.01,215,0.46,HIGH
2026-09-17 06:00:00,M003,VERY_DRY,26.75,22.81,0.99,231,0.425,HIGH
2026-09-17 06:01:00,M003,VERY_DRY,27.05,21.65,1.03,214,0.49,HIGH
2026-09-17 06:02:00,M003,VERY_DRY,26.9,21.05,0.97,206,0.441,HIGH
2026-09-17 06:03:00,M003,VERY_DRY,26.79,19.14,0.97,224,0.436,HIGH
2026-09-17 06:04:00,M003,VERY_DRY,26.94,21.12,1.0,200,0.476,HIGH
2026-09-17 06:05:00,M003,VERY_DRY,26.65,21.12,0.89,185,0.426,HIGH
2026-09-17 06:06:00,M003,VERY_DRY,26.73,19.98,0.84,194,0.42,HIGH
2026-09-17 06:07:00,M003,VERY_DRY,26.28,19.55,0.82,212,0.405,HIGH
2026-09-17 06:08:00,M003,VERY_DRY,26.58,21.41,0.81,207,0.444,HIGH
2026-09-17 06:09:00,M003,VERY_DRY,26.47,22.04,0.82,216,0.434,HIGH
2026-09-17 06:10:00,M003,VERY_DRY,26.54,19.49,0.89,186,0.431,HIGH
2026-09-17 06:11:00,M003,VERY_DRY,26.33,20.51,0.81,201,0.428,HIGH
2026-09-17 06:12:00,M003,VERY_DRY,26.22,19.52,0.82,184,0.415,HIGH
2026-09-17 06:13:00,M003,VERY_DRY,26.43,19.93,0.89,198,0.412,HIGH
2026-09-17 06:14:00,M003,VERY_DRY,26.15,20.65,0.67,201,0.423,HIGH
2026-09-17 06:15:00,M003,VERY_DRY,26.46,20.75,0.83,197,0.418,HIGH
2026-09-17 06:16:00,M003,VERY_DRY,26.4,18.63,0.88,185,0.378,HIGH
2026-09-17 06:17:00,M003,VERY_DRY,26.41,18.81,0.87,191,0.412,HIGH
2026-09-17 06:18:00,M003,VERY_DRY,26.06,19.42,0.79,188,0.401,HIGH
2026-09-17 06:19:00,M003,VERY_DRY,26.08,18.02,0.72,211,0.423,HIGH
2026-09-17 06:20:00,M003,VERY_DRY,26.17,17.74,0.74,183,0.399,HIGH
2026-09-17 06:21:00,M003,VERY_DRY,26.12,19.08,0.72,172,0.362,HIGH
2026-09-17 06:22:00,M003,VERY_DRY,25.82,19.0,0.88,186,0.386,HIGH
2026-09-17 06:23:00,M003,VERY_DRY,25.99,16.56,0.59,161,0.365,HIGH
2026-09-17 06:24:00,M003,VERY_DRY,25.95,18.46,0.5,200,0.402,HIGH
2026-09-17 06:25:00,M003,VERY_DRY,26.03,17.38,0.62,179,0.368,HIGH
2026-09-17 06:26:00,M003,VERY_DRY,26.08,18.19,0.67,190,0.375,HIGH
2026-09-17 06:27:00,M003,VERY_DRY,25.7,16.95,0.59,195,0.382,HIGH
2026-09-17 06:28:00,M003,VERY_DRY,25.59,16.75,0.68,160,0.358,HIGH
2026-09-17 06:29:00,M003,VERY_DRY,25.7,17.31,0.57,172,0.358,HIGH
2026-09-17 06:30:00,M003,VERY_DRY,25.85,17.32,0.61,175,0.373,HIGH
2026-09-17 06:31:00,M003,VERY_DRY,25.74,18.0,0.68,170,0.371,HIGH
2026-09-17 06:32:00,M003,VERY_DRY,25.5,17.26,0.74,173,0.354,HIGH
2026-09-17 06:33:00,M003,VERY_DRY,25.33,16.9,0.53,175,0.378,HIGH
2026-09-17 06:34:00,M003,VERY_DRY,25.78,16.64,0.44,147,0.363,HIGH
2026-09-17 06:35:00,M003,VERY_DRY,25.73,17.19,0.6,162,0.362,HIGH
2026-09-17 06:36:00,M003,VERY_DRY,25.86,16.97,0.58,167,0.328,HIGH
2026-09-17 06:37:00,M003,VERY_DRY,25.45,15.82,0.65,155,0.359,HIGH
2026-09-17 06:38:00,M003,VERY_DRY,25.17,18.01,0.51,161,0.369,HIGH
2026-09-17 06:39:00,M003,VERY_DRY,25.25,16.41,0.55,162,0.304,HIGH
2026-09-17 06:40:00,M003,VERY_DRY,25.16,16.72,0.6,154,0.355,HIGH
2026-09-17 06:41:00,M003,VERY_DRY,25.23,14.98,0.43,169,0.328,HIGH
2026-09-17 06:42:00,M003,VERY_DRY,25.01,16.71,0.46,138,0.347,HIGH
2026-09-17 06:43:00,M003,VERY_DRY,25.09,16.83,0.53,158,0.321,HIGH
2026-09-17 06:44:00,M003,VERY_DRY,25.3,16.57,0.46,134,0.316,HIGH
2026-09-17 06:45:00,M003,VERY_DRY,25.22,17.5,0.36,137,0.321,HIGH
2026-09-17 06:46:00,M003,VERY_DRY,24.76,16.49,0.54,136,0.33,HIGH
2026-09-17 06:47:00,M003,VERY_DRY,24.94,14.76,0.48,158,0.337,HIGH
2026-09-17 06:48:00,M003,VERY_DRY,24.93,16.23,0.53,134,0.361,HIGH
2026-09-17 06:49:00,M003,VERY_DRY,24.83,16.43,0.44,147,0.345,HIGH
2026-09-17 06:50:00,M003,VERY_DRY,24.95,15.24,0.46,162,0.341,HIGH
2026-09-17 06:51:00,M003,VERY_DRY,25.15,15.97,0.46,143,0.349,HIGH
2026-09-17 06:52:00,M003,VERY_DRY,25.57,15.91,0.41,148,0.287,HIGH
2026-09-17 06:53:00,M003,VERY_DRY,25.3,15.63,0.42,149,0.306,HIGH
2026-09-17 06:54:00,M003,VERY_DRY,24.86,15.8,0.61,136,0.315,HIGH
2026-09-17 06:55:00,M003,VERY_DRY,24.93,15.21,0.46,151,0.323,HIGH
2026-09-17 06:56:00,M003,VERY_DRY,24.96,14.9,0.51,148,0.346,HIGH
2026-09-17 06:57:00,M003,VERY_DRY,25.02,14.93,0.56,147,0.348,HIGH
2026-09-17 06:58:00,M003,VERY_DRY,25.28,15.73,0.48,140,0.342,HIGH
2026-09-17 06:59:00,M003,VERY_DRY,25.26,15.21,0.58,135,0.305,HIGH
2026-09-17 07:00:00,M003,VERY_DRY,25.13,15.0,0.48,145,0.335,HIGH
2026-09-17 07:01:00,M003,VERY_DRY,24.94,14.45,0.44,171,0.341,HIGH
2026-09-17 07:02:00,M003,VERY_DRY,25.28,14.32,0.52,140,0.326,HIGH
2026-09-17 07:03:00,M003,VERY_DRY,24.65,16.76,0.39,150,0.333,HIGH
2026-09-17 07:04:00,M003,VERY_DRY,25.25,15.95,0.48,127,0.339,HIGH
2026-09-17 07:05:00,M003,VERY_DRY,25.21,15.15,0.49,143,0.304,HIGH
2026-09-17 07:06:00,M003,VERY_DRY,24.9,15.47,0.58,134,0.341,HIGH
2026-09-17 07:07:00,M003,VERY_DRY,24.86,16.28,0.44,147,0.32,HIGH
2026-09-17 07:08:00,M003,VERY_DRY,24.87,15.87,0.44,133,0.35,HIGH
2026-09-17 07:09:00,M003,VERY_DRY,24.99,14.89,0.52,125,0.34,HIGH
2026-09-17 07:10:00,M003,VERY_DRY,25.21,15.72,0.48,133,0.33,HIGH
2026-09-17 07:11:00,M003,VERY_DRY,25.29,15.43,0.34,176,0.344,HIGH
2026-09-17 07:12:00,M003,VERY_DRY,25.08,16.23,0.55,134,0.325,HIGH
2026-09-17 07:13:00,M003,VERY_DRY,24.85,15.07,0.43,154,0.328,HIGH
2026-09-17 07:14:00,M003,VERY_DRY,25.24,15.38,0.66,140,0.313,HIGH
2026-09-17 07:15:00,M003,VERY_DRY,24.9,16.29,0.3,146,0.319,HIGH
2026-09-17 07:16:00,M003,VERY_DRY,25.23,14.73,0.44,141,0.339,HIGH
2026-09-17 07:17:00,M003,VERY_DRY,25.27,16.52,0.48,135,0.347,HIGH
2026-09-17 07:18:00,M003,VERY_DRY,25.48,15.79,0.46,154,0.334,HIGH
2026-09-17 07:19:00,M003,VERY_DRY,24.97,15.73,0.47,135,0.372,HIGH
2026-09-17 07:20:00,M003,VERY_DRY,25.24,16.03,0.46,150,0.32,HIGH
2026-09-17 07:21:00,M003,VERY_DRY,25.33,16.42,0.54,156,0.338,HIGH
2026-09-17 07:22:00,M003,VERY_DRY,25.17,15.91,0.58,146,0.324,HIGH
2026-09-17 07:23:00,M003,VERY_DRY,24.81,16.63,0.47,155,0.321,HIGH
2026-09-17 07:24:00,M003,VERY_DRY,25.35,16.2,0.44,171,0.341,HIGH
2026-09-17 07:25:00,M003,VERY_DRY,25.37,16.13,0.47,146,0.37,HIGH
2026-09-17 07:26:00,M003,VERY_DRY,25.03,15.82,0.62,134,0.317,HIGH
2026-09-17 07:27:00,M003,VERY_DRY,25.22,15.95,0.48,142,0.336,HIGH
2026-09-17 07:28:00,M003,VERY_DRY,25.59,15.57,0.71,160,0.32,HIGH
2026-09-17 07:29:00,M003,VERY_DRY,25.49,16.29,0.58,181,0.362,HIGH
2026-09-17 07:30:00,M003,VERY_DRY,25.3,16.24,0.47,157,0.332,HIGH
2026-09-17 07:31:00,M003,VERY_DRY,25.6,16.42,0.67,136,0.337,HIGH
2026-09-17 07:32:00,M003,VERY_DRY,25.54,16.78,0.51,145,0.367,HIGH
2026-09-17 07:33:00,M003,VERY_DRY,25.26,17.14,0.59,157,0.342,HIGH
2026-09-17 07:34:00,M003,VERY_DRY,25.88,16.45,0.35,158,0.376,HIGH
2026-09-17 07:35:00,M003,VERY_DRY,25.54,16.73,0.73,162,0.346,HIGH
2026-09-17 07:36:00,M003,VERY_DRY,25.5,16.93,0.63,180,0.367,HIGH
2026-09-17 07:37:00,M003,VERY_DRY,25.82,16.74,0.68,142,0.341,HIGH
2026-09-17 07:38:00,M003,VERY_DRY,25.59,17.69,0.65,160,0.342,HIGH
2026-09-17 07:39:00,M003,VERY_DRY,25.8,15.56,0.64,160,0.373,HIGH
2026-09-17 07:40:00,M003,VERY_DRY,25.7,17.78,0.69,184,0.388,HIGH
2026-09-17 07:41:00,M003,VERY_DRY,25.94,17.69,0.67,189,0.371,HIGH
2026-09-17 07:42:00,M003,VERY_DRY,25.74,16.72,0.7,177,0.396,HIGH
2026-09-17 07:43:00,M003,VERY_DRY,25.75,17.21,0.57,173,0.374,HIGH
2026-09-17 07:44:00,M003,VERY_DRY,25.96,18.2,0.76,189,0.387,HIGH
2026-09-17 07:45:00,M003,VERY_DRY,25.5,17.75,0.76,166,0.36,HIGH
2026-09-17 07:46:00,M003,VERY_DRY,25.8,18.33,0.67,171,0.364,HIGH
2026-09-17 07:47:00,M003,VERY_DRY,26.29,18.9,0.62,150,0.391,HIGH
2026-09-17 07:48:00,M003,VERY_DRY,25.87,18.62,0.68,183,0.397,HIGH
2026-09-17 07:49:00,M003,VERY_DRY,25.68,18.55,0.64,184,0.402,HIGH
2026-09-17 07:50:00,M003,VERY_DRY,26.05,19.2,0.8,202,0.367,HIGH
2026-09-17 07:51:00,M003,VERY_DRY,26.19,19.47,0.79,183,0.411,HIGH
2026-09-17 07:52:00,M003,VERY_DRY,26.3,20.18,0.87,161,0.4,HIGH
2026-09-17 07:53:00,M003,VERY_DRY,26.44,18.78,0.79,192,0.38,HIGH
2026-09-17 07:54:00,M003,VERY_DRY,25.82,20.47,0.68,185,0.417,HIGH
2026-09-17 07:55:00,M003,VERY_DRY,26.43,19.03,0.84,211,0.431,HIGH
2026-09-17 07:56:00,M003,VERY_DRY,26.17,19.44,0.79,196,0.422,HIGH
2026-09-17 07:57:00,M003,VERY_DRY,26.36,20.03,0.79,197,0.461,HIGH
2026-09-17 07:58:00,M003,VERY_DRY,26.79,19.25,0.67,185,0.442,HIGH
2026-09-17 07:59:00,M003,VERY_DRY,26.34,19.96,0.84,209,0.419,HIGH
2026-09-17 08:00:00,M003,VERY_DRY,26.42,19.29,0.85,200,0.429,HIGH
2026-09-17 08:01:00,M003,VERY_DRY,26.65,19.81,0.99,202,0.461,HIGH
2026-09-17 08:02:00,M003,VERY_DRY,26.36,19.86,0.78,177,0.417,HIGH
2026-09-17 08:03:00,M003,VERY_DRY,26.57,19.81,0.96,214,0.425,HIGH
2026-09-17 08:04:00,M003,VERY_DRY,26.8,20.13,0.9,193,0.419,HIGH
2026-09-17 08:05:00,M003,VERY_DRY,26.74,19.83,0.86,229,0.463,HIGH
2026-09-17 08:06:00,M003,VERY_DRY,26.82,22.14,0.94,223,0.451,HIGH
2026-09-17 08:07:00,M003,VERY_DRY,26.81,20.27,0.74,206,0.45,HIGH
2026-09-17 08:08:00,M003,VERY_DRY,26.84,20.69,0.99,219,0.465,HIGH
2026-09-17 08:09:00,M003,VERY_DRY,26.8,22.18,0.95,235,0.429,HIGH
2026-09-17 08:10:00,M003,VERY_DRY,27.31,22.2,0.94,214,0.456,HIGH
2026-09-17 08:11:00,M003,VERY_DRY,27.25,21.5,0.79,220,0.478,HIGH
2026-09-17 08:12:00,M003,VERY_DRY,27.0,22.04,0.99,201,0.479,HIGH
2026-09-17 08:13:00,M003,VERY_DRY,26.95,22.93,0.99,227,0.459,HIGH
2026-09-17 08:14:00,M003,VERY_DRY,26.95,21.9,1.0,224,0.453,HIGH
2026-09-17 08:15:00,M003,VERY_DRY,26.7,22.06,0.92,236,0.494,HIGH
2026-09-17 08:16:00,M003,VERY_DRY,27.43,22.06,1.0,220,0.478,HIGH
2026-09-17 08:17:00,M003,VERY_DRY,27.08,22.67,1.05,232,0.465,HIGH
2026-09-17 08:18:00,M003,VERY_DRY,27.23,22.62,0.94,235,0.505,HIGH
2026-09-17 08:19:00,M003,VERY_DRY,27.35,22.42,0.98,232,0.451,HIGH
2026-09-17 08:20:00,M003,VERY_DRY,27.43,22.05,1.01,212,0.492,HIGH
2026-09-17 08:21:00,M003,VERY_DRY,27.52,22.83,1.09,245,0.515,HIGH
2026-09-17 08:22:00,M003,VERY_DRY,27.32,22.99,1.1,240,0.472,HIGH
2026-09-17 08:23:00,M003,VERY_DRY,27.54,22.85,1.05,233,0.463,HIGH
2026-09-17 08:24:00,M003,VERY_DRY,27.64,22.55,1.18,229,0.515,HIGH
2026-09-17 08:25:00,M003,VERY_DRY,27.43,22.84,1.18,247,0.474,HIGH
2026-09-17 08:26:00,M003,VERY_DRY,27.45,22.9,1.07,243,0.507,HIGH
2026-09-17 08:27:00,M003,VERY_DRY,27.37,23.03,1.22,261,0.485,HIGH
2026-09-17 08:28:00,M003,VERY_DRY,27.65,23.11,1.09,263,0.494,HIGH
2026-09-17 08:29:00,M003,VERY_DRY,27.63,22.57,1.07,247,0.507,HIGH
2026-09-17 08:30:00,M003,VERY_DRY,27.62,22.87,1.21,234,0.485,HIGH
2026-09-17 08:31:00,M003,VERY_DRY,27.85,23.47,1.01,254,0.511,HIGH
2026-09-17 08:32:00,M003,VERY_DRY,27.95,23.03,1.16,252,0.523,HIGH
2026-09-17 08:33:00,M003,VERY_DRY,27.53,24.62,1.21,262,0.521,HIGH
2026-09-17 08:34:00,M003,VERY_DRY,27.88,24.27,1.03,243,0.532,HIGH
2026-09-17 08:35:00,M003,VERY_DRY,27.83,24.25,1.14,255,0.488,HIGH
2026-09-17 08:36:00,M003,VERY_DRY,27.89,24.33,1.11,256,0.511,HIGH
2026-09-17 08:37:00,M003,VERY_DRY,27.75,24.25,1.11,237,0.467,HIGH
2026-09-17 08:38:00,M003,VERY_DRY,27.81,24.41,1.22,254,0.516,HIGH
2026-09-17 08:39:00,M003,VERY_DRY,27.81,24.39,1.18,245,0.546,HIGH
2026-09-17 08:40:00,M003,VERY_DRY,27.97,23.59,1.25,259,0.529,HIGH
2026-09-17 08:41:00,M003,VERY_DRY,27.86,24.61,1.12,241,0.544,HIGH
2026-09-17 08:42:00,M003,VERY_DRY,27.9,23.62,1.17,221,0.513,HIGH
2026-09-17 08:43:00,M003,VERY_DRY,28.19,24.75,1.13,254,0.538,HIGH
2026-09-17 08:44:00,M003,VERY_DRY,28.07,25.26,1.29,272,0.511,HIGH
2026-09-17 08:45:00,M003,VERY_DRY,27.9,23.54,1.21,271,0.553,HIGH
2026-09-17 08:46:00,M003,VERY_DRY,27.89,25.52,1.3,261,0.545,HIGH
2026-09-17 08:47:00,M003,VERY_DRY,28.02,25.54,1.25,268,0.528,HIGH
2026-09-17 08:48:00,M003,VERY_DRY,27.98,25.3,1.19,268,0.507,HIGH
2026-09-17 08:49:00,M003,VERY_DRY,27.96,24.06,1.29,260,0.539,HIGH
2026-09-17 08:50:00,M003,VERY_DRY,27.97,25.21,1.19,275,0.507,HIGH
2026-09-17 08:51:00,M003,VERY_DRY,28.27,24.91,1.16,278,0.537,HIGH
2026-09-17 08:52:00,M003,VERY_DRY,27.95,24.64,1.26,272,0.544,HIGH
2026-09-17 08:53:00,M003,VERY_DRY,27.8,23.97,1.15,277,0.532,HIGH
2026-09-17 08:54:00,M003,VERY_DRY,27.69,23.66,1.28,256,0.543,HIGH
2026-09-17 08:55:00,M003,VERY_DRY,28.06,25.11,1.25,242,0.551,HIGH
2026-09-17 08:56:00,M003,VERY_DRY,28.18,25.37,1.23,260,0.52,HIGH
2026-09-17 08:57:00,M003,VERY_DRY,27.89,25.04,1.2,273,0.523,HIGH
2026-09-17 08:58:00,M003,VERY_DRY,28.21,24.45,1.14,274,0.523,HIGH
2026-09-17 08:59:00,M003,VERY_DRY,27.98,24.72,1.28,277,0.54,HIGH
2026-09-17 09:00:00,M003,VERY_DRY,27.86,24.38,1.28,273,0.515,HIGH
2026-09-17 09:01:00,M003,VERY_DRY,27.69,24.41,1.26,260,0.547,HIGH
2026-09-17 09:02:00,M003,VERY_DRY,27.93,24.09,1.22,244,0.531,HIGH
2026-09-17 09:03:00,M003,VERY_DRY,28.12,24.71,1.2,274,0.504,HIGH
2026-09-17 09:04:00,M003,VERY_DRY,27.8,26.38,1.17,265,0.526,HIGH
2026-09-17 09:05:00,M003,VERY_DRY,27.6,24.72,1.21,250,0.533,HIGH
2026-09-17 09:06:00,M003,VERY_DRY,27.84,24.03,1.19,248,0.562,HIGH
2026-09-17 09:07:00,M003,VERY_DRY,27.8,24.77,1.22,247,0.536,HIGH
2026-09-17 09:08:00,M003,VERY_DRY,27.86,24.97,1.08,246,0.483,HIGH
2026-09-17 09:09:00,M003,VERY_DRY,27.86,24.54,1.08,245,0.538,HIGH
2026-09-17 09:10:00,M003,VERY_DRY,27.73,24.34,1.27,253,0.539,HIGH
2026-09-17 09:11:00,M003,VERY_DRY,27.8,24.4,1.17,252,0.514,HIGH
2026-09-17 09:12:00,M003,VERY_DRY,27.79,24.02,1.23,246,0.528,HIGH
2026-09-17 09:13:00,M003,VERY_DRY,27.73,24.21,1.11,256,0.504,HIGH
2026-09-17 09:14:00,M003,VERY_DRY,27.65,25.01,1.14,256,0.519,HIGH
2026-09-17 09:15:00,M003,VERY_DRY,27.82,24.73,1.23,231,0.508,HIGH
2026-09-17 09:16:00,M003,VERY_DRY,27.79,23.15,1.13,244,0.49,HIGH
2026-09-17 09:17:00,M003,VERY_DRY,27.55,24.0,1.21,239,0.518,HIGH
2026-09-17 09:18:00,M003,VERY_DRY,27.74,25.08,1.23,232,0.545,HIGH
2026-09-17 09:19:00,M003,VERY_DRY,27.53,23.1,1.09,247,0.49,HIGH
2026-09-17 09:20:00,M003,VERY_DRY,27.45,24.05,1.06,245,0.471,HIGH
2026-09-17 09:21:00,M003,VERY_DRY,27.46,23.57,1.13,253,0.531,HIGH
2026-09-17 09:22:00,M003,VERY_DRY,27.61,23.4,1.23,256,0.506,HIGH
2026-09-17 09:23:00,M003,VERY_DRY,27.6,22.12,1.02,242,0.514,HIGH
2026-09-17 09:24:00,M003,VERY_DRY,27.2,23.38,1.1,250,0.504,HIGH
2026-09-17 09:25:00,M003,VERY_DRY,27.46,23.0,1.02,256,0.493,HIGH
2026-09-17 09:26:00,M003,VERY_DRY,27.48,23.59,1.1,231,0.505,HIGH
2026-09-17 09:27:00,M003,VERY_DRY,27.46,23.18,1.1,216,0.483,HIGH
2026-09-17 09:28:00,M003,VERY_DRY,27.31,23.55,1.09,247,0.453,HIGH
2026-09-17 09:29:00,M003,VERY_DRY,27.39,21.74,1.0,227,0.489,HIGH
2026-09-17 09:30:00,M003,VERY_DRY,27.22,21.05,0.98,223,0.498,HIGH
2026-09-17 09:31:00,M003,VERY_DRY,27.36,22.09,1.12,254,0.501,HIGH
2026-09-17 09:32:00,M003,VERY_DRY,27.09,21.12,1.01,243,0.451,HIGH
2026-09-17 09:33:00,M003,VERY_DRY,27.37,22.63,0.93,229,0.457,HIGH
2026-09-17 09:34:00,M003,VERY_DRY,26.95,22.1,0.89,234,0.496,HIGH
2026-09-17 09:35:00,M003,VERY_DRY,27.2,22.19,1.04,225,0.464,HIGH
2026-09-17 09:36:00,M003,VERY_DRY,27.19,21.93,1.09,222,0.47,HIGH
2026-09-17 09:37:00,M003,VERY_DRY,27.22,21.9,0.97,223,0.459,HIGH
2026-09-17 09:38:00,M003,VERY_DRY,27.11,22.14,0.92,237,0.468,HIGH
2026-09-17 09:39:00,M003,VERY_DRY,27.02,21.7,1.13,204,0.482,HIGH
2026-09-17 09:40:00,M003,VERY_DRY,26.78,21.28,0.87,210,0.464,HIGH
2026-09-17 09:41:00,M003,VERY_DRY,26.69,19.89,0.88,190,0.416,HIGH
2026-09-17 09:42:00,M003,VERY_DRY,26.9,20.57,0.97,212,0.44,HIGH
2026-09-17 09:43:00,M003,VERY_DRY,27.02,21.4,0.71,213,0.429,HIGH
2026-09-17 09:44:00,M003,VERY_DRY,26.77,22.04,1.02,199,0.424,HIGH
2026-09-17 09:45:00,M003,VERY_DRY,26.66,20.85,1.01,203,0.433,HIGH
2026-09-17 09:46:00,M003,VERY_DRY,26.81,20.86,0.88,204,0.445,HIGH
2026-09-17 09:47:00,M003,VERY_DRY,26.4,21.2,0.87,214,0.439,HIGH
2026-09-17 09:48:00,M003,VERY_DRY,26.15,19.55,0.85,190,0.429,HIGH
2026-09-17 09:49:00,M003,VERY_DRY,26.89,19.37,0.92,175,0.408,HIGH
2026-09-17 09:50:00,M003,VERY_DRY,26.24,20.37,0.9,177,0.406,HIGH
2026-09-17 09:51:00,M003,VERY_DRY,26.13,19.13,0.73,197,0.395,HIGH
2026-09-17 09:52:00,M003,VERY_DRY,26.42,18.42,0.9,204,0.437,HIGH
2026-09-17 09:53:00,M003,VERY_DRY,26.63,18.73,0.76,188,0.411,HIGH
2026-09-17 09:54:00,M003,VERY_DRY,26.16,19.19,0.82,168,0.384,HIGH
2026-09-17 09:55:00,M003,VERY_DRY,26.12,20.25,0.64,195,0.404,HIGH
2026-09-17 09:56:00,M003,VERY_DRY,26.42,18.14,0.8,210,0.409,HIGH
2026-09-17 09:57:00,M003,VERY_DRY,25.98,17.49,0.69,203,0.411,HIGH
2026-09-17 09:58:00,M003,VERY_DRY,26.4,18.98,0.82,200,0.383,HIGH
2026-09-17 09:59:00,M003,VERY_DRY,26.16,19.44,0.68,188,0.408,HIGH
2026-09-17 10:00:00,M004,HIGH_UV_LIGHT,26.9,49.02,7.54,874,0.486,HIGH
2026-09-17 10:01:00,M004,HIGH_UV_LIGHT,27.8,51.14,7.34,870,0.489,HIGH
2026-09-17 10:02:00,M004,HIGH_UV_LIGHT,27.44,49.49,8.01,859,0.507,HIGH
2026-09-17 10:03:00,M004,HIGH_UV_LIGHT,27.64,50.05,7.81,831,0.462,HIGH
2026-09-17 10:04:00,M004,HIGH_UV_LIGHT,27.88,50.09,7.58,862,0.525,HIGH
2026-09-17 10:05:00,M004,HIGH_UV_LIGHT,27.38,49.73,7.9,853,0.514,HIGH
2026-09-17 10:06:00,M004,HIGH_UV_LIGHT,27.71,50.72,7.41,858,0.505,HIGH
2026-09-17 10:07:00,M004,HIGH_UV_LIGHT,28.03,51.69,7.66,838,0.51,HIGH
2026-09-17 10:08:00,M004,HIGH_UV_LIGHT,28.15,52.23,8.07,850,0.533,HIGH
2026-09-17 10:09:00,M004,HIGH_UV_LIGHT,27.72,50.58,8.27,898,0.557,HIGH
2026-09-17 10:10:00,M004,HIGH_UV_LIGHT,27.96,50.9,8.03,895,0.539,HIGH
2026-09-17 10:11:00,M004,HIGH_UV_LIGHT,27.58,51.62,8.38,899,0.507,HIGH
2026-09-17 10:12:00,M004,HIGH_UV_LIGHT,28.18,53.16,8.26,880,0.513,HIGH
2026-09-17 10:13:00,M004,HIGH_UV_LIGHT,28.02,52.84,7.8,892,0.543,HIGH
2026-09-17 10:14:00,M004,HIGH_UV_LIGHT,28.28,52.24,8.0,892,0.556,HIGH
2026-09-17 10:15:00,M004,HIGH_UV_LIGHT,28.38,53.16,7.6,930,0.558,HIGH
2026-09-17 10:16:00,M004,HIGH_UV_LIGHT,28.11,52.84,7.97,884,0.548,HIGH
2026-09-17 10:17:00,M004,HIGH_UV_LIGHT,28.14,52.78,7.98,883,0.563,HIGH
2026-09-17 10:18:00,M004,HIGH_UV_LIGHT,28.15,52.57,7.86,885,0.55,HIGH
2026-09-17 10:19:00,M004,HIGH_UV_LIGHT,28.33,53.03,7.95,896,0.566,HIGH
2026-09-17 10:20:00,M004,HIGH_UV_LIGHT,28.1,53.27,8.12,909,0.56,HIGH
2026-09-17 10:21:00,M004,HIGH_UV_LIGHT,28.13,53.91,8.37,918,0.545,HIGH
2026-09-17 10:22:00,M004,HIGH_UV_LIGHT,28.23,53.11,8.11,900,0.593,HIGH
2026-09-17 10:23:00,M004,HIGH_UV_LIGHT,28.19,54.5,7.75,950,0.547,HIGH
2026-09-17 10:24:00,M004,HIGH_UV_LIGHT,28.02,53.06,8.64,920,0.622,HIGH
2026-09-17 10:25:00,M004,HIGH_UV_LIGHT,28.55,53.65,8.12,921,0.576,HIGH
2026-09-17 10:26:00,M004,HIGH_UV_LIGHT,28.43,54.16,8.69,942,0.552,HIGH
2026-09-17 10:27:00,M004,HIGH_UV_LIGHT,28.91,54.71,8.85,896,0.597,HIGH
2026-09-17 10:28:00,M004,HIGH_UV_LIGHT,28.78,53.91,8.58,972,0.611,HIGH
2026-09-17 10:29:00,M004,HIGH_UV_LIGHT,28.44,54.84,8.45,907,0.598,HIGH
2026-09-17 10:30:00,M004,HIGH_UV_LIGHT,28.3,55.24,8.62,916,0.566,HIGH
2026-09-17 10:31:00,M004,HIGH_UV_LIGHT,28.71,55.41,8.39,927,0.613,HIGH
2026-09-17 10:32:00,M004,HIGH_UV_LIGHT,28.88,54.12,8.34,944,0.593,HIGH
2026-09-17 10:33:00,M004,HIGH_UV_LIGHT,28.59,54.64,8.44,933,0.585,HIGH
2026-09-17 10:34:00,M004,HIGH_UV_LIGHT,29.09,55.35,8.31,930,0.62,HIGH
2026-09-17 10:35:00,M004,HIGH_UV_LIGHT,28.83,54.42,8.1,908,0.616,HIGH
2026-09-17 10:36:00,M004,HIGH_UV_LIGHT,29.17,54.38,8.51,906,0.559,HIGH
2026-09-17 10:37:00,M004,HIGH_UV_LIGHT,28.77,56.58,8.75,905,0.573,HIGH
2026-09-17 10:38:00,M004,HIGH_UV_LIGHT,29.04,54.65,8.61,922,0.615,HIGH
2026-09-17 10:39:00,M004,HIGH_UV_LIGHT,29.07,55.87,8.55,903,0.598,HIGH
2026-09-17 10:40:00,M004,HIGH_UV_LIGHT,28.54,55.53,8.45,924,0.576,HIGH
2026-09-17 10:41:00,M004,HIGH_UV_LIGHT,29.05,56.23,8.39,958,0.583,HIGH
2026-09-17 10:42:00,M004,HIGH_UV_LIGHT,29.03,56.68,8.59,938,0.616,HIGH
2026-09-17 10:43:00,M004,HIGH_UV_LIGHT,29.24,55.82,8.62,940,0.587,HIGH
2026-09-17 10:44:00,M004,HIGH_UV_LIGHT,28.89,54.88,8.32,883,0.584,HIGH
2026-09-17 10:45:00,M004,HIGH_UV_LIGHT,29.03,54.21,8.98,938,0.635,HIGH
2026-09-17 10:46:00,M004,HIGH_UV_LIGHT,28.97,55.36,8.72,921,0.641,HIGH
2026-09-17 10:47:00,M004,HIGH_UV_LIGHT,28.96,57.17,8.9,948,0.642,HIGH
2026-09-17 10:48:00,M004,HIGH_UV_LIGHT,28.91,56.3,9.04,937,0.616,HIGH
2026-09-17 10:49:00,M004,HIGH_UV_LIGHT,28.95,54.69,9.3,964,0.607,HIGH
2026-09-17 10:50:00,M004,HIGH_UV_LIGHT,28.89,56.2,9.0,951,0.626,HIGH
2026-09-17 10:51:00,M004,HIGH_UV_LIGHT,28.96,55.32,8.6,923,0.632,HIGH
2026-09-17 10:52:00,M004,HIGH_UV_LIGHT,28.95,55.85,8.35,923,0.617,HIGH
2026-09-17 10:53:00,M004,HIGH_UV_LIGHT,29.21,55.48,8.57,937,0.619,HIGH
2026-09-17 10:54:00,M004,HIGH_UV_LIGHT,29.23,57.41,8.91,944,0.647,HIGH
2026-09-17 10:55:00,M004,HIGH_UV_LIGHT,29.06,55.85,8.35,893,0.606,HIGH
2026-09-17 10:56:00,M004,HIGH_UV_LIGHT,28.75,55.29,8.5,939,0.648,HIGH
2026-09-17 10:57:00,M004,HIGH_UV_LIGHT,29.3,55.31,9.03,915,0.618,HIGH
2026-09-17 10:58:00,M004,HIGH_UV_LIGHT,28.9,55.46,8.41,946,0.584,HIGH
2026-09-17 10:59:00,M004,HIGH_UV_LIGHT,29.09,57.01,8.5,924,0.626,HIGH
2026-09-17 11:00:00,M004,HIGH_UV_LIGHT,29.17,57.47,8.49,949,0.63,HIGH
2026-09-17 11:01:00,M004,HIGH_UV_LIGHT,29.3,55.81,8.64,928,0.608,HIGH
2026-09-17 11:02:00,M004,HIGH_UV_LIGHT,29.07,53.86,8.99,948,0.641,HIGH
2026-09-17 11:03:00,M004,HIGH_UV_LIGHT,28.92,55.07,8.62,952,0.639,HIGH
2026-09-17 11:04:00,M004,HIGH_UV_LIGHT,29.16,55.32,8.63,927,0.625,HIGH
2026-09-17 11:05:00,M004,HIGH_UV_LIGHT,28.79,54.93,8.52,936,0.58,HIGH
2026-09-17 11:06:00,M004,HIGH_UV_LIGHT,28.63,55.46,8.99,936,0.599,HIGH
2026-09-17 11:07:00,M004,HIGH_UV_LIGHT,28.59,54.81,8.9,954,0.593,HIGH
2026-09-17 11:08:00,M004,HIGH_UV_LIGHT,29.12,54.6,8.32,952,0.601,HIGH
2026-09-17 11:09:00,M004,HIGH_UV_LIGHT,29.07,56.69,8.69,952,0.648,HIGH
2026-09-17 11:10:00,M004,HIGH_UV_LIGHT,29.01,56.64,8.71,920,0.619,HIGH
2026-09-17 11:11:00,M004,HIGH_UV_LIGHT,29.07,54.61,8.64,952,0.637,HIGH
2026-09-17 11:12:00,M004,HIGH_UV_LIGHT,28.73,54.97,8.57,974,0.593,HIGH
2026-09-17 11:13:00,M004,HIGH_UV_LIGHT,28.51,56.03,8.2,934,0.592,HIGH
2026-09-17 11:14:00,M004,HIGH_UV_LIGHT,29.02,54.77,8.78,913,0.619,HIGH
2026-09-17 11:15:00,M004,HIGH_UV_LIGHT,28.88,54.96,8.87,936,0.594,HIGH
2026-09-17 11:16:00,M004,HIGH_UV_LIGHT,28.76,53.67,8.63,920,0.618,HIGH
2026-09-17 11:17:00,M004,HIGH_UV_LIGHT,28.65,55.33,8.44,935,0.592,HIGH
2026-09-17 11:18:00,M004,HIGH_UV_LIGHT,28.62,54.06,8.16,904,0.627,HIGH
2026-09-17 11:19:00,M004,HIGH_UV_LIGHT,28.9,54.99,8.39,915,0.574,HIGH
2026-09-17 11:20:00,M004,HIGH_UV_LIGHT,28.92,54.72,7.81,913,0.615,HIGH
2026-09-17 11:21:00,M004,HIGH_UV_LIGHT,28.52,55.12,8.4,889,0.591,HIGH
2026-09-17 11:22:00,M004,HIGH_UV_LIGHT,28.64,53.79,8.48,938,0.608,HIGH
2026-09-17 11:23:00,M004,HIGH_UV_LIGHT,28.75,53.13,8.31,921,0.579,HIGH
2026-09-17 11:24:00,M004,HIGH_UV_LIGHT,28.28,54.16,8.59,917,0.574,HIGH
2026-09-17 11:25:00,M004,HIGH_UV_LIGHT,28.23,53.9,8.35,915,0.567,HIGH
2026-09-17 11:26:00,M004,HIGH_UV_LIGHT,28.39,54.46,8.05,911,0.571,HIGH
2026-09-17 11:27:00,M004,HIGH_UV_LIGHT,28.5,53.56,8.0,930,0.549,HIGH
2026-09-17 11:28:00,M004,HIGH_UV_LIGHT,28.0,53.76,8.03,901,0.535,HIGH
2026-09-17 11:29:00,M004,HIGH_UV_LIGHT,28.52,55.33,8.35,897,0.606,HIGH
2026-09-17 11:30:00,M004,HIGH_UV_LIGHT,28.22,52.15,8.6,927,0.566,HIGH
2026-09-17 11:31:00,M004,HIGH_UV_LIGHT,28.22,52.56,8.33,864,0.53,HIGH
2026-09-17 11:32:00,M004,HIGH_UV_LIGHT,28.43,53.69,8.01,895,0.558,HIGH
2026-09-17 11:33:00,M004,HIGH_UV_LIGHT,28.09,52.16,8.09,916,0.584,HIGH
2026-09-17 11:34:00,M004,HIGH_UV_LIGHT,27.77,52.38,7.95,898,0.565,HIGH
2026-09-17 11:35:00,M004,HIGH_UV_LIGHT,28.26,53.02,7.59,882,0.553,HIGH
2026-09-17 11:36:00,M004,HIGH_UV_LIGHT,27.93,53.56,7.54,884,0.526,HIGH
2026-09-17 11:37:00,M004,HIGH_UV_LIGHT,28.11,52.02,8.07,866,0.544,HIGH
2026-09-17 11:38:00,M004,HIGH_UV_LIGHT,27.83,53.13,7.76,861,0.526,HIGH
2026-09-17 11:39:00,M004,HIGH_UV_LIGHT,28.19,53.24,7.77,866,0.566,HIGH
2026-09-17 11:40:00,M004,HIGH_UV_LIGHT,27.83,51.36,8.25,908,0.578,HIGH
2026-09-17 11:41:00,M004,HIGH_UV_LIGHT,27.6,51.84,7.57,868,0.54,HIGH
2026-09-17 11:42:00,M004,HIGH_UV_LIGHT,28.08,50.02,8.19,879,0.517,HIGH
2026-09-17 11:43:00,M004,HIGH_UV_LIGHT,27.9,50.84,7.6,877,0.521,HIGH
2026-09-17 11:44:00,M004,HIGH_UV_LIGHT,28.05,49.86,7.9,837,0.525,HIGH
2026-09-17 11:45:00,M004,HIGH_UV_LIGHT,27.66,51.58,7.68,875,0.52,HIGH
2026-09-17 11:46:00,M004,HIGH_UV_LIGHT,27.5,49.92,7.68,868,0.501,HIGH
2026-09-17 11:47:00,M004,HIGH_UV_LIGHT,28.0,49.73,7.56,807,0.476,HIGH
2026-09-17 11:48:00,M004,HIGH_UV_LIGHT,27.35,50.39,8.0,811,0.511,HIGH
2026-09-17 11:49:00,M004,HIGH_UV_LIGHT,27.76,49.6,7.34,877,0.494,HIGH
2026-09-17 11:50:00,M004,HIGH_UV_LIGHT,27.51,50.07,7.31,866,0.499,HIGH
2026-09-17 11:51:00,M004,HIGH_UV_LIGHT,27.33,49.45,7.58,869,0.49,HIGH
2026-09-17 11:52:00,M004,HIGH_UV_LIGHT,27.45,49.19,7.0,836,0.492,HIGH
2026-09-17 11:53:00,M004,HIGH_UV_LIGHT,27.24,49.97,7.46,864,0.52,HIGH
2026-09-17 11:54:00,M004,HIGH_UV_LIGHT,27.5,49.34,7.56,849,0.495,HIGH
2026-09-17 11:55:00,M004,HIGH_UV_LIGHT,27.29,49.16,7.51,852,0.51,HIGH
2026-09-17 11:56:00,M004,HIGH_UV_LIGHT,27.2,49.01,7.43,852,0.471,HIGH
2026-09-17 11:57:00,M004,HIGH_UV_LIGHT,27.19,47.45,7.38,849,0.463,HIGH
2026-09-17 11:58:00,M004,HIGH_UV_LIGHT,27.02,49.83,7.01,849,0.453,HIGH
2026-09-17 11:59:00,M004,HIGH_UV_LIGHT,27.14,49.71,6.76,816,0.494,HIGH
2026-09-17 12:00:00,M004,HIGH_UV_LIGHT,26.73,48.21,7.03,807,0.487,HIGH
2026-09-17 12:01:00,M004,HIGH_UV_LIGHT,26.88,48.04,6.89,811,0.459,HIGH
2026-09-17 12:02:00,M004,HIGH_UV_LIGHT,26.9,48.13,7.01,821,0.454,HIGH
2026-09-17 12:03:00,M004,HIGH_UV_LIGHT,26.83,48.11,6.69,841,0.443,HIGH
2026-09-17 12:04:00,M004,HIGH_UV_LIGHT,27.4,47.24,7.22,808,0.465,HIGH
2026-09-17 12:05:00,M004,HIGH_UV_LIGHT,27.11,46.49,6.86,810,0.409,HIGH
2026-09-17 12:06:00,M004,HIGH_UV_LIGHT,27.15,46.98,7.08,785,0.422,HIGH
2026-09-17 12:07:00,M004,HIGH_UV_LIGHT,26.65,47.28,7.24,809,0.456,HIGH
2026-09-17 12:08:00,M004,HIGH_UV_LIGHT,26.58,46.02,6.92,829,0.451,HIGH
2026-09-17 12:09:00,M004,HIGH_UV_LIGHT,26.64,46.25,6.81,785,0.449,HIGH
2026-09-17 12:10:00,M004,HIGH_UV_LIGHT,26.49,45.72,6.97,793,0.441,HIGH
2026-09-17 12:11:00,M004,HIGH_UV_LIGHT,26.5,47.58,6.71,798,0.447,HIGH
2026-09-17 12:12:00,M004,HIGH_UV_LIGHT,26.75,45.18,6.5,778,0.439,HIGH
2026-09-17 12:13:00,M004,HIGH_UV_LIGHT,26.78,47.05,6.34,784,0.431,HIGH
2026-09-17 12:14:00,M004,HIGH_UV_LIGHT,26.58,46.47,6.91,798,0.442,HIGH
2026-09-17 12:15:00,M004,HIGH_UV_LIGHT,26.39,45.14,6.67,807,0.436,HIGH
2026-09-17 12:16:00,M004,HIGH_UV_LIGHT,26.62,45.5,6.42,778,0.432,HIGH
2026-09-17 12:17:00,M004,HIGH_UV_LIGHT,26.38,46.68,7.02,787,0.407,HIGH
2026-09-17 12:18:00,M004,HIGH_UV_LIGHT,26.48,44.92,6.76,751,0.402,HIGH
2026-09-17 12:19:00,M004,HIGH_UV_LIGHT,26.36,46.04,6.49,760,0.402,HIGH
2026-09-17 12:20:00,M004,HIGH_UV_LIGHT,26.75,44.84,6.31,779,0.392,HIGH
2026-09-17 12:21:00,M004,HIGH_UV_LIGHT,26.26,45.67,6.95,775,0.388,HIGH
2026-09-17 12:22:00,M004,HIGH_UV_LIGHT,26.18,45.2,6.39,765,0.44,HIGH
2026-09-17 12:23:00,M004,HIGH_UV_LIGHT,26.43,45.15,5.7,779,0.389,HIGH
2026-09-17 12:24:00,M004,HIGH_UV_LIGHT,26.23,45.71,6.81,764,0.416,HIGH
2026-09-17 12:25:00,M004,HIGH_UV_LIGHT,25.88,44.6,6.44,805,0.414,HIGH
2026-09-17 12:26:00,M004,HIGH_UV_LIGHT,26.29,45.33,6.4,735,0.4,HIGH
2026-09-17 12:27:00,M004,HIGH_UV_LIGHT,26.16,45.39,6.71,777,0.364,HIGH
2026-09-17 12:28:00,M004,HIGH_UV_LIGHT,26.01,44.3,6.64,773,0.365,HIGH
2026-09-17 12:29:00,M004,HIGH_UV_LIGHT,26.19,44.56,6.27,760,0.384,HIGH
2026-09-17 12:30:00,M004,HIGH_UV_LIGHT,26.34,44.56,6.25,770,0.383,HIGH
2026-09-17 12:31:00,M004,HIGH_UV_LIGHT,26.07,44.91,6.37,777,0.393,HIGH
2026-09-17 12:32:00,M004,HIGH_UV_LIGHT,26.18,44.85,6.65,785,0.381,HIGH
2026-09-17 12:33:00,M004,HIGH_UV_LIGHT,25.87,43.2,6.44,788,0.396,HIGH
2026-09-17 12:34:00,M004,HIGH_UV_LIGHT,26.07,43.94,6.54,776,0.394,HIGH
2026-09-17 12:35:00,M004,HIGH_UV_LIGHT,26.15,45.17,6.61,736,0.395,HIGH
2026-09-17 12:36:00,M004,HIGH_UV_LIGHT,25.81,42.64,6.37,721,0.393,HIGH
2026-09-17 12:37:00,M004,HIGH_UV_LIGHT,26.3,44.13,6.27,745,0.374,HIGH
2026-09-17 12:38:00,M004,HIGH_UV_LIGHT,25.9,44.96,6.18,745,0.408,HIGH
2026-09-17 12:39:00,M004,HIGH_UV_LIGHT,25.77,44.15,6.21,763,0.366,HIGH
2026-09-17 12:40:00,M004,HIGH_UV_LIGHT,26.15,44.45,6.4,734,0.373,HIGH
2026-09-17 12:41:00,M004,HIGH_UV_LIGHT,25.93,43.98,6.33,735,0.332,HIGH
2026-09-17 12:42:00,M004,HIGH_UV_LIGHT,26.1,44.55,6.62,785,0.354,HIGH
2026-09-17 12:43:00,M004,HIGH_UV_LIGHT,25.83,42.61,6.77,754,0.343,HIGH
2026-09-17 12:44:00,M004,HIGH_UV_LIGHT,26.3,44.53,6.06,733,0.387,HIGH
2026-09-17 12:45:00,M004,HIGH_UV_LIGHT,26.29,43.66,6.23,753,0.358,HIGH
2026-09-17 12:46:00,M004,HIGH_UV_LIGHT,26.09,44.04,6.42,758,0.377,HIGH
2026-09-17 12:47:00,M004,HIGH_UV_LIGHT,26.21,43.56,6.47,750,0.393,HIGH
2026-09-17 12:48:00,M004,HIGH_UV_LIGHT,26.13,43.77,6.87,768,0.407,HIGH
2026-09-17 12:49:00,M004,HIGH_UV_LIGHT,25.79,46.44,6.43,778,0.372,HIGH
2026-09-17 12:50:00,M004,HIGH_UV_LIGHT,25.94,44.43,6.35,782,0.406,HIGH
2026-09-17 12:51:00,M004,HIGH_UV_LIGHT,26.12,45.27,6.46,780,0.377,HIGH
2026-09-17 12:52:00,M004,HIGH_UV_LIGHT,26.06,43.99,6.34,771,0.377,HIGH
2026-09-17 12:53:00,M004,HIGH_UV_LIGHT,26.32,44.75,6.2,760,0.423,HIGH
2026-09-17 12:54:00,M004,HIGH_UV_LIGHT,26.19,43.13,6.23,753,0.38,HIGH
2026-09-17 12:55:00,M004,HIGH_UV_LIGHT,25.9,44.25,6.47,734,0.356,HIGH
2026-09-17 12:56:00,M004,HIGH_UV_LIGHT,25.88,44.82,6.65,751,0.357,HIGH
2026-09-17 12:57:00,M004,HIGH_UV_LIGHT,26.4,44.25,6.45,740,0.398,HIGH
2026-09-17 12:58:00,M004,HIGH_UV_LIGHT,26.3,44.4,6.25,771,0.389,HIGH
2026-09-17 12:59:00,M004,HIGH_UV_LIGHT,26.35,45.67,6.68,767,0.411,HIGH
2026-09-17 13:00:00,M004,HIGH_UV_LIGHT,26.33,45.2,6.46,736,0.385,HIGH
2026-09-17 13:01:00,M004,HIGH_UV_LIGHT,26.15,46.36,6.51,775,0.368,HIGH
2026-09-17 13:02:00,M004,HIGH_UV_LIGHT,26.34,45.18,6.45,763,0.407,HIGH
2026-09-17 13:03:00,M004,HIGH_UV_LIGHT,26.4,43.85,6.38,782,0.368,HIGH
2026-09-17 13:04:00,M004,HIGH_UV_LIGHT,26.11,45.01,6.85,778,0.428,HIGH
2026-09-17 13:05:00,M004,HIGH_UV_LIGHT,26.19,44.45,6.53,793,0.405,HIGH
2026-09-17 13:06:00,M004,HIGH_UV_LIGHT,26.27,45.94,6.52,783,0.44,HIGH
2026-09-17 13:07:00,M004,HIGH_UV_LIGHT,26.41,44.52,6.76,775,0.42,HIGH
2026-09-17 13:08:00,M004,HIGH_UV_LIGHT,26.35,44.79,6.54,775,0.394,HIGH
2026-09-17 13:09:00,M004,HIGH_UV_LIGHT,26.29,44.4,6.51,769,0.424,HIGH
2026-09-17 13:10:00,M004,HIGH_UV_LIGHT,26.23,45.74,6.71,784,0.423,HIGH
2026-09-17 13:11:00,M004,HIGH_UV_LIGHT,26.4,44.82,6.19,789,0.431,HIGH
2026-09-17 13:12:00,M004,HIGH_UV_LIGHT,26.62,44.09,6.47,791,0.396,HIGH
2026-09-17 13:13:00,M004,HIGH_UV_LIGHT,26.53,45.97,6.58,769,0.404,HIGH
2026-09-17 13:14:00,M004,HIGH_UV_LIGHT,26.64,44.87,6.63,790,0.439,HIGH
2026-09-17 13:15:00,M004,HIGH_UV_LIGHT,26.49,45.47,6.81,780,0.445,HIGH
2026-09-17 13:16:00,M004,HIGH_UV_LIGHT,26.56,44.79,7.05,801,0.419,HIGH
2026-09-17 13:17:00,M004,HIGH_UV_LIGHT,26.5,46.34,6.82,782,0.405,HIGH
2026-09-17 13:18:00,M004,HIGH_UV_LIGHT,26.16,45.97,7.14,809,0.431,HIGH
2026-09-17 13:19:00,M004,HIGH_UV_LIGHT,26.26,46.19,6.69,813,0.433,HIGH
2026-09-17 13:20:00,M004,HIGH_UV_LIGHT,26.77,46.76,6.87,796,0.417,HIGH
2026-09-17 13:21:00,M004,HIGH_UV_LIGHT,26.58,47.15,6.69,820,0.406,HIGH
2026-09-17 13:22:00,M004,HIGH_UV_LIGHT,26.95,46.72,6.34,772,0.423,HIGH
2026-09-17 13:23:00,M004,HIGH_UV_LIGHT,26.58,47.55,7.25,795,0.411,HIGH
2026-09-17 13:24:00,M004,HIGH_UV_LIGHT,26.65,48.05,6.91,828,0.441,HIGH
2026-09-17 13:25:00,M004,HIGH_UV_LIGHT,26.94,47.66,7.2,832,0.457,HIGH
2026-09-17 13:26:00,M004,HIGH_UV_LIGHT,26.9,48.26,7.13,829,0.467,HIGH
2026-09-17 13:27:00,M004,HIGH_UV_LIGHT,27.26,49.0,6.99,798,0.442,HIGH
2026-09-17 13:28:00,M004,HIGH_UV_LIGHT,27.56,46.61,7.06,821,0.449,HIGH
2026-09-17 13:29:00,M004,HIGH_UV_LIGHT,26.61,48.59,7.35,849,0.461,HIGH
2026-09-17 13:30:00,M004,HIGH_UV_LIGHT,27.3,48.47,6.72,822,0.455,HIGH
2026-09-17 13:31:00,M004,HIGH_UV_LIGHT,27.09,48.72,7.24,842,0.495,HIGH
2026-09-17 13:32:00,M004,HIGH_UV_LIGHT,27.52,48.9,7.16,824,0.516,HIGH
2026-09-17 13:33:00,M004,HIGH_UV_LIGHT,27.01,50.17,7.12,835,0.507,HIGH
2026-09-17 13:34:00,M004,HIGH_UV_LIGHT,27.25,47.95,6.89,814,0.484,HIGH
2026-09-17 13:35:00,M004,HIGH_UV_LIGHT,27.08,49.4,7.43,883,0.476,HIGH
2026-09-17 13:36:00,M004,HIGH_UV_LIGHT,27.3,48.34,6.93,807,0.508,HIGH
2026-09-17 13:37:00,M004,HIGH_UV_LIGHT,27.27,50.12,6.97,883,0.482,HIGH
2026-09-17 13:38:00,M004,HIGH_UV_LIGHT,27.55,49.25,7.7,868,0.454,HIGH
2026-09-17 13:39:00,M004,HIGH_UV_LIGHT,27.59,49.25,7.7,869,0.485,HIGH
2026-09-17 13:40:00,M004,HIGH_UV_LIGHT,27.28,50.36,7.47,851,0.517,HIGH
2026-09-17 13:41:00,M004,HIGH_UV_LIGHT,27.87,50.17,7.61,833,0.507,HIGH
2026-09-17 13:42:00,M004,HIGH_UV_LIGHT,27.91,51.21,7.7,841,0.53,HIGH
2026-09-17 13:43:00,M004,HIGH_UV_LIGHT,27.77,51.5,7.79,867,0.516,HIGH
2026-09-17 13:44:00,M004,HIGH_UV_LIGHT,27.91,49.94,7.28,843,0.497,HIGH
2026-09-17 13:45:00,M004,HIGH_UV_LIGHT,27.59,51.25,7.6,860,0.498,HIGH
2026-09-17 13:46:00,M004,HIGH_UV_LIGHT,28.04,50.62,7.91,844,0.526,HIGH
2026-09-17 13:47:00,M004,HIGH_UV_LIGHT,27.82,50.43,8.04,866,0.559,HIGH
2026-09-17 13:48:00,M004,HIGH_UV_LIGHT,27.9,50.56,7.73,875,0.551,HIGH
2026-09-17 13:49:00,M004,HIGH_UV_LIGHT,27.72,51.83,7.98,895,0.512,HIGH
2026-09-17 13:50:00,M004,HIGH_UV_LIGHT,27.76,51.45,7.76,882,0.558,HIGH
2026-09-17 13:51:00,M004,HIGH_UV_LIGHT,27.86,52.61,7.6,871,0.528,HIGH
2026-09-17 13:52:00,M004,HIGH_UV_LIGHT,27.74,50.75,8.24,868,0.535,HIGH
2026-09-17 13:53:00,M004,HIGH_UV_LIGHT,28.32,51.74,8.06,881,0.571,HIGH
2026-09-17 13:54:00,M004,HIGH_UV_LIGHT,28.3,52.49,7.94,891,0.573,HIGH
2026-09-17 13:55:00,M004,HIGH_UV_LIGHT,28.15,52.86,8.08,904,0.548,HIGH
2026-09-17 13:56:00,M004,HIGH_UV_LIGHT,28.19,51.17,7.78,902,0.57,HIGH
2026-09-17 13:57:00,M004,HIGH_UV_LIGHT,28.37,51.55,7.87,896,0.581,HIGH
2026-09-17 13:58:00,M004,HIGH_UV_LIGHT,28.01,52.77,7.72,870,0.569,HIGH
2026-09-17 13:59:00,M004,HIGH_UV_LIGHT,28.4,50.69,8.22,897,0.541,HIGH
2026-09-17 14:00:00,M004,HIGH_UV_LIGHT,28.13,52.87,8.09,894,0.561,HIGH
2026-09-17 14:01:00,M004,HIGH_UV_LIGHT,28.48,53.91,7.9,902,0.536,HIGH
2026-09-17 14:02:00,M004,HIGH_UV_LIGHT,28.17,54.59,7.85,884,0.611,HIGH
2026-09-17 14:03:00,M004,HIGH_UV_LIGHT,28.42,53.59,8.12,912,0.605,HIGH
2026-09-17 14:04:00,M004,HIGH_UV_LIGHT,28.6,53.36,8.33,907,0.575,HIGH
2026-09-17 14:05:00,M004,HIGH_UV_LIGHT,28.74,54.54,8.41,911,0.575,HIGH
2026-09-17 14:06:00,M004,HIGH_UV_LIGHT,28.74,55.57,8.28,926,0.588,HIGH
2026-09-17 14:07:00,M004,HIGH_UV_LIGHT,28.63,54.77,8.46,924,0.586,HIGH
2026-09-17 14:08:00,M004,HIGH_UV_LIGHT,28.57,54.5,8.14,907,0.617,HIGH
2026-09-17 14:09:00,M004,HIGH_UV_LIGHT,28.74,52.68,8.44,916,0.554,HIGH
2026-09-17 14:10:00,M004,HIGH_UV_LIGHT,28.74,54.99,8.02,911,0.574,HIGH
2026-09-17 14:11:00,M004,HIGH_UV_LIGHT,28.48,55.9,8.33,933,0.577,HIGH
2026-09-17 14:12:00,M004,HIGH_UV_LIGHT,28.6,54.65,8.62,928,0.53,HIGH
2026-09-17 14:13:00,M004,HIGH_UV_LIGHT,28.65,55.22,8.03,894,0.566,HIGH
2026-09-17 14:14:00,M004,HIGH_UV_LIGHT,28.4,53.58,8.17,917,0.564,HIGH
2026-09-17 14:15:00,M004,HIGH_UV_LIGHT,28.68,55.07,9.16,906,0.618,HIGH
2026-09-17 14:16:00,M004,HIGH_UV_LIGHT,28.36,55.82,8.38,938,0.61,HIGH
2026-09-17 14:17:00,M004,HIGH_UV_LIGHT,28.75,54.9,8.7,918,0.632,HIGH
2026-09-17 14:18:00,M004,HIGH_UV_LIGHT,29.04,56.02,8.5,903,0.635,HIGH
2026-09-17 14:19:00,M004,HIGH_UV_LIGHT,28.96,54.64,8.61,925,0.589,HIGH
2026-09-17 14:20:00,M004,HIGH_UV_LIGHT,28.8,54.77,8.68,935,0.606,HIGH
2026-09-17 14:21:00,M004,HIGH_UV_LIGHT,28.82,56.03,8.35,937,0.575,HIGH
2026-09-17 14:22:00,M004,HIGH_UV_LIGHT,28.95,56.27,8.3,949,0.629,HIGH
2026-09-17 14:23:00,M004,HIGH_UV_LIGHT,29.09,55.61,8.86,954,0.621,HIGH
2026-09-17 14:24:00,M004,HIGH_UV_LIGHT,29.18,56.04,8.52,923,0.63,HIGH
2026-09-17 14:25:00,M004,HIGH_UV_LIGHT,29.13,55.32,8.58,932,0.634,HIGH
2026-09-17 14:26:00,M004,HIGH_UV_LIGHT,28.67,56.94,8.75,908,0.596,HIGH
2026-09-17 14:27:00,M004,HIGH_UV_LIGHT,28.89,55.59,8.67,941,0.602,HIGH
2026-09-17 14:28:00,M004,HIGH_UV_LIGHT,29.32,56.01,8.58,956,0.596,HIGH
2026-09-17 14:29:00,M004,HIGH_UV_LIGHT,29.23,55.01,9.11,910,0.603,HIGH
2026-09-17 14:30:00,M004,HIGH_UV_LIGHT,28.92,56.6,8.76,970,0.62,HIGH
2026-09-17 14:31:00,M004,HIGH_UV_LIGHT,28.95,57.04,9.04,917,0.645,HIGH
2026-09-17 14:32:00,M004,HIGH_UV_LIGHT,29.24,55.0,8.79,931,0.592,HIGH
2026-09-17 14:33:00,M004,HIGH_UV_LIGHT,29.15,56.75,8.78,927,0.643,HIGH
2026-09-17 14:34:00,M004,HIGH_UV_LIGHT,29.01,56.26,8.58,915,0.627,HIGH
2026-09-17 14:35:00,M004,HIGH_UV_LIGHT,29.11,56.3,8.88,971,0.612,HIGH
2026-09-17 14:36:00,M004,HIGH_UV_LIGHT,28.63,56.72,8.61,921,0.592,HIGH
2026-09-17 14:37:00,M004,HIGH_UV_LIGHT,29.19,55.39,8.54,949,0.627,HIGH
2026-09-17 14:38:00,M004,HIGH_UV_LIGHT,28.97,55.62,8.25,974,0.569,HIGH
2026-09-17 14:39:00,M004,HIGH_UV_LIGHT,28.98,55.01,8.63,935,0.624,HIGH
2026-09-17 14:40:00,M004,HIGH_UV_LIGHT,29.02,53.71,8.96,941,0.599,HIGH
2026-09-17 14:41:00,M004,HIGH_UV_LIGHT,28.96,55.31,7.96,964,0.648,HIGH
2026-09-17 14:42:00,M004,HIGH_UV_LIGHT,29.09,56.83,8.92,931,0.618,HIGH
2026-09-17 14:43:00,M004,HIGH_UV_LIGHT,28.93,56.12,8.42,956,0.616,HIGH
2026-09-17 14:44:00,M004,HIGH_UV_LIGHT,28.94,56.28,8.7,930,0.61,HIGH
2026-09-17 14:45:00,M004,HIGH_UV_LIGHT,28.49,56.68,8.75,940,0.649,HIGH
2026-09-17 14:46:00,M004,HIGH_UV_LIGHT,28.78,55.78,8.46,955,0.589,HIGH
2026-09-17 14:47:00,M004,HIGH_UV_LIGHT,29.13,56.62,8.72,960,0.608,HIGH
2026-09-17 14:48:00,M004,HIGH_UV_LIGHT,28.79,56.05,8.41,932,0.63,HIGH
2026-09-17 14:49:00,M004,HIGH_UV_LIGHT,29.06,55.53,8.32,945,0.597,HIGH
2026-09-17 14:50:00,M004,HIGH_UV_LIGHT,28.87,53.49,8.93,940,0.594,HIGH
2026-09-17 14:51:00,M004,HIGH_UV_LIGHT,28.92,54.59,8.83,925,0.617,HIGH
2026-09-17 14:52:00,M004,HIGH_UV_LIGHT,28.96,56.85,9.0,957,0.624,HIGH
2026-09-17 14:53:00,M004,HIGH_UV_LIGHT,29.06,53.92,8.68,906,0.583,HIGH
2026-09-17 14:54:00,M004,HIGH_UV_LIGHT,29.08,54.95,8.21,904,0.621,HIGH
2026-09-17 14:55:00,M004,HIGH_UV_LIGHT,28.87,55.24,8.1,926,0.617,HIGH
2026-09-17 14:56:00,M004,HIGH_UV_LIGHT,28.53,53.92,8.43,924,0.616,HIGH
2026-09-17 14:57:00,M004,HIGH_UV_LIGHT,28.52,54.49,8.57,941,0.607,HIGH
2026-09-17 14:58:00,M004,HIGH_UV_LIGHT,28.62,53.6,8.88,934,0.579,HIGH
2026-09-17 14:59:00,M004,HIGH_UV_LIGHT,28.53,54.64,8.5,907,0.618,HIGH
2026-09-17 15:00:00,M004,HIGH_UV_LIGHT,28.9,54.75,8.45,905,0.586,HIGH
2026-09-17 15:01:00,M004,HIGH_UV_LIGHT,28.37,55.09,8.65,921,0.627,HIGH
2026-09-17 15:02:00,M004,HIGH_UV_LIGHT,28.59,54.2,8.66,886,0.593,HIGH
2026-09-17 15:03:00,M004,HIGH_UV_LIGHT,28.22,52.9,8.3,896,0.597,HIGH
2026-09-17 15:04:00,M004,HIGH_UV_LIGHT,28.41,55.73,8.43,897,0.588,HIGH
2026-09-17 15:05:00,M004,HIGH_UV_LIGHT,28.61,55.64,7.98,907,0.599,HIGH
2026-09-17 15:06:00,M004,HIGH_UV_LIGHT,28.51,53.29,8.03,903,0.601,HIGH
2026-09-17 15:07:00,M004,HIGH_UV_LIGHT,28.52,53.9,8.6,902,0.572,HIGH
2026-09-17 15:08:00,M004,HIGH_UV_LIGHT,28.25,52.27,8.31,877,0.572,HIGH
2026-09-17 15:09:00,M004,HIGH_UV_LIGHT,28.61,53.9,8.39,874,0.567,HIGH
2026-09-17 15:10:00,M004,HIGH_UV_LIGHT,28.54,52.3,8.25,876,0.541,HIGH
2026-09-17 15:11:00,M004,HIGH_UV_LIGHT,28.39,52.62,8.1,917,0.542,HIGH
2026-09-17 15:12:00,M004,HIGH_UV_LIGHT,28.82,53.88,7.96,916,0.574,HIGH
2026-09-17 15:13:00,M004,HIGH_UV_LIGHT,28.36,52.65,8.32,903,0.57,HIGH
2026-09-17 15:14:00,M004,HIGH_UV_LIGHT,28.24,52.71,7.98,865,0.552,HIGH
2026-09-17 15:15:00,M004,HIGH_UV_LIGHT,27.92,52.46,8.18,915,0.528,HIGH
2026-09-17 15:16:00,M004,HIGH_UV_LIGHT,27.92,51.45,8.05,896,0.538,HIGH
2026-09-17 15:17:00,M004,HIGH_UV_LIGHT,28.0,54.45,7.83,871,0.523,HIGH
2026-09-17 15:18:00,M004,HIGH_UV_LIGHT,27.71,52.92,8.19,872,0.564,HIGH
2026-09-17 15:19:00,M004,HIGH_UV_LIGHT,27.93,51.58,7.86,841,0.515,HIGH
2026-09-17 15:20:00,M004,HIGH_UV_LIGHT,27.97,52.02,7.85,872,0.539,HIGH
2026-09-17 15:21:00,M004,HIGH_UV_LIGHT,28.29,52.72,7.84,858,0.544,HIGH
2026-09-17 15:22:00,M004,HIGH_UV_LIGHT,28.16,52.5,7.43,869,0.515,HIGH
2026-09-17 15:23:00,M004,HIGH_UV_LIGHT,27.57,51.46,7.47,866,0.525,HIGH
2026-09-17 15:24:00,M004,HIGH_UV_LIGHT,27.9,51.34,7.4,888,0.509,HIGH
2026-09-17 15:25:00,M004,HIGH_UV_LIGHT,28.14,50.93,7.97,886,0.504,HIGH
2026-09-17 15:26:00,M004,HIGH_UV_LIGHT,27.61,50.4,7.56,860,0.492,HIGH
2026-09-17 15:27:00,M004,HIGH_UV_LIGHT,27.65,50.5,7.13,850,0.5,HIGH
2026-09-17 15:28:00,M004,HIGH_UV_LIGHT,27.43,51.81,7.18,837,0.508,HIGH
2026-09-17 15:29:00,M004,HIGH_UV_LIGHT,27.49,50.59,7.92,886,0.507,HIGH
2026-09-17 15:30:00,M004,HIGH_UV_LIGHT,27.39,50.26,7.19,874,0.546,HIGH
2026-09-17 15:31:00,M004,HIGH_UV_LIGHT,27.28,49.08,7.33,850,0.498,HIGH
2026-09-17 15:32:00,M004,HIGH_UV_LIGHT,27.33,48.84,7.78,840,0.485,HIGH
2026-09-17 15:33:00,M004,HIGH_UV_LIGHT,27.41,50.61,7.42,855,0.481,HIGH
2026-09-17 15:34:00,M004,HIGH_UV_LIGHT,27.4,49.47,7.77,792,0.488,HIGH
2026-09-17 15:35:00,M004,HIGH_UV_LIGHT,27.44,49.48,7.04,857,0.499,HIGH
2026-09-17 15:36:00,M004,HIGH_UV_LIGHT,27.47,48.45,7.33,814,0.476,HIGH
2026-09-17 15:37:00,M004,HIGH_UV_LIGHT,27.19,48.98,6.86,811,0.486,HIGH
2026-09-17 15:38:00,M004,HIGH_UV_LIGHT,27.12,49.04,6.92,824,0.464,HIGH
2026-09-17 15:39:00,M004,HIGH_UV_LIGHT,27.03,47.35,6.93,805,0.465,HIGH
2026-09-17 15:40:00,M004,HIGH_UV_LIGHT,26.85,47.94,7.08,818,0.436,HIGH
2026-09-17 15:41:00,M004,HIGH_UV_LIGHT,26.98,47.24,6.8,826,0.465,HIGH
2026-09-17 15:42:00,M004,HIGH_UV_LIGHT,27.06,47.16,6.79,846,0.421,HIGH
2026-09-17 15:43:00,M004,HIGH_UV_LIGHT,26.77,48.86,7.11,847,0.49,HIGH
2026-09-17 15:44:00,M004,HIGH_UV_LIGHT,27.19,48.87,7.05,798,0.469,HIGH
2026-09-17 15:45:00,M004,HIGH_UV_LIGHT,26.64,46.15,6.79,813,0.453,HIGH
2026-09-17 15:46:00,M004,HIGH_UV_LIGHT,27.08,47.19,7.54,812,0.462,HIGH
2026-09-17 15:47:00,M004,HIGH_UV_LIGHT,26.68,47.38,7.01,792,0.448,HIGH
2026-09-17 15:48:00,M004,HIGH_UV_LIGHT,26.56,48.88,6.65,810,0.432,HIGH
2026-09-17 15:49:00,M004,HIGH_UV_LIGHT,26.43,47.32,7.03,778,0.417,HIGH
2026-09-17 15:50:00,M004,HIGH_UV_LIGHT,26.93,47.42,7.0,781,0.43,HIGH
2026-09-17 15:51:00,M004,HIGH_UV_LIGHT,26.92,45.01,6.51,789,0.437,HIGH
2026-09-17 15:52:00,M004,HIGH_UV_LIGHT,26.92,47.94,6.63,817,0.394,HIGH
2026-09-17 15:53:00,M004,HIGH_UV_LIGHT,26.69,47.62,6.4,792,0.459,HIGH
2026-09-17 15:54:00,M004,HIGH_UV_LIGHT,26.53,46.61,6.84,778,0.417,HIGH
2026-09-17 15:55:00,M004,HIGH_UV_LIGHT,26.74,46.41,6.53,793,0.411,HIGH
2026-09-17 15:56:00,M004,HIGH_UV_LIGHT,26.54,45.56,6.81,775,0.434,HIGH
2026-09-17 15:57:00,M004,HIGH_UV_LIGHT,26.17,47.09,6.7,804,0.424,HIGH
2026-09-17 15:58:00,M004,HIGH_UV_LIGHT,26.8,44.91,6.14,809,0.4,HIGH
2026-09-17 15:59:00,M004,HIGH_UV_LIGHT,26.43,46.58,6.96,772,0.414,HIGH
2026-09-17 16:00:00,M004,HIGH_UV_LIGHT,26.5,46.32,6.41,807,0.409,HIGH
2026-09-17 16:01:00,M004,HIGH_UV_LIGHT,26.32,46.16,6.72,811,0.394,HIGH
2026-09-17 16:02:00,M004,HIGH_UV_LIGHT,26.43,46.35,6.51,765,0.418,HIGH
2026-09-17 16:03:00,M004,HIGH_UV_LIGHT,26.44,43.7,6.88,805,0.386,HIGH
2026-09-17 16:04:00,M004,HIGH_UV_LIGHT,26.1,45.69,6.71,782,0.372,HIGH
2026-09-17 16:05:00,M004,HIGH_UV_LIGHT,26.12,45.27,6.45,730,0.374,HIGH
2026-09-17 16:06:00,M004,HIGH_UV_LIGHT,25.92,43.86,6.56,767,0.4,HIGH
2026-09-17 16:07:00,M004,HIGH_UV_LIGHT,26.11,44.89,6.54,793,0.373,HIGH
2026-09-17 16:08:00,M004,HIGH_UV_LIGHT,26.22,46.14,6.46,764,0.382,HIGH
2026-09-17 16:09:00,M004,HIGH_UV_LIGHT,26.09,44.9,6.44,755,0.399,HIGH
2026-09-17 16:10:00,M004,HIGH_UV_LIGHT,26.63,44.72,6.39,796,0.399,HIGH
2026-09-17 16:11:00,M004,HIGH_UV_LIGHT,26.11,43.06,6.38,752,0.383,HIGH
2026-09-17 16:12:00,M004,HIGH_UV_LIGHT,26.0,45.81,6.58,784,0.362,HIGH
2026-09-17 16:13:00,M004,HIGH_UV_LIGHT,26.14,42.9,6.16,757,0.392,HIGH
2026-09-17 16:14:00,M004,HIGH_UV_LIGHT,26.05,46.29,6.38,746,0.38,HIGH
2026-09-17 16:15:00,M004,HIGH_UV_LIGHT,25.56,44.49,6.07,776,0.402,HIGH
2026-09-17 16:16:00,M004,HIGH_UV_LIGHT,26.17,42.82,6.79,782,0.383,HIGH
2026-09-17 16:17:00,M004,HIGH_UV_LIGHT,25.96,44.14,6.4,748,0.404,HIGH
2026-09-17 16:18:00,M004,HIGH_UV_LIGHT,25.92,43.75,6.43,780,0.367,HIGH
2026-09-17 16:19:00,M004,HIGH_UV_LIGHT,26.53,44.35,5.94,741,0.391,HIGH
2026-09-17 16:20:00,M004,HIGH_UV_LIGHT,26.12,43.65,6.41,753,0.361,HIGH
2026-09-17 16:21:00,M004,HIGH_UV_LIGHT,25.97,43.89,6.61,779,0.386,HIGH
2026-09-17 16:22:00,M004,HIGH_UV_LIGHT,26.09,44.97,7.11,756,0.416,HIGH
2026-09-17 16:23:00,M004,HIGH_UV_LIGHT,25.71,43.0,6.3,776,0.377,HIGH
2026-09-17 16:24:00,M004,HIGH_UV_LIGHT,26.06,45.79,6.4,736,0.392,HIGH
2026-09-17 16:25:00,M004,HIGH_UV_LIGHT,25.83,44.16,6.36,750,0.399,HIGH
2026-09-17 16:26:00,M004,HIGH_UV_LIGHT,25.85,44.22,6.52,765,0.366,HIGH
2026-09-17 16:27:00,M004,HIGH_UV_LIGHT,25.88,43.48,6.48,763,0.392,HIGH
2026-09-17 16:28:00,M004,HIGH_UV_LIGHT,26.13,43.07,6.1,756,0.381,HIGH
2026-09-17 16:29:00,M004,HIGH_UV_LIGHT,25.92,42.8,6.32,757,0.351,HIGH
2026-09-17 16:30:00,M004,HIGH_UV_LIGHT,25.68,43.08,6.39,765,0.409,HIGH
2026-09-17 16:31:00,M004,HIGH_UV_LIGHT,26.23,44.43,6.28,765,0.382,HIGH
2026-09-17 16:32:00,M004,HIGH_UV_LIGHT,25.95,44.71,6.66,752,0.412,HIGH
2026-09-17 16:33:00,M004,HIGH_UV_LIGHT,26.14,44.25,6.38,759,0.364,HIGH
2026-09-17 16:34:00,M004,HIGH_UV_LIGHT,26.09,45.67,6.68,752,0.395,HIGH
2026-09-17 16:35:00,M004,HIGH_UV_LIGHT,26.13,44.58,6.35,777,0.401,HIGH
2026-09-17 16:36:00,M004,HIGH_UV_LIGHT,25.94,45.61,5.91,750,0.397,HIGH
2026-09-17 16:37:00,M004,HIGH_UV_LIGHT,26.13,43.09,6.59,772,0.383,HIGH
2026-09-17 16:38:00,M004,HIGH_UV_LIGHT,26.21,44.78,6.35,755,0.426,HIGH
2026-09-17 16:39:00,M004,HIGH_UV_LIGHT,25.76,43.8,6.09,766,0.418,HIGH
2026-09-17 16:40:00,M004,HIGH_UV_LIGHT,26.1,44.42,6.29,812,0.357,HIGH
2026-09-17 16:41:00,M004,HIGH_UV_LIGHT,26.17,44.19,5.98,747,0.398,HIGH
2026-09-17 16:42:00,M004,HIGH_UV_LIGHT,26.46,44.18,6.25,761,0.408,HIGH
2026-09-17 16:43:00,M004,HIGH_UV_LIGHT,26.22,44.79,6.37,790,0.397,HIGH
2026-09-17 16:44:00,M004,HIGH_UV_LIGHT,26.49,44.58,6.88,767,0.428,HIGH
2026-09-17 16:45:00,M004,HIGH_UV_LIGHT,26.27,44.91,6.48,750,0.438,HIGH
2026-09-17 16:46:00,M004,HIGH_UV_LIGHT,26.42,44.48,6.14,775,0.402,HIGH
2026-09-17 16:47:00,M004,HIGH_UV_LIGHT,26.22,44.08,6.44,815,0.376,HIGH
2026-09-17 16:48:00,M004,HIGH_UV_LIGHT,26.5,45.22,6.17,754,0.424,HIGH
2026-09-17 16:49:00,M004,HIGH_UV_LIGHT,26.3,45.41,6.4,764,0.426,HIGH
2026-09-17 16:50:00,M004,HIGH_UV_LIGHT,26.49,46.09,6.67,785,0.435,HIGH
2026-09-17 16:51:00,M004,HIGH_UV_LIGHT,26.34,44.58,6.46,769,0.425,HIGH
2026-09-17 16:52:00,M004,HIGH_UV_LIGHT,26.75,44.95,6.92,794,0.41,HIGH
2026-09-17 16:53:00,M004,HIGH_UV_LIGHT,26.24,47.03,6.77,789,0.44,HIGH
2026-09-17 16:54:00,M004,HIGH_UV_LIGHT,26.46,47.17,6.57,745,0.406,HIGH
2026-09-17 16:55:00,M004,HIGH_UV_LIGHT,26.3,45.84,7.03,808,0.417,HIGH
2026-09-17 16:56:00,M004,HIGH_UV_LIGHT,26.56,46.28,6.51,794,0.431,HIGH
2026-09-17 16:57:00,M004,HIGH_UV_LIGHT,26.49,46.09,6.92,773,0.399,HIGH
2026-09-17 16:58:00,M004,HIGH_UV_LIGHT,26.75,46.74,6.67,807,0.44,HIGH
2026-09-17 16:59:00,M004,HIGH_UV_LIGHT,26.58,47.42,7.01,802,0.439,HIGH
2026-09-17 17:00:00,M004,HIGH_UV_LIGHT,26.88,48.57,6.82,792,0.44,HIGH
2026-09-17 17:01:00,M004,HIGH_UV_LIGHT,26.57,47.11,6.81,804,0.433,HIGH
2026-09-17 17:02:00,M004,HIGH_UV_LIGHT,27.18,47.5,6.6,819,0.44,HIGH
2026-09-17 17:03:00,M004,HIGH_UV_LIGHT,26.82,47.32,6.65,827,0.432,HIGH
2026-09-17 17:04:00,M004,HIGH_UV_LIGHT,26.85,47.84,7.06,806,0.437,HIGH
2026-09-17 17:05:00,M004,HIGH_UV_LIGHT,26.97,48.74,7.42,808,0.48,HIGH
2026-09-17 17:06:00,M004,HIGH_UV_LIGHT,27.36,47.21,6.65,824,0.479,HIGH
2026-09-17 17:07:00,M004,HIGH_UV_LIGHT,26.96,48.72,7.04,840,0.426,HIGH
2026-09-17 17:08:00,M004,HIGH_UV_LIGHT,27.23,48.57,6.89,810,0.463,HIGH
2026-09-17 17:09:00,M004,HIGH_UV_LIGHT,27.1,48.74,7.08,805,0.427,HIGH
2026-09-17 17:10:00,M004,HIGH_UV_LIGHT,27.21,46.75,7.31,839,0.459,HIGH
2026-09-17 17:11:00,M004,HIGH_UV_LIGHT,27.12,47.64,7.26,851,0.474,HIGH
2026-09-17 17:12:00,M004,HIGH_UV_LIGHT,27.38,48.68,7.42,839,0.49,HIGH
2026-09-17 17:13:00,M004,HIGH_UV_LIGHT,27.48,48.36,7.22,791,0.498,HIGH
2026-09-17 17:14:00,M004,HIGH_UV_LIGHT,27.54,49.84,7.28,824,0.454,HIGH
2026-09-17 17:15:00,M004,HIGH_UV_LIGHT,27.65,49.39,7.05,862,0.466,HIGH
2026-09-17 17:16:00,M004,HIGH_UV_LIGHT,27.24,48.39,6.99,853,0.473,HIGH
2026-09-17 17:17:00,M004,HIGH_UV_LIGHT,27.38,48.82,7.62,864,0.503,HIGH
2026-09-17 17:18:00,M004,HIGH_UV_LIGHT,27.29,50.92,7.34,826,0.491,HIGH
2026-09-17 17:19:00,M004,HIGH_UV_LIGHT,27.38,49.63,7.45,901,0.517,HIGH
2026-09-17 17:20:00,M004,HIGH_UV_LIGHT,27.43,50.53,7.08,843,0.49,HIGH
2026-09-17 17:21:00,M004,HIGH_UV_LIGHT,27.47,49.46,7.47,873,0.496,HIGH
2026-09-17 17:22:00,M004,HIGH_UV_LIGHT,27.22,49.53,7.64,842,0.524,HIGH
2026-09-17 17:23:00,M004,HIGH_UV_LIGHT,27.59,50.88,7.64,847,0.51,HIGH
2026-09-17 17:24:00,M004,HIGH_UV_LIGHT,27.68,50.24,7.93,868,0.496,HIGH
2026-09-17 17:25:00,M004,HIGH_UV_LIGHT,27.56,49.81,7.35,867,0.547,HIGH
2026-09-17 17:26:00,M004,HIGH_UV_LIGHT,27.85,51.56,7.66,886,0.519,HIGH
2026-09-17 17:27:00,M004,HIGH_UV_LIGHT,27.94,52.12,8.04,860,0.523,HIGH
2026-09-17 17:28:00,M004,HIGH_UV_LIGHT,27.41,52.33,7.57,890,0.529,HIGH
2026-09-17 17:29:00,M004,HIGH_UV_LIGHT,27.92,52.34,8.05,878,0.532,HIGH
2026-09-17 17:30:00,M004,HIGH_UV_LIGHT,27.95,51.97,8.19,865,0.536,HIGH
2026-09-17 17:31:00,M004,HIGH_UV_LIGHT,28.07,51.69,7.6,884,0.529,HIGH
2026-09-17 17:32:00,M004,HIGH_UV_LIGHT,28.12,51.62,7.9,876,0.543,HIGH
2026-09-17 17:33:00,M004,HIGH_UV_LIGHT,27.95,52.81,8.06,896,0.549,HIGH
2026-09-17 17:34:00,M004,HIGH_UV_LIGHT,28.19,53.51,8.07,871,0.551,HIGH
2026-09-17 17:35:00,M004,HIGH_UV_LIGHT,27.99,52.94,7.77,864,0.584,HIGH
2026-09-17 17:36:00,M004,HIGH_UV_LIGHT,28.37,53.24,8.1,895,0.565,HIGH
2026-09-17 17:37:00,M004,HIGH_UV_LIGHT,28.22,52.15,7.92,913,0.536,HIGH
2026-09-17 17:38:00,M004,HIGH_UV_LIGHT,28.23,52.08,7.86,912,0.567,HIGH
2026-09-17 17:39:00,M004,HIGH_UV_LIGHT,28.19,53.12,7.83,920,0.586,HIGH
2026-09-17 17:40:00,M004,HIGH_UV_LIGHT,28.28,54.8,8.13,866,0.583,HIGH
2026-09-17 17:41:00,M004,HIGH_UV_LIGHT,28.43,53.96,8.45,905,0.555,HIGH
2026-09-17 17:42:00,M004,HIGH_UV_LIGHT,28.56,54.18,7.98,903,0.553,HIGH
2026-09-17 17:43:00,M004,HIGH_UV_LIGHT,28.35,54.52,7.85,922,0.562,HIGH
2026-09-17 17:44:00,M004,HIGH_UV_LIGHT,28.46,52.14,7.99,926,0.584,HIGH
2026-09-17 17:45:00,M004,HIGH_UV_LIGHT,28.45,53.16,8.27,899,0.592,HIGH
2026-09-17 17:46:00,M004,HIGH_UV_LIGHT,28.44,55.4,8.31,937,0.562,HIGH
2026-09-17 17:47:00,M004,HIGH_UV_LIGHT,28.63,55.41,8.29,904,0.576,HIGH
2026-09-17 17:48:00,M004,HIGH_UV_LIGHT,28.61,55.15,8.71,916,0.571,HIGH
2026-09-17 17:49:00,M004,HIGH_UV_LIGHT,28.76,54.78,8.49,941,0.62,HIGH
2026-09-17 17:50:00,M004,HIGH_UV_LIGHT,28.76,55.01,8.51,928,0.582,HIGH
2026-09-17 17:51:00,M004,HIGH_UV_LIGHT,28.72,55.01,8.24,904,0.568,HIGH
2026-09-17 17:52:00,M004,HIGH_UV_LIGHT,28.68,55.23,8.25,890,0.563,HIGH
2026-09-17 17:53:00,M004,HIGH_UV_LIGHT,28.34,53.96,8.42,967,0.593,HIGH
2026-09-17 17:54:00,M004,HIGH_UV_LIGHT,28.5,54.09,8.62,920,0.6,HIGH
2026-09-17 17:55:00,M004,HIGH_UV_LIGHT,28.94,55.21,8.42,904,0.583,HIGH
2026-09-17 17:56:00,M004,HIGH_UV_LIGHT,28.78,55.69,8.44,939,0.638,HIGH
2026-09-17 17:57:00,M004,HIGH_UV_LIGHT,29.2,57.18,8.51,940,0.603,HIGH
2026-09-17 17:58:00,M004,HIGH_UV_LIGHT,28.78,55.53,8.4,927,0.606,HIGH
2026-09-17 17:59:00,M004,HIGH_UV_LIGHT,28.98,55.98,8.18,931,0.616,HIGH
2026-09-17 18:00:00,M004,HIGH_UV_LIGHT,29.06,54.13,8.35,929,0.587,HIGH
2026-09-17 18:01:00,M004,HIGH_UV_LIGHT,29.11,54.93,8.8,928,0.567,HIGH
2026-09-17 18:02:00,M004,HIGH_UV_LIGHT,28.76,55.36,8.49,951,0.576,HIGH
2026-09-17 18:03:00,M004,HIGH_UV_LIGHT,28.7,55.85,8.45,940,0.571,HIGH
2026-09-17 18:04:00,M004,HIGH_UV_LIGHT,28.61,54.26,8.53,946,0.599,HIGH
2026-09-17 18:05:00,M004,HIGH_UV_LIGHT,29.11,56.27,8.47,958,0.604,HIGH
2026-09-17 18:06:00,M004,HIGH_UV_LIGHT,28.44,55.78,8.81,942,0.615,HIGH
2026-09-17 18:07:00,M004,HIGH_UV_LIGHT,29.04,55.43,8.86,899,0.607,HIGH
2026-09-17 18:08:00,M004,HIGH_UV_LIGHT,28.56,55.08,9.17,923,0.615,HIGH
2026-09-17 18:09:00,M004,HIGH_UV_LIGHT,29.06,55.18,9.02,926,0.608,HIGH
2026-09-17 18:10:00,M004,HIGH_UV_LIGHT,29.23,55.56,8.32,960,0.635,HIGH
2026-09-17 18:11:00,M004,HIGH_UV_LIGHT,29.35,56.02,8.96,949,0.618,HIGH
2026-09-17 18:12:00,M004,HIGH_UV_LIGHT,28.78,56.92,8.88,939,0.585,HIGH
2026-09-17 18:13:00,M004,HIGH_UV_LIGHT,29.31,55.37,9.5,965,0.612,HIGH
2026-09-17 18:14:00,M004,HIGH_UV_LIGHT,28.87,55.7,9.16,914,0.627,HIGH
2026-09-17 18:15:00,M004,HIGH_UV_LIGHT,28.85,55.72,8.89,939,0.613,HIGH
2026-09-17 18:16:00,M004,HIGH_UV_LIGHT,28.87,55.77,8.72,927,0.649,HIGH
2026-09-17 18:17:00,M004,HIGH_UV_LIGHT,28.92,56.97,8.73,936,0.61,HIGH
2026-09-17 18:18:00,M004,HIGH_UV_LIGHT,29.34,55.43,8.81,935,0.633,HIGH
2026-09-17 18:19:00,M004,HIGH_UV_LIGHT,29.12,55.62,8.66,953,0.612,HIGH
2026-09-17 18:20:00,M004,HIGH_UV_LIGHT,29.09,56.57,8.88,936,0.636,HIGH
2026-09-17 18:21:00,M004,HIGH_UV_LIGHT,28.85,57.09,8.44,936,0.657,HIGH
2026-09-17 18:22:00,M004,HIGH_UV_LIGHT,28.79,54.9,8.94,944,0.61,HIGH
2026-09-17 18:23:00,M004,HIGH_UV_LIGHT,28.87,54.96,8.31,959,0.621,HIGH
2026-09-17 18:24:00,M004,HIGH_UV_LIGHT,29.07,54.23,8.73,925,0.595,HIGH
2026-09-17 18:25:00,M004,HIGH_UV_LIGHT,29.01,55.03,8.54,931,0.626,HIGH
2026-09-17 18:26:00,M004,HIGH_UV_LIGHT,28.83,55.77,8.93,922,0.646,HIGH
2026-09-17 18:27:00,M004,HIGH_UV_LIGHT,29.01,55.19,8.21,951,0.57,HIGH
2026-09-17 18:28:00,M004,HIGH_UV_LIGHT,29.32,56.28,8.38,953,0.608,HIGH
2026-09-17 18:29:00,M004,HIGH_UV_LIGHT,28.83,55.97,8.62,940,0.6,HIGH
2026-09-17 18:30:00,M004,HIGH_UV_LIGHT,28.98,55.94,8.44,956,0.618,HIGH
2026-09-17 18:31:00,M004,HIGH_UV_LIGHT,28.81,56.04,8.61,958,0.601,HIGH
2026-09-17 18:32:00,M004,HIGH_UV_LIGHT,29.14,56.54,8.58,907,0.6,HIGH
2026-09-17 18:33:00,M004,HIGH_UV_LIGHT,28.74,56.95,8.52,932,0.617,HIGH
2026-09-17 18:34:00,M004,HIGH_UV_LIGHT,28.65,54.6,8.76,952,0.617,HIGH
2026-09-17 18:35:00,M004,HIGH_UV_LIGHT,29.04,54.61,8.41,920,0.562,HIGH
2026-09-17 18:36:00,M004,HIGH_UV_LIGHT,28.77,54.21,8.37,878,0.573,HIGH
2026-09-17 18:37:00,M004,HIGH_UV_LIGHT,29.05,54.53,8.33,924,0.609,HIGH
2026-09-17 18:38:00,M004,HIGH_UV_LIGHT,28.46,53.67,8.1,931,0.604,HIGH
2026-09-17 18:39:00,M004,HIGH_UV_LIGHT,28.88,54.59,8.42,906,0.61,HIGH
2026-09-17 18:40:00,M004,HIGH_UV_LIGHT,28.48,52.92,8.61,890,0.592,HIGH
2026-09-17 18:41:00,M004,HIGH_UV_LIGHT,28.74,53.54,8.51,936,0.584,HIGH
2026-09-17 18:42:00,M004,HIGH_UV_LIGHT,28.62,54.42,8.43,913,0.596,HIGH
2026-09-17 18:43:00,M004,HIGH_UV_LIGHT,28.79,54.25,8.21,902,0.583,HIGH
2026-09-17 18:44:00,M004,HIGH_UV_LIGHT,28.63,53.41,8.53,923,0.586,HIGH
2026-09-17 18:45:00,M004,HIGH_UV_LIGHT,28.55,52.69,7.81,921,0.576,HIGH
2026-09-17 18:46:00,M004,HIGH_UV_LIGHT,28.74,53.49,8.15,898,0.609,HIGH
2026-09-17 18:47:00,M004,HIGH_UV_LIGHT,28.62,52.86,7.83,879,0.585,HIGH
2026-09-17 18:48:00,M004,HIGH_UV_LIGHT,28.34,55.08,8.25,882,0.555,HIGH
2026-09-17 18:49:00,M004,HIGH_UV_LIGHT,28.64,53.73,8.29,913,0.564,HIGH
2026-09-17 18:50:00,M004,HIGH_UV_LIGHT,28.26,52.78,8.66,886,0.536,HIGH
2026-09-17 18:51:00,M004,HIGH_UV_LIGHT,28.25,53.09,7.91,913,0.561,HIGH
2026-09-17 18:52:00,M004,HIGH_UV_LIGHT,28.62,52.82,7.73,882,0.543,HIGH
2026-09-17 18:53:00,M004,HIGH_UV_LIGHT,27.93,53.09,7.94,909,0.55,HIGH
2026-09-17 18:54:00,M004,HIGH_UV_LIGHT,27.89,53.65,7.46,851,0.559,HIGH
2026-09-17 18:55:00,M004,HIGH_UV_LIGHT,28.4,52.94,7.89,912,0.528,HIGH
2026-09-17 18:56:00,M004,HIGH_UV_LIGHT,27.72,52.49,8.28,895,0.53,HIGH
2026-09-17 18:57:00,M004,HIGH_UV_LIGHT,28.0,51.77,7.67,893,0.552,HIGH
2026-09-17 18:58:00,M004,HIGH_UV_LIGHT,27.82,52.04,8.26,845,0.544,HIGH
2026-09-17 18:59:00,M004,HIGH_UV_LIGHT,27.67,51.76,7.9,870,0.524,HIGH
2026-09-17 19:00:00,M004,HIGH_UV_LIGHT,27.76,52.19,8.22,886,0.526,HIGH
2026-09-17 19:01:00,M004,HIGH_UV_LIGHT,27.75,51.92,7.56,868,0.535,HIGH
2026-09-17 19:02:00,M004,HIGH_UV_LIGHT,27.79,49.92,7.97,874,0.494,HIGH
2026-09-17 19:03:00,M004,HIGH_UV_LIGHT,27.64,52.24,7.59,854,0.539,HIGH
2026-09-17 19:04:00,M004,HIGH_UV_LIGHT,27.73,50.68,7.21,849,0.508,HIGH
2026-09-17 19:05:00,M004,HIGH_UV_LIGHT,27.88,52.67,7.72,886,0.534,HIGH
2026-09-17 19:06:00,M004,HIGH_UV_LIGHT,27.55,50.34,7.5,880,0.505,HIGH
2026-09-17 19:07:00,M004,HIGH_UV_LIGHT,27.72,50.45,7.6,866,0.521,HIGH
2026-09-17 19:08:00,M004,HIGH_UV_LIGHT,27.47,50.49,7.89,857,0.501,HIGH
2026-09-17 19:09:00,M004,HIGH_UV_LIGHT,27.46,50.09,7.42,837,0.547,HIGH
2026-09-17 19:10:00,M004,HIGH_UV_LIGHT,27.19,49.38,6.97,868,0.479,HIGH
2026-09-17 19:11:00,M004,HIGH_UV_LIGHT,27.59,49.3,7.26,827,0.486,HIGH
2026-09-17 19:12:00,M004,HIGH_UV_LIGHT,27.43,50.09,7.15,846,0.516,HIGH
2026-09-17 19:13:00,M004,HIGH_UV_LIGHT,27.49,49.5,7.26,826,0.464,HIGH
2026-09-17 19:14:00,M004,HIGH_UV_LIGHT,27.82,49.64,7.15,795,0.463,HIGH
2026-09-17 19:15:00,M004,HIGH_UV_LIGHT,27.23,48.39,7.26,859,0.443,HIGH
2026-09-17 19:16:00,M004,HIGH_UV_LIGHT,27.52,48.5,7.59,818,0.475,HIGH
2026-09-17 19:17:00,M004,HIGH_UV_LIGHT,27.29,49.92,7.48,826,0.487,HIGH
2026-09-17 19:18:00,M004,HIGH_UV_LIGHT,27.44,48.26,7.3,804,0.476,HIGH
2026-09-17 19:19:00,M004,HIGH_UV_LIGHT,27.2,48.83,7.22,858,0.485,HIGH
2026-09-17 19:20:00,M004,HIGH_UV_LIGHT,27.1,47.36,6.61,863,0.445,HIGH
2026-09-17 19:21:00,M004,HIGH_UV_LIGHT,26.94,48.92,6.99,821,0.461,HIGH
2026-09-17 19:22:00,M004,HIGH_UV_LIGHT,26.76,48.44,6.93,829,0.448,HIGH
2026-09-17 19:23:00,M004,HIGH_UV_LIGHT,26.76,46.94,7.24,783,0.431,HIGH
2026-09-17 19:24:00,M004,HIGH_UV_LIGHT,26.97,47.4,7.12,798,0.435,HIGH
2026-09-17 19:25:00,M004,HIGH_UV_LIGHT,27.12,49.02,7.09,830,0.454,HIGH
2026-09-17 19:26:00,M004,HIGH_UV_LIGHT,26.64,48.31,6.9,811,0.443,HIGH
2026-09-17 19:27:00,M004,HIGH_UV_LIGHT,26.25,46.15,6.8,826,0.438,HIGH
2026-09-17 19:28:00,M004,HIGH_UV_LIGHT,26.97,47.74,6.83,797,0.436,HIGH
2026-09-17 19:29:00,M004,HIGH_UV_LIGHT,26.58,47.21,7.23,779,0.42,HIGH
2026-09-17 19:30:00,M004,HIGH_UV_LIGHT,26.76,47.39,6.92,810,0.423,HIGH
2026-09-17 19:31:00,M004,HIGH_UV_LIGHT,26.72,45.85,7.49,814,0.41,HIGH
2026-09-17 19:32:00,M004,HIGH_UV_LIGHT,26.85,45.88,6.5,788,0.419,HIGH
2026-09-17 19:33:00,M004,HIGH_UV_LIGHT,26.75,47.04,6.65,781,0.433,HIGH
2026-09-17 19:34:00,M004,HIGH_UV_LIGHT,26.47,46.72,7.18,769,0.423,HIGH
2026-09-17 19:35:00,M004,HIGH_UV_LIGHT,26.34,46.03,6.8,810,0.404,HIGH
2026-09-17 19:36:00,M004,HIGH_UV_LIGHT,26.12,47.03,6.34,773,0.42,HIGH
2026-09-17 19:37:00,M004,HIGH_UV_LIGHT,26.76,46.19,6.51,775,0.42,HIGH
2026-09-17 19:38:00,M004,HIGH_UV_LIGHT,26.72,44.56,6.61,807,0.4,HIGH
2026-09-17 19:39:00,M004,HIGH_UV_LIGHT,26.13,45.14,6.56,799,0.416,HIGH
2026-09-17 19:40:00,M004,HIGH_UV_LIGHT,26.12,45.96,6.03,788,0.438,HIGH
2026-09-17 19:41:00,M004,HIGH_UV_LIGHT,26.31,43.99,6.48,745,0.401,HIGH
2026-09-17 19:42:00,M004,HIGH_UV_LIGHT,26.29,45.83,6.57,780,0.425,HIGH
2026-09-17 19:43:00,M004,HIGH_UV_LIGHT,26.12,45.97,6.79,792,0.418,HIGH
2026-09-17 19:44:00,M004,HIGH_UV_LIGHT,26.43,45.22,6.74,762,0.41,HIGH
2026-09-17 19:45:00,M004,HIGH_UV_LIGHT,26.5,45.1,6.26,750,0.403,HIGH
2026-09-17 19:46:00,M004,HIGH_UV_LIGHT,26.28,44.52,6.47,778,0.393,HIGH
2026-09-17 19:47:00,M004,HIGH_UV_LIGHT,26.4,44.14,6.97,786,0.417,HIGH
2026-09-17 19:48:00,M004,HIGH_UV_LIGHT,25.83,44.07,6.68,793,0.387,HIGH
2026-09-17 19:49:00,M004,HIGH_UV_LIGHT,26.23,45.58,6.68,734,0.401,HIGH
2026-09-17 19:50:00,M004,HIGH_UV_LIGHT,26.29,43.79,6.28,761,0.366,HIGH
2026-09-17 19:51:00,M004,HIGH_UV_LIGHT,25.98,45.56,5.87,749,0.382,HIGH
2026-09-17 19:52:00,M004,HIGH_UV_LIGHT,26.25,42.7,5.93,738,0.387,HIGH
2026-09-17 19:53:00,M004,HIGH_UV_LIGHT,26.27,44.15,6.54,757,0.404,HIGH
2026-09-17 19:54:00,M004,HIGH_UV_LIGHT,26.19,44.57,6.13,760,0.398,HIGH
2026-09-17 19:55:00,M004,HIGH_UV_LIGHT,25.95,44.84,6.76,778,0.41,HIGH
2026-09-17 19:56:00,M004,HIGH_UV_LIGHT,26.31,45.38,6.43,782,0.392,HIGH
2026-09-17 19:57:00,M004,HIGH_UV_LIGHT,26.22,44.06,6.29,764,0.405,HIGH
2026-09-17 19:58:00,M004,HIGH_UV_LIGHT,25.82,43.66,6.17,731,0.353,HIGH
2026-09-17 19:59:00,M004,HIGH_UV_LIGHT,26.25,44.18,6.26,775,0.324,HIGH
2026-09-17 20:00:00,M004,HIGH_UV_LIGHT,25.83,43.03,6.56,747,0.375,HIGH
2026-09-17 20:01:00,M004,HIGH_UV_LIGHT,26.34,44.48,6.27,763,0.373,HIGH
2026-09-17 20:02:00,M004,HIGH_UV_LIGHT,25.88,43.23,6.37,756,0.375,HIGH
2026-09-17 20:03:00,M004,HIGH_UV_LIGHT,26.63,43.51,6.74,772,0.385,HIGH
2026-09-17 20:04:00,M004,HIGH_UV_LIGHT,26.1,42.54,6.44,757,0.391,HIGH
2026-09-17 20:05:00,M004,HIGH_UV_LIGHT,25.75,43.85,6.53,773,0.41,HIGH
2026-09-17 20:06:00,M004,HIGH_UV_LIGHT,25.96,42.67,6.31,748,0.423,HIGH
2026-09-17 20:07:00,M004,HIGH_UV_LIGHT,26.48,43.6,6.18,767,0.388,HIGH
2026-09-17 20:08:00,M004,HIGH_UV_LIGHT,25.5,45.46,6.41,796,0.382,HIGH
2026-09-17 20:09:00,M004,HIGH_UV_LIGHT,26.15,44.02,6.58,786,0.394,HIGH
2026-09-17 20:10:00,M004,HIGH_UV_LIGHT,25.92,43.33,5.78,772,0.421,HIGH
2026-09-17 20:11:00,M004,HIGH_UV_LIGHT,26.05,44.67,6.53,738,0.361,HIGH
2026-09-17 20:12:00,M004,HIGH_UV_LIGHT,25.86,45.7,6.51,767,0.378,HIGH
2026-09-17 20:13:00,M004,HIGH_UV_LIGHT,26.09,44.63,6.28,765,0.41,HIGH
2026-09-17 20:14:00,M004,HIGH_UV_LIGHT,26.1,42.75,6.37,767,0.378,HIGH
2026-09-17 20:15:00,M004,HIGH_UV_LIGHT,26.51,44.32,6.28,745,0.38,HIGH
2026-09-17 20:16:00,M004,HIGH_UV_LIGHT,26.42,43.83,6.52,735,0.389,HIGH
2026-09-17 20:17:00,M004,HIGH_UV_LIGHT,26.07,43.91,6.41,782,0.418,HIGH
2026-09-17 20:18:00,M004,HIGH_UV_LIGHT,26.0,46.02,6.8,778,0.381,HIGH
2026-09-17 20:19:00,M004,HIGH_UV_LIGHT,25.68,44.4,6.89,737,0.398,HIGH
2026-09-17 20:20:00,M004,HIGH_UV_LIGHT,26.5,45.62,6.18,747,0.384,HIGH
2026-09-17 20:21:00,M004,HIGH_UV_LIGHT,26.3,45.74,6.69,741,0.369,HIGH
2026-09-17 20:22:00,M004,HIGH_UV_LIGHT,26.24,44.6,6.25,788,0.35,HIGH
2026-09-17 20:23:00,M004,HIGH_UV_LIGHT,26.1,45.48,6.76,761,0.383,HIGH
2026-09-17 20:24:00,M004,HIGH_UV_LIGHT,26.27,44.67,6.66,793,0.406,HIGH
2026-09-17 20:25:00,M004,HIGH_UV_LIGHT,25.99,44.68,6.28,775,0.383,HIGH
2026-09-17 20:26:00,M004,HIGH_UV_LIGHT,26.26,46.02,6.48,733,0.373,HIGH
2026-09-17 20:27:00,M004,HIGH_UV_LIGHT,26.32,43.86,6.66,788,0.409,HIGH
2026-09-17 20:28:00,M004,HIGH_UV_LIGHT,26.38,45.52,6.84,786,0.411,HIGH
2026-09-17 20:29:00,M004,HIGH_UV_LIGHT,26.33,44.64,5.93,750,0.396,HIGH
2026-09-17 20:30:00,M004,HIGH_UV_LIGHT,26.37,45.24,7.17,758,0.445,HIGH
2026-09-17 20:31:00,M004,HIGH_UV_LIGHT,26.58,46.21,6.41,773,0.379,HIGH
2026-09-17 20:32:00,M004,HIGH_UV_LIGHT,26.68,45.28,6.45,805,0.403,HIGH
2026-09-17 20:33:00,M004,HIGH_UV_LIGHT,26.36,45.19,6.93,784,0.375,HIGH
2026-09-17 20:34:00,M004,HIGH_UV_LIGHT,26.57,46.21,6.93,825,0.451,HIGH
2026-09-17 20:35:00,M004,HIGH_UV_LIGHT,26.41,46.11,7.03,793,0.426,HIGH
2026-09-17 20:36:00,M004,HIGH_UV_LIGHT,26.63,45.88,6.86,801,0.412,HIGH
2026-09-17 20:37:00,M004,HIGH_UV_LIGHT,26.32,46.26,7.27,762,0.461,HIGH
2026-09-17 20:38:00,M004,HIGH_UV_LIGHT,26.9,45.8,7.1,798,0.449,HIGH
2026-09-17 20:39:00,M004,HIGH_UV_LIGHT,27.18,46.41,7.08,803,0.431,HIGH
2026-09-17 20:40:00,M004,HIGH_UV_LIGHT,26.46,46.78,6.54,801,0.428,HIGH
2026-09-17 20:41:00,M004,HIGH_UV_LIGHT,26.87,47.42,6.91,820,0.418,HIGH
2026-09-17 20:42:00,M004,HIGH_UV_LIGHT,26.6,47.75,6.72,826,0.451,HIGH
2026-09-17 20:43:00,M004,HIGH_UV_LIGHT,26.72,46.85,6.69,781,0.414,HIGH
2026-09-17 20:44:00,M004,HIGH_UV_LIGHT,26.62,48.08,7.13,853,0.434,HIGH
2026-09-17 20:45:00,M004,HIGH_UV_LIGHT,26.79,47.6,7.16,831,0.44,HIGH
2026-09-17 20:46:00,M004,HIGH_UV_LIGHT,26.96,47.25,6.95,824,0.418,HIGH
2026-09-17 20:47:00,M004,HIGH_UV_LIGHT,27.17,47.67,7.15,821,0.447,HIGH
2026-09-17 20:48:00,M004,HIGH_UV_LIGHT,26.86,47.17,7.23,816,0.459,HIGH
2026-09-17 20:49:00,M004,HIGH_UV_LIGHT,27.12,49.96,6.86,824,0.45,HIGH
2026-09-17 20:50:00,M004,HIGH_UV_LIGHT,27.19,48.92,7.19,797,0.45,HIGH
2026-09-17 20:51:00,M004,HIGH_UV_LIGHT,27.25,47.28,7.29,838,0.487,HIGH
2026-09-17 20:52:00,M004,HIGH_UV_LIGHT,27.32,47.55,6.93,792,0.492,HIGH
2026-09-17 20:53:00,M004,HIGH_UV_LIGHT,27.26,48.54,7.43,807,0.474,HIGH
2026-09-17 20:54:00,M004,HIGH_UV_LIGHT,27.17,48.91,7.34,844,0.461,HIGH
2026-09-17 20:55:00,M004,HIGH_UV_LIGHT,27.02,49.81,7.39,804,0.475,HIGH
2026-09-17 20:56:00,M004,HIGH_UV_LIGHT,27.31,48.91,7.41,834,0.492,HIGH
2026-09-17 20:57:00,M004,HIGH_UV_LIGHT,27.31,50.2,7.04,833,0.503,HIGH
2026-09-17 20:58:00,M004,HIGH_UV_LIGHT,27.21,48.29,7.37,824,0.511,HIGH
2026-09-17 20:59:00,M004,HIGH_UV_LIGHT,27.29,47.47,7.31,847,0.5,HIGH
2026-09-17 21:00:00,M004,HIGH_UV_LIGHT,27.52,49.66,7.37,871,0.517,HIGH
2026-09-17 21:01:00,M004,HIGH_UV_LIGHT,27.62,50.07,7.66,854,0.504,HIGH
2026-09-17 21:02:00,M004,HIGH_UV_LIGHT,27.63,49.91,8.06,838,0.479,HIGH
2026-09-17 21:03:00,M004,HIGH_UV_LIGHT,27.64,49.06,7.67,828,0.507,HIGH
2026-09-17 21:04:00,M004,HIGH_UV_LIGHT,27.96,50.44,7.55,897,0.514,HIGH
2026-09-17 21:05:00,M004,HIGH_UV_LIGHT,27.38,51.53,7.85,874,0.53,HIGH
2026-09-17 21:06:00,M004,HIGH_UV_LIGHT,27.88,52.06,7.66,847,0.526,HIGH
2026-09-17 21:07:00,M004,HIGH_UV_LIGHT,27.87,51.52,7.93,882,0.531,HIGH
2026-09-17 21:08:00,M004,HIGH_UV_LIGHT,27.66,50.77,7.81,863,0.523,HIGH
2026-09-17 21:09:00,M004,HIGH_UV_LIGHT,27.42,52.47,7.66,897,0.501,HIGH
2026-09-17 21:10:00,M004,HIGH_UV_LIGHT,28.27,52.59,7.42,887,0.512,HIGH
2026-09-17 21:11:00,M004,HIGH_UV_LIGHT,28.13,52.54,7.85,876,0.53,HIGH
2026-09-17 21:12:00,M004,HIGH_UV_LIGHT,28.18,53.11,8.14,895,0.579,HIGH
2026-09-17 21:13:00,M004,HIGH_UV_LIGHT,28.2,52.07,7.97,879,0.533,HIGH
2026-09-17 21:14:00,M004,HIGH_UV_LIGHT,28.12,52.38,8.34,874,0.535,HIGH
2026-09-17 21:15:00,M004,HIGH_UV_LIGHT,28.1,51.24,8.3,913,0.551,HIGH
2026-09-17 21:16:00,M004,HIGH_UV_LIGHT,28.11,53.14,8.05,912,0.557,HIGH
2026-09-17 21:17:00,M004,HIGH_UV_LIGHT,28.52,53.77,7.95,902,0.575,HIGH
2026-09-17 21:18:00,M004,HIGH_UV_LIGHT,28.29,52.54,8.17,865,0.58,HIGH
2026-09-17 21:19:00,M004,HIGH_UV_LIGHT,28.37,52.31,8.07,910,0.533,HIGH
2026-09-17 21:20:00,M004,HIGH_UV_LIGHT,28.68,52.64,8.29,920,0.597,HIGH
2026-09-17 21:21:00,M004,HIGH_UV_LIGHT,28.09,51.73,8.18,884,0.532,HIGH
2026-09-17 21:22:00,M004,HIGH_UV_LIGHT,28.5,54.97,7.88,920,0.543,HIGH
2026-09-17 21:23:00,M004,HIGH_UV_LIGHT,28.42,55.23,7.83,931,0.557,HIGH
2026-09-17 21:24:00,M004,HIGH_UV_LIGHT,28.47,53.34,8.09,911,0.528,HIGH
2026-09-17 21:25:00,M004,HIGH_UV_LIGHT,28.32,55.63,8.7,919,0.607,HIGH
2026-09-17 21:26:00,M004,HIGH_UV_LIGHT,28.56,53.57,8.37,936,0.602,HIGH
2026-09-17 21:27:00,M004,HIGH_UV_LIGHT,28.7,52.09,8.31,906,0.595,HIGH
2026-09-17 21:28:00,M004,HIGH_UV_LIGHT,28.56,53.05,8.62,923,0.578,HIGH
2026-09-17 21:29:00,M004,HIGH_UV_LIGHT,28.28,54.6,8.37,937,0.582,HIGH
2026-09-17 21:30:00,M004,HIGH_UV_LIGHT,28.42,55.33,8.11,930,0.573,HIGH
2026-09-17 21:31:00,M004,HIGH_UV_LIGHT,28.86,56.39,8.46,912,0.591,HIGH
2026-09-17 21:32:00,M004,HIGH_UV_LIGHT,28.61,54.26,8.5,897,0.574,HIGH
2026-09-17 21:33:00,M004,HIGH_UV_LIGHT,28.77,54.13,8.62,915,0.597,HIGH
2026-09-17 21:34:00,M004,HIGH_UV_LIGHT,28.95,54.82,8.7,904,0.583,HIGH
2026-09-17 21:35:00,M004,HIGH_UV_LIGHT,28.73,54.81,8.39,901,0.547,HIGH
2026-09-17 21:36:00,M004,HIGH_UV_LIGHT,28.84,54.75,8.35,938,0.623,HIGH
2026-09-17 21:37:00,M004,HIGH_UV_LIGHT,28.75,54.88,8.65,945,0.586,HIGH
2026-09-17 21:38:00,M004,HIGH_UV_LIGHT,28.98,55.72,8.66,954,0.571,HIGH
2026-09-17 21:39:00,M004,HIGH_UV_LIGHT,28.62,55.78,8.76,910,0.59,HIGH
2026-09-17 21:40:00,M004,HIGH_UV_LIGHT,28.85,55.4,8.41,937,0.636,HIGH
2026-09-17 21:41:00,M004,HIGH_UV_LIGHT,29.19,56.17,8.64,903,0.616,HIGH
2026-09-17 21:42:00,M004,HIGH_UV_LIGHT,28.67,56.17,8.71,934,0.586,HIGH
2026-09-17 21:43:00,M004,HIGH_UV_LIGHT,29.02,54.64,8.66,912,0.605,HIGH
2026-09-17 21:44:00,M004,HIGH_UV_LIGHT,28.82,56.85,8.64,953,0.595,HIGH
2026-09-17 21:45:00,M004,HIGH_UV_LIGHT,28.77,55.51,8.71,904,0.613,HIGH
2026-09-17 21:46:00,M004,HIGH_UV_LIGHT,29.08,54.35,8.87,950,0.611,HIGH
2026-09-17 21:47:00,M004,HIGH_UV_LIGHT,29.18,56.54,8.59,919,0.633,HIGH
2026-09-17 21:48:00,M004,HIGH_UV_LIGHT,29.01,55.54,8.37,960,0.602,HIGH
2026-09-17 21:49:00,M004,HIGH_UV_LIGHT,28.95,55.35,9.07,952,0.643,HIGH
2026-09-17 21:50:00,M004,HIGH_UV_LIGHT,29.13,54.41,8.62,949,0.649,HIGH
2026-09-17 21:51:00,M004,HIGH_UV_LIGHT,28.49,56.19,8.81,922,0.624,HIGH
2026-09-17 21:52:00,M004,HIGH_UV_LIGHT,28.93,57.03,9.12,953,0.63,HIGH
2026-09-17 21:53:00,M004,HIGH_UV_LIGHT,29.22,55.98,8.99,940,0.619,HIGH
2026-09-17 21:54:00,M004,HIGH_UV_LIGHT,29.19,55.27,8.83,965,0.642,HIGH
2026-09-17 21:55:00,M004,HIGH_UV_LIGHT,29.06,55.5,8.44,942,0.647,HIGH
2026-09-17 21:56:00,M004,HIGH_UV_LIGHT,28.63,56.24,8.69,931,0.587,HIGH
2026-09-17 21:57:00,M004,HIGH_UV_LIGHT,29.47,56.03,8.83,971,0.611,HIGH
2026-09-17 21:58:00,M004,HIGH_UV_LIGHT,29.05,55.85,8.78,966,0.613,HIGH
2026-09-17 21:59:00,M004,HIGH_UV_LIGHT,28.66,55.08,8.87,956,0.599,HIGH
2026-09-17 22:00:00,M004,HIGH_UV_LIGHT,28.96,55.81,8.91,936,0.612,HIGH
2026-09-17 22:01:00,M004,HIGH_UV_LIGHT,29.22,55.96,8.53,918,0.628,HIGH
2026-09-17 22:02:00,M004,HIGH_UV_LIGHT,29.31,53.85,8.39,948,0.595,HIGH
2026-09-17 22:03:00,M004,HIGH_UV_LIGHT,28.95,55.8,8.62,952,0.632,HIGH
2026-09-17 22:04:00,M004,HIGH_UV_LIGHT,28.7,56.38,8.77,939,0.616,HIGH
2026-09-17 22:05:00,M004,HIGH_UV_LIGHT,28.72,56.06,8.57,941,0.659,HIGH
2026-09-17 22:06:00,M004,HIGH_UV_LIGHT,28.75,57.68,8.86,953,0.636,HIGH
2026-09-17 22:07:00,M004,HIGH_UV_LIGHT,28.97,54.62,8.11,896,0.596,HIGH
2026-09-17 22:08:00,M004,HIGH_UV_LIGHT,28.97,54.87,8.59,938,0.633,HIGH
2026-09-17 22:09:00,M004,HIGH_UV_LIGHT,29.15,56.81,8.95,918,0.596,HIGH
2026-09-17 22:10:00,M004,HIGH_UV_LIGHT,28.69,55.53,8.45,937,0.62,HIGH
2026-09-17 22:11:00,M004,HIGH_UV_LIGHT,28.79,54.81,8.44,936,0.635,HIGH
2026-09-17 22:12:00,M004,HIGH_UV_LIGHT,28.71,54.56,8.83,933,0.586,HIGH
2026-09-17 22:13:00,M004,HIGH_UV_LIGHT,28.82,54.02,8.45,917,0.628,HIGH
2026-09-17 22:14:00,M004,HIGH_UV_LIGHT,28.63,54.69,8.89,946,0.604,HIGH
2026-09-17 22:15:00,M004,HIGH_UV_LIGHT,28.9,56.53,8.52,940,0.597,HIGH
2026-09-17 22:16:00,M004,HIGH_UV_LIGHT,28.71,54.37,8.71,953,0.604,HIGH
2026-09-17 22:17:00,M004,HIGH_UV_LIGHT,28.67,54.78,8.22,899,0.556,HIGH
2026-09-17 22:18:00,M004,HIGH_UV_LIGHT,28.75,54.59,8.39,901,0.62,HIGH
2026-09-17 22:19:00,M004,HIGH_UV_LIGHT,28.52,54.02,8.22,936,0.621,HIGH
2026-09-17 22:20:00,M004,HIGH_UV_LIGHT,28.38,54.28,8.41,934,0.577,HIGH
2026-09-17 22:21:00,M004,HIGH_UV_LIGHT,28.87,53.92,8.33,903,0.579,HIGH
2026-09-17 22:22:00,M004,HIGH_UV_LIGHT,28.49,53.6,8.31,899,0.54,HIGH
2026-09-17 22:23:00,M004,HIGH_UV_LIGHT,28.84,53.79,8.53,918,0.587,HIGH
2026-09-17 22:24:00,M004,HIGH_UV_LIGHT,28.47,54.24,8.35,906,0.577,HIGH
2026-09-17 22:25:00,M004,HIGH_UV_LIGHT,28.55,53.24,8.34,878,0.584,HIGH
2026-09-17 22:26:00,M004,HIGH_UV_LIGHT,28.32,53.18,8.41,921,0.543,HIGH
2026-09-17 22:27:00,M004,HIGH_UV_LIGHT,28.35,53.58,8.11,909,0.551,HIGH
2026-09-17 22:28:00,M004,HIGH_UV_LIGHT,28.27,54.02,8.3,880,0.575,HIGH
2026-09-17 22:29:00,M004,HIGH_UV_LIGHT,28.49,53.78,8.07,890,0.587,HIGH
2026-09-17 22:30:00,M004,HIGH_UV_LIGHT,28.16,53.08,8.26,907,0.595,HIGH
2026-09-17 22:31:00,M004,HIGH_UV_LIGHT,28.44,52.83,7.95,871,0.526,HIGH
2026-09-17 22:32:00,M004,HIGH_UV_LIGHT,28.44,52.8,8.35,898,0.546,HIGH
2026-09-17 22:33:00,M004,HIGH_UV_LIGHT,28.16,53.01,8.0,897,0.533,HIGH
2026-09-17 22:34:00,M004,HIGH_UV_LIGHT,28.12,52.62,8.14,872,0.549,HIGH
2026-09-17 22:35:00,M004,HIGH_UV_LIGHT,28.18,52.81,8.23,881,0.566,HIGH
2026-09-17 22:36:00,M004,HIGH_UV_LIGHT,27.83,50.74,7.92,864,0.554,HIGH
2026-09-17 22:37:00,M004,HIGH_UV_LIGHT,27.81,52.96,8.11,897,0.556,HIGH
2026-09-17 22:38:00,M004,HIGH_UV_LIGHT,27.83,52.06,8.09,864,0.537,HIGH
2026-09-17 22:39:00,M004,HIGH_UV_LIGHT,27.74,51.46,7.96,886,0.511,HIGH
2026-09-17 22:40:00,M004,HIGH_UV_LIGHT,28.07,51.92,7.89,892,0.51,HIGH
2026-09-17 22:41:00,M004,HIGH_UV_LIGHT,27.73,52.34,7.58,829,0.552,HIGH
2026-09-17 22:42:00,M004,HIGH_UV_LIGHT,27.68,52.23,7.38,855,0.523,HIGH
2026-09-17 22:43:00,M004,HIGH_UV_LIGHT,27.69,50.14,7.67,844,0.526,HIGH
2026-09-17 22:44:00,M004,HIGH_UV_LIGHT,27.6,50.86,8.04,853,0.536,HIGH
2026-09-17 22:45:00,M004,HIGH_UV_LIGHT,27.97,50.01,7.6,823,0.51,HIGH
2026-09-17 22:46:00,M004,HIGH_UV_LIGHT,27.74,51.22,7.53,901,0.515,HIGH
2026-09-17 22:47:00,M004,HIGH_UV_LIGHT,27.45,50.47,7.08,843,0.481,HIGH
2026-09-17 22:48:00,M004,HIGH_UV_LIGHT,27.39,49.86,7.1,841,0.525,HIGH
2026-09-17 22:49:00,M004,HIGH_UV_LIGHT,27.15,49.52,7.86,839,0.522,HIGH
2026-09-17 22:50:00,M004,HIGH_UV_LIGHT,27.8,49.5,7.53,844,0.512,HIGH
2026-09-17 22:51:00,M004,HIGH_UV_LIGHT,27.61,48.65,7.26,817,0.468,HIGH
2026-09-17 22:52:00,M004,HIGH_UV_LIGHT,27.62,48.34,7.51,830,0.464,HIGH
2026-09-17 22:53:00,M004,HIGH_UV_LIGHT,27.29,50.17,7.24,844,0.49,HIGH
2026-09-17 22:54:00,M004,HIGH_UV_LIGHT,27.19,50.19,7.16,883,0.518,HIGH
2026-09-17 22:55:00,M004,HIGH_UV_LIGHT,27.11,49.45,6.9,842,0.504,HIGH
2026-09-17 22:56:00,M004,HIGH_UV_LIGHT,27.4,48.23,7.06,848,0.506,HIGH
2026-09-17 22:57:00,M004,HIGH_UV_LIGHT,27.35,48.4,7.13,801,0.475,HIGH
2026-09-17 22:58:00,M004,HIGH_UV_LIGHT,27.2,48.27,7.37,835,0.495,HIGH
2026-09-17 22:59:00,M004,HIGH_UV_LIGHT,27.09,47.8,7.14,847,0.455,HIGH
2026-09-17 23:00:00,M004,HIGH_UV_LIGHT,27.1,48.15,7.25,799,0.491,HIGH
2026-09-17 23:01:00,M004,HIGH_UV_LIGHT,26.74,46.71,6.91,831,0.443,HIGH
2026-09-17 23:02:00,M004,HIGH_UV_LIGHT,26.81,47.57,7.37,848,0.482,HIGH
2026-09-17 23:03:00,M004,HIGH_UV_LIGHT,26.82,48.03,7.47,845,0.475,HIGH
2026-09-17 23:04:00,M004,HIGH_UV_LIGHT,26.81,48.49,7.03,784,0.42,HIGH
2026-09-17 23:05:00,M004,HIGH_UV_LIGHT,26.94,47.6,6.64,821,0.477,HIGH
2026-09-17 23:06:00,M004,HIGH_UV_LIGHT,27.15,47.47,7.09,819,0.444,HIGH
2026-09-17 23:07:00,M004,HIGH_UV_LIGHT,26.77,48.11,6.85,839,0.397,HIGH
2026-09-17 23:08:00,M004,HIGH_UV_LIGHT,26.65,48.08,6.85,813,0.439,HIGH
2026-09-17 23:09:00,M004,HIGH_UV_LIGHT,26.66,47.77,6.98,818,0.405,HIGH
2026-09-17 23:10:00,M004,HIGH_UV_LIGHT,26.87,45.71,7.05,805,0.446,HIGH
2026-09-17 23:11:00,M004,HIGH_UV_LIGHT,26.53,46.45,6.65,813,0.439,HIGH
2026-09-17 23:12:00,M004,HIGH_UV_LIGHT,26.49,45.1,6.55,797,0.392,HIGH
2026-09-17 23:13:00,M004,HIGH_UV_LIGHT,26.83,47.37,6.93,770,0.424,HIGH
2026-09-17 23:14:00,M004,HIGH_UV_LIGHT,26.42,45.93,6.75,817,0.415,HIGH
2026-09-17 23:15:00,M004,HIGH_UV_LIGHT,26.24,43.94,6.53,825,0.415,HIGH
2026-09-17 23:16:00,M004,HIGH_UV_LIGHT,26.3,46.23,6.93,783,0.419,HIGH
2026-09-17 23:17:00,M004,HIGH_UV_LIGHT,26.73,46.73,6.31,788,0.439,HIGH
2026-09-17 23:18:00,M004,HIGH_UV_LIGHT,26.49,46.34,6.71,779,0.408,HIGH
2026-09-17 23:19:00,M004,HIGH_UV_LIGHT,26.58,45.44,6.54,797,0.429,HIGH
2026-09-17 23:20:00,M004,HIGH_UV_LIGHT,26.37,46.35,6.13,791,0.388,HIGH
2026-09-17 23:21:00,M004,HIGH_UV_LIGHT,26.27,45.4,6.33,820,0.408,HIGH
2026-09-17 23:22:00,M004,HIGH_UV_LIGHT,26.24,46.15,6.41,788,0.433,HIGH
2026-09-17 23:23:00,M004,HIGH_UV_LIGHT,26.41,44.93,6.56,830,0.448,HIGH
2026-09-17 23:24:00,M004,HIGH_UV_LIGHT,25.78,45.48,6.4,766,0.364,HIGH
2026-09-17 23:25:00,M004,HIGH_UV_LIGHT,26.15,45.64,6.36,769,0.453,HIGH
2026-09-17 23:26:00,M004,HIGH_UV_LIGHT,26.26,44.78,6.32,753,0.434,HIGH
2026-09-17 23:27:00,M004,HIGH_UV_LIGHT,26.61,45.19,6.46,755,0.405,HIGH
2026-09-17 23:28:00,M004,HIGH_UV_LIGHT,26.39,44.28,6.71,785,0.384,HIGH
2026-09-17 23:29:00,M004,HIGH_UV_LIGHT,25.95,43.56,6.36,742,0.372,HIGH
2026-09-17 23:30:00,M004,HIGH_UV_LIGHT,26.36,44.05,6.34,765,0.375,HIGH
2026-09-17 23:31:00,M004,HIGH_UV_LIGHT,26.12,44.52,5.85,783,0.367,HIGH
2026-09-17 23:32:00,M004,HIGH_UV_LIGHT,26.09,44.33,6.51,785,0.389,HIGH
2026-09-17 23:33:00,M004,HIGH_UV_LIGHT,25.92,43.66,6.19,763,0.404,HIGH
2026-09-17 23:34:00,M004,HIGH_UV_LIGHT,26.16,44.18,6.23,731,0.388,HIGH
2026-09-17 23:35:00,M004,HIGH_UV_LIGHT,25.81,44.57,6.26,744,0.386,HIGH
2026-09-17 23:36:00,M004,HIGH_UV_LIGHT,26.08,44.08,6.76,756,0.44,HIGH
2026-09-17 23:37:00,M004,HIGH_UV_LIGHT,25.89,44.47,5.94,780,0.351,HIGH
2026-09-17 23:38:00,M004,HIGH_UV_LIGHT,26.08,42.76,6.52,765,0.388,HIGH
2026-09-17 23:39:00,M004,HIGH_UV_LIGHT,26.25,43.79,6.3,739,0.383,HIGH
2026-09-17 23:40:00,M004,HIGH_UV_LIGHT,25.7,44.52,6.48,758,0.383,HIGH
2026-09-17 23:41:00,M004,HIGH_UV_LIGHT,26.21,44.09,6.04,764,0.373,HIGH
2026-09-17 23:42:00,M004,HIGH_UV_LIGHT,25.95,42.95,6.22,754,0.393,HIGH
2026-09-17 23:43:00,M004,HIGH_UV_LIGHT,25.96,44.75,5.87,771,0.378,HIGH
2026-09-17 23:44:00,M004,HIGH_UV_LIGHT,26.07,44.31,6.29,771,0.395,HIGH
2026-09-17 23:45:00,M004,HIGH_UV_LIGHT,26.04,43.73,6.18,786,0.349,HIGH
2026-09-17 23:46:00,M004,HIGH_UV_LIGHT,25.76,43.18,6.14,776,0.414,HIGH
2026-09-17 23:47:00,M004,HIGH_UV_LIGHT,26.02,44.26,6.34,750,0.352,HIGH
2026-09-17 23:48:00,M004,HIGH_UV_LIGHT,26.09,43.49,6.18,756,0.356,HIGH
2026-09-17 23:49:00,M004,HIGH_UV_LIGHT,26.26,44.66,6.02,780,0.389,HIGH
2026-09-17 23:50:00,M004,HIGH_UV_LIGHT,25.95,43.83,6.22,754,0.381,HIGH
2026-09-17 23:51:00,M004,HIGH_UV_LIGHT,25.77,43.06,6.39,760,0.359,HIGH
2026-09-17 23:52:00,M004,HIGH_UV_LIGHT,26.01,41.85,6.53,744,0.386,HIGH
2026-09-17 23:53:00,M004,HIGH_UV_LIGHT,26.16,45.0,6.47,760,0.394,HIGH
2026-09-17 23:54:00,M004,HIGH_UV_LIGHT,26.01,44.82,6.61,747,0.389,HIGH
2026-09-17 23:55:00,M004,HIGH_UV_LIGHT,26.27,45.43,6.63,775,0.389,HIGH
2026-09-17 23:56:00,M004,HIGH_UV_LIGHT,25.92,44.88,6.3,753,0.375,HIGH
2026-09-17 23:57:00,M004,HIGH_UV_LIGHT,26.11,43.37,6.59,786,0.428,HIGH
2026-09-17 23:58:00,M004,HIGH_UV_LIGHT,26.14,44.6,6.04,749,0.392,HIGH
2026-09-17 23:59:00,M004,HIGH_UV_LIGHT,26.55,44.13,6.47,757,0.384,HIGH
2026-09-18 00:00:00,M004,HIGH_UV_LIGHT,26.4,44.29,6.68,770,0.387,HIGH
2026-09-18 00:01:00,M004,HIGH_UV_LIGHT,26.13,45.13,6.53,753,0.424,HIGH
2026-09-18 00:02:00,M004,HIGH_UV_LIGHT,26.23,44.68,6.12,777,0.423,HIGH
2026-09-18 00:03:00,M004,HIGH_UV_LIGHT,26.38,45.66,6.52,777,0.404,HIGH
2026-09-18 00:04:00,M004,HIGH_UV_LIGHT,26.03,44.69,6.76,779,0.42,HIGH
2026-09-18 00:05:00,M004,HIGH_UV_LIGHT,26.05,44.47,6.5,808,0.406,HIGH
2026-09-18 00:06:00,M004,HIGH_UV_LIGHT,26.09,46.73,6.57,747,0.421,HIGH
2026-09-18 00:07:00,M004,HIGH_UV_LIGHT,25.59,45.55,6.63,794,0.355,HIGH
2026-09-18 00:08:00,M004,HIGH_UV_LIGHT,26.3,45.3,6.55,793,0.458,HIGH
2026-09-18 00:09:00,M004,HIGH_UV_LIGHT,26.53,46.01,6.22,772,0.442,HIGH
2026-09-18 00:10:00,M004,HIGH_UV_LIGHT,26.48,45.21,6.81,803,0.428,HIGH
2026-09-18 00:11:00,M004,HIGH_UV_LIGHT,26.42,45.85,6.94,785,0.401,HIGH
2026-09-18 00:12:00,M004,HIGH_UV_LIGHT,26.38,43.87,6.61,762,0.402,HIGH
2026-09-18 00:13:00,M004,HIGH_UV_LIGHT,26.82,46.13,6.41,798,0.442,HIGH
2026-09-18 00:14:00,M004,HIGH_UV_LIGHT,26.53,46.48,6.56,777,0.457,HIGH
2026-09-18 00:15:00,M004,HIGH_UV_LIGHT,26.78,45.8,6.74,759,0.43,HIGH
2026-09-18 00:16:00,M004,HIGH_UV_LIGHT,26.55,46.07,6.88,792,0.46,HIGH
2026-09-18 00:17:00,M004,HIGH_UV_LIGHT,26.48,45.75,7.01,800,0.431,HIGH
2026-09-18 00:18:00,M004,HIGH_UV_LIGHT,26.84,47.17,7.26,826,0.386,HIGH
2026-09-18 00:19:00,M004,HIGH_UV_LIGHT,26.56,47.88,7.07,782,0.428,HIGH
2026-09-18 00:20:00,M004,HIGH_UV_LIGHT,26.71,46.15,6.63,788,0.417,HIGH
2026-09-18 00:21:00,M004,HIGH_UV_LIGHT,26.86,45.47,7.11,831,0.435,HIGH
2026-09-18 00:22:00,M004,HIGH_UV_LIGHT,26.93,47.74,7.44,806,0.426,HIGH
2026-09-18 00:23:00,M004,HIGH_UV_LIGHT,26.81,47.08,6.96,809,0.424,HIGH
2026-09-18 00:24:00,M004,HIGH_UV_LIGHT,26.55,45.58,7.1,810,0.464,HIGH
2026-09-18 00:25:00,M004,HIGH_UV_LIGHT,26.92,47.8,6.91,808,0.454,HIGH
2026-09-18 00:26:00,M004,HIGH_UV_LIGHT,26.66,48.46,7.09,774,0.46,HIGH
2026-09-18 00:27:00,M004,HIGH_UV_LIGHT,26.5,48.21,7.39,817,0.447,HIGH
2026-09-18 00:28:00,M004,HIGH_UV_LIGHT,27.07,48.71,7.14,843,0.445,HIGH
2026-09-18 00:29:00,M004,HIGH_UV_LIGHT,27.04,48.42,7.12,830,0.476,HIGH
2026-09-18 00:30:00,M004,HIGH_UV_LIGHT,27.29,48.19,7.15,837,0.467,HIGH
2026-09-18 00:31:00,M004,HIGH_UV_LIGHT,27.11,48.97,7.26,827,0.447,HIGH
2026-09-18 00:32:00,M004,HIGH_UV_LIGHT,27.28,48.53,7.76,834,0.488,HIGH
2026-09-18 00:33:00,M004,HIGH_UV_LIGHT,27.22,48.92,7.36,855,0.48,HIGH
2026-09-18 00:34:00,M004,HIGH_UV_LIGHT,27.26,49.7,7.25,818,0.481,HIGH
2026-09-18 00:35:00,M004,HIGH_UV_LIGHT,27.4,50.17,7.35,810,0.469,HIGH
2026-09-18 00:36:00,M004,HIGH_UV_LIGHT,27.45,49.37,7.69,863,0.537,HIGH
2026-09-18 00:37:00,M004,HIGH_UV_LIGHT,27.46,50.01,7.22,844,0.463,HIGH
2026-09-18 00:38:00,M004,HIGH_UV_LIGHT,27.48,49.32,6.88,847,0.493,HIGH
2026-09-18 00:39:00,M004,HIGH_UV_LIGHT,27.21,48.54,7.4,844,0.465,HIGH
2026-09-18 00:40:00,M004,HIGH_UV_LIGHT,27.37,49.53,7.14,843,0.483,HIGH
2026-09-18 00:41:00,M004,HIGH_UV_LIGHT,28.13,52.06,7.37,869,0.486,HIGH
2026-09-18 00:42:00,M004,HIGH_UV_LIGHT,27.45,50.48,7.58,862,0.54,HIGH
2026-09-18 00:43:00,M004,HIGH_UV_LIGHT,27.47,51.52,7.57,853,0.498,HIGH
2026-09-18 00:44:00,M004,HIGH_UV_LIGHT,27.75,50.99,7.95,823,0.523,HIGH
2026-09-18 00:45:00,M004,HIGH_UV_LIGHT,27.77,51.43,7.54,852,0.497,HIGH
2026-09-18 00:46:00,M004,HIGH_UV_LIGHT,27.67,51.54,7.31,866,0.538,HIGH
2026-09-18 00:47:00,M004,HIGH_UV_LIGHT,27.77,51.76,7.72,867,0.564,HIGH
2026-09-18 00:48:00,M004,HIGH_UV_LIGHT,28.04,51.48,7.7,883,0.524,HIGH
2026-09-18 00:49:00,M004,HIGH_UV_LIGHT,27.92,50.75,8.33,863,0.522,HIGH
2026-09-18 00:50:00,M004,HIGH_UV_LIGHT,27.67,51.13,8.02,862,0.539,HIGH
2026-09-18 00:51:00,M004,HIGH_UV_LIGHT,28.03,52.32,7.93,900,0.517,HIGH
2026-09-18 00:52:00,M004,HIGH_UV_LIGHT,28.13,50.91,7.81,879,0.497,HIGH
2026-09-18 00:53:00,M004,HIGH_UV_LIGHT,28.04,51.68,7.71,858,0.525,HIGH
2026-09-18 00:54:00,M004,HIGH_UV_LIGHT,28.21,52.3,8.08,880,0.525,HIGH
2026-09-18 00:55:00,M004,HIGH_UV_LIGHT,28.09,53.11,8.09,884,0.561,HIGH
2026-09-18 00:56:00,M004,HIGH_UV_LIGHT,28.24,54.45,7.94,882,0.536,HIGH
2026-09-18 00:57:00,M004,HIGH_UV_LIGHT,28.67,53.31,8.85,908,0.559,HIGH
2026-09-18 00:58:00,M004,HIGH_UV_LIGHT,28.3,53.3,8.18,851,0.543,HIGH
2026-09-18 00:59:00,M004,HIGH_UV_LIGHT,28.23,51.99,8.02,921,0.552,HIGH
2026-09-18 01:00:00,M004,HIGH_UV_LIGHT,28.45,51.18,8.13,902,0.545,HIGH
2026-09-18 01:01:00,M004,HIGH_UV_LIGHT,28.0,53.59,8.23,891,0.571,HIGH
2026-09-18 01:02:00,M004,HIGH_UV_LIGHT,28.59,53.86,8.32,905,0.549,HIGH
2026-09-18 01:03:00,M004,HIGH_UV_LIGHT,28.34,53.52,8.26,901,0.542,HIGH
2026-09-18 01:04:00,M004,HIGH_UV_LIGHT,28.72,55.9,8.54,929,0.596,HIGH
2026-09-18 01:05:00,M004,HIGH_UV_LIGHT,28.4,53.73,8.4,902,0.567,HIGH
2026-09-18 01:06:00,M004,HIGH_UV_LIGHT,28.34,53.95,8.07,912,0.582,HIGH
2026-09-18 01:07:00,M004,HIGH_UV_LIGHT,28.41,54.89,7.88,939,0.567,HIGH
2026-09-18 01:08:00,M004,HIGH_UV_LIGHT,28.46,55.54,8.57,912,0.592,HIGH
2026-09-18 01:09:00,M004,HIGH_UV_LIGHT,28.72,52.26,8.66,926,0.576,HIGH
2026-09-18 01:10:00,M004,HIGH_UV_LIGHT,28.66,54.41,8.26,907,0.615,HIGH
2026-09-18 01:11:00,M004,HIGH_UV_LIGHT,28.68,54.64,8.1,928,0.625,HIGH
2026-09-18 01:12:00,M004,HIGH_UV_LIGHT,28.58,54.81,8.49,945,0.575,HIGH
2026-09-18 01:13:00,M004,HIGH_UV_LIGHT,28.83,54.48,8.56,952,0.585,HIGH
2026-09-18 01:14:00,M004,HIGH_UV_LIGHT,28.75,54.57,7.92,936,0.553,HIGH
2026-09-18 01:15:00,M004,HIGH_UV_LIGHT,29.13,53.53,8.49,921,0.583,HIGH
2026-09-18 01:16:00,M004,HIGH_UV_LIGHT,28.61,56.17,8.42,934,0.643,HIGH
2026-09-18 01:17:00,M004,HIGH_UV_LIGHT,29.23,56.33,8.46,870,0.63,HIGH
2026-09-18 01:18:00,M004,HIGH_UV_LIGHT,28.96,54.64,8.68,919,0.591,HIGH
2026-09-18 01:19:00,M004,HIGH_UV_LIGHT,28.69,55.98,8.27,909,0.595,HIGH
2026-09-18 01:20:00,M004,HIGH_UV_LIGHT,28.84,55.65,8.71,931,0.586,HIGH
2026-09-18 01:21:00,M004,HIGH_UV_LIGHT,28.87,54.88,8.63,941,0.623,HIGH
2026-09-18 01:22:00,M004,HIGH_UV_LIGHT,29.14,54.51,8.55,949,0.584,HIGH
2026-09-18 01:23:00,M004,HIGH_UV_LIGHT,29.08,55.34,8.73,941,0.619,HIGH
2026-09-18 01:24:00,M004,HIGH_UV_LIGHT,28.99,54.9,8.64,965,0.603,HIGH
2026-09-18 01:25:00,M004,HIGH_UV_LIGHT,29.09,55.34,8.59,963,0.61,HIGH
2026-09-18 01:26:00,M004,HIGH_UV_LIGHT,28.93,56.46,8.83,909,0.642,HIGH
2026-09-18 01:27:00,M004,HIGH_UV_LIGHT,29.15,55.33,8.68,917,0.609,HIGH
2026-09-18 01:28:00,M004,HIGH_UV_LIGHT,28.96,55.91,8.59,927,0.622,HIGH
2026-09-18 01:29:00,M004,HIGH_UV_LIGHT,29.28,56.15,8.41,960,0.591,HIGH
2026-09-18 01:30:00,M004,HIGH_UV_LIGHT,28.95,54.98,8.62,971,0.558,HIGH
2026-09-18 01:31:00,M004,HIGH_UV_LIGHT,28.85,54.64,8.96,974,0.624,HIGH
2026-09-18 01:32:00,M004,HIGH_UV_LIGHT,29.25,53.68,8.76,949,0.632,HIGH
2026-09-18 01:33:00,M004,HIGH_UV_LIGHT,28.88,55.63,8.54,944,0.608,HIGH
2026-09-18 01:34:00,M004,HIGH_UV_LIGHT,29.07,55.69,8.53,949,0.619,HIGH
2026-09-18 01:35:00,M004,HIGH_UV_LIGHT,28.76,57.93,8.72,932,0.62,HIGH
2026-09-18 01:36:00,M004,HIGH_UV_LIGHT,28.95,54.39,8.17,975,0.622,HIGH
2026-09-18 01:37:00,M004,HIGH_UV_LIGHT,29.07,55.87,8.59,908,0.632,HIGH
2026-09-18 01:38:00,M004,HIGH_UV_LIGHT,28.68,54.74,8.79,942,0.612,HIGH
2026-09-18 01:39:00,M004,HIGH_UV_LIGHT,29.45,56.4,9.21,930,0.621,HIGH
2026-09-18 01:40:00,M004,HIGH_UV_LIGHT,29.22,56.69,8.68,915,0.59,HIGH
2026-09-18 01:41:00,M004,HIGH_UV_LIGHT,29.04,54.7,8.89,959,0.635,HIGH
2026-09-18 01:42:00,M004,HIGH_UV_LIGHT,28.62,57.05,8.71,895,0.606,HIGH
2026-09-18 01:43:00,M004,HIGH_UV_LIGHT,28.7,55.83,8.59,929,0.616,HIGH
2026-09-18 01:44:00,M004,HIGH_UV_LIGHT,28.72,54.55,8.36,912,0.607,HIGH
2026-09-18 01:45:00,M004,HIGH_UV_LIGHT,29.1,56.14,8.65,941,0.635,HIGH
2026-09-18 01:46:00,M004,HIGH_UV_LIGHT,28.96,56.66,8.62,932,0.636,HIGH
2026-09-18 01:47:00,M004,HIGH_UV_LIGHT,28.79,54.95,8.22,933,0.612,HIGH
2026-09-18 01:48:00,M004,HIGH_UV_LIGHT,29.04,56.25,8.64,905,0.564,HIGH
2026-09-18 01:49:00,M004,HIGH_UV_LIGHT,28.97,55.65,8.64,929,0.601,HIGH
2026-09-18 01:50:00,M004,HIGH_UV_LIGHT,28.45,53.98,8.87,963,0.59,HIGH
2026-09-18 01:51:00,M004,HIGH_UV_LIGHT,28.47,53.33,8.2,930,0.63,HIGH
2026-09-18 01:52:00,M004,HIGH_UV_LIGHT,28.92,55.64,8.46,940,0.586,HIGH
2026-09-18 01:53:00,M004,HIGH_UV_LIGHT,28.87,56.31,8.15,960,0.605,HIGH
2026-09-18 01:54:00,M004,HIGH_UV_LIGHT,28.49,54.76,8.47,910,0.578,HIGH
2026-09-18 01:55:00,M004,HIGH_UV_LIGHT,29.08,54.87,8.5,910,0.576,HIGH
2026-09-18 01:56:00,M004,HIGH_UV_LIGHT,28.63,56.29,8.81,951,0.61,HIGH
2026-09-18 01:57:00,M004,HIGH_UV_LIGHT,28.68,55.17,8.25,978,0.611,HIGH
2026-09-18 01:58:00,M004,HIGH_UV_LIGHT,28.41,53.9,8.0,910,0.592,HIGH
2026-09-18 01:59:00,M004,HIGH_UV_LIGHT,28.95,56.03,8.47,912,0.575,HIGH
2026-09-18 02:00:00,M004,HIGH_UV_LIGHT,28.34,54.96,8.41,952,0.606,HIGH
2026-09-18 02:01:00,M004,HIGH_UV_LIGHT,28.5,54.36,7.88,926,0.601,HIGH
2026-09-18 02:02:00,M004,HIGH_UV_LIGHT,28.53,52.73,8.7,893,0.584,HIGH
2026-09-18 02:03:00,M004,HIGH_UV_LIGHT,28.55,54.64,8.25,879,0.625,HIGH
2026-09-18 02:04:00,M004,HIGH_UV_LIGHT,28.78,53.68,8.36,872,0.602,HIGH
2026-09-18 02:05:00,M004,HIGH_UV_LIGHT,28.79,53.52,7.92,882,0.55,HIGH
2026-09-18 02:06:00,M004,HIGH_UV_LIGHT,28.29,53.44,8.42,889,0.575,HIGH
2026-09-18 02:07:00,M004,HIGH_UV_LIGHT,28.43,54.73,8.02,878,0.551,HIGH
2026-09-18 02:08:00,M004,HIGH_UV_LIGHT,28.44,52.83,8.21,912,0.564,HIGH
2026-09-18 02:09:00,M004,HIGH_UV_LIGHT,28.39,52.58,8.2,908,0.543,HIGH
2026-09-18 02:10:00,M004,HIGH_UV_LIGHT,28.17,53.62,8.1,885,0.541,HIGH
2026-09-18 02:11:00,M004,HIGH_UV_LIGHT,27.85,53.42,7.98,888,0.558,HIGH
2026-09-18 02:12:00,M004,HIGH_UV_LIGHT,28.05,54.21,8.22,884,0.542,HIGH
2026-09-18 02:13:00,M004,HIGH_UV_LIGHT,28.19,53.67,8.04,901,0.531,HIGH
2026-09-18 02:14:00,M004,HIGH_UV_LIGHT,27.7,53.51,7.94,901,0.535,HIGH
2026-09-18 02:15:00,M004,HIGH_UV_LIGHT,28.39,52.76,7.93,880,0.546,HIGH
2026-09-18 02:16:00,M004,HIGH_UV_LIGHT,27.85,52.57,8.0,875,0.517,HIGH
2026-09-18 02:17:00,M004,HIGH_UV_LIGHT,27.84,51.75,7.92,875,0.551,HIGH
2026-09-18 02:18:00,M004,HIGH_UV_LIGHT,28.16,51.05,7.92,846,0.525,HIGH
2026-09-18 02:19:00,M004,HIGH_UV_LIGHT,27.98,51.45,7.95,881,0.515,HIGH
2026-09-18 02:20:00,M004,HIGH_UV_LIGHT,27.86,49.18,7.86,856,0.522,HIGH
2026-09-18 02:21:00,M004,HIGH_UV_LIGHT,27.89,50.92,7.99,884,0.532,HIGH
2026-09-18 02:22:00,M004,HIGH_UV_LIGHT,27.93,50.5,7.48,894,0.527,HIGH
2026-09-18 02:23:00,M004,HIGH_UV_LIGHT,27.55,52.46,7.71,838,0.526,HIGH
2026-09-18 02:24:00,M004,HIGH_UV_LIGHT,27.79,51.86,7.63,876,0.532,HIGH
2026-09-18 02:25:00,M004,HIGH_UV_LIGHT,27.71,49.4,7.82,873,0.496,HIGH
2026-09-18 02:26:00,M004,HIGH_UV_LIGHT,27.55,51.41,7.66,864,0.496,HIGH
2026-09-18 02:27:00,M004,HIGH_UV_LIGHT,27.54,50.55,7.35,807,0.499,HIGH
2026-09-18 02:28:00,M004,HIGH_UV_LIGHT,27.67,49.96,7.35,853,0.525,HIGH
2026-09-18 02:29:00,M004,HIGH_UV_LIGHT,27.58,50.1,7.56,841,0.486,HIGH
2026-09-18 02:30:00,M004,HIGH_UV_LIGHT,27.54,50.81,7.9,863,0.504,HIGH
2026-09-18 02:31:00,M004,HIGH_UV_LIGHT,27.62,49.45,6.83,831,0.507,HIGH
2026-09-18 02:32:00,M004,HIGH_UV_LIGHT,27.57,50.42,7.48,865,0.485,HIGH
2026-09-18 02:33:00,M004,HIGH_UV_LIGHT,26.98,48.78,7.23,839,0.484,HIGH
2026-09-18 02:34:00,M004,HIGH_UV_LIGHT,27.27,51.03,7.11,836,0.48,HIGH
2026-09-18 02:35:00,M004,HIGH_UV_LIGHT,27.16,48.6,6.92,839,0.466,HIGH
2026-09-18 02:36:00,M004,HIGH_UV_LIGHT,27.2,49.06,6.83,828,0.481,HIGH
2026-09-18 02:37:00,M004,HIGH_UV_LIGHT,26.96,47.58,7.06,847,0.47,HIGH
2026-09-18 02:38:00,M004,HIGH_UV_LIGHT,27.27,47.9,7.21,831,0.482,HIGH
2026-09-18 02:39:00,M004,HIGH_UV_LIGHT,27.38,48.03,7.42,824,0.445,HIGH
2026-09-18 02:40:00,M005,POOR_AIRFLOW,27.14,58.43,1.06,271,0.083,MODERATE
2026-09-18 02:41:00,M005,POOR_AIRFLOW,27.06,59.11,1.09,272,0.08,MODERATE
2026-09-18 02:42:00,M005,POOR_AIRFLOW,27.13,59.67,1.16,281,0.09,MODERATE
2026-09-18 02:43:00,M005,POOR_AIRFLOW,26.95,59.53,1.18,285,0.1,MODERATE
2026-09-18 02:44:00,M005,POOR_AIRFLOW,27.18,59.88,1.18,238,0.093,MODERATE
2026-09-18 02:45:00,M005,POOR_AIRFLOW,26.97,58.79,1.19,280,0.089,MODERATE
2026-09-18 02:46:00,M005,POOR_AIRFLOW,27.35,61.0,1.31,303,0.087,MODERATE
2026-09-18 02:47:00,M005,POOR_AIRFLOW,27.33,60.45,1.11,273,0.091,MODERATE
2026-09-18 02:48:00,M005,POOR_AIRFLOW,27.31,60.52,1.1,289,0.095,MODERATE
2026-09-18 02:49:00,M005,POOR_AIRFLOW,27.61,60.45,1.26,289,0.099,MODERATE
2026-09-18 02:50:00,M005,POOR_AIRFLOW,27.54,60.3,1.21,281,0.099,MODERATE
2026-09-18 02:51:00,M005,POOR_AIRFLOW,27.35,60.42,1.19,289,0.093,MODERATE
2026-09-18 02:52:00,M005,POOR_AIRFLOW,27.09,60.4,1.07,299,0.097,MODERATE
2026-09-18 02:53:00,M005,POOR_AIRFLOW,27.08,61.06,1.25,307,0.094,MODERATE
2026-09-18 02:54:00,M005,POOR_AIRFLOW,27.53,59.62,1.21,256,0.097,MODERATE
2026-09-18 02:55:00,M005,POOR_AIRFLOW,27.6,61.79,1.51,310,0.11,MODERATE
2026-09-18 02:56:00,M005,POOR_AIRFLOW,27.45,61.74,1.49,317,0.102,MODERATE
2026-09-18 02:57:00,M005,POOR_AIRFLOW,27.67,59.65,1.46,301,0.1,MODERATE
2026-09-18 02:58:00,M005,POOR_AIRFLOW,27.63,62.57,1.36,273,0.1,MODERATE
2026-09-18 02:59:00,M005,POOR_AIRFLOW,27.67,62.52,1.28,266,0.092,MODERATE
2026-09-18 03:00:00,M005,POOR_AIRFLOW,27.54,62.91,1.42,328,0.109,MODERATE
2026-09-18 03:01:00,M005,POOR_AIRFLOW,27.86,62.89,1.4,300,0.103,MODERATE
2026-09-18 03:02:00,M005,POOR_AIRFLOW,27.77,61.95,1.34,319,0.119,MODERATE
2026-09-18 03:03:00,M005,POOR_AIRFLOW,27.86,61.6,1.39,324,0.109,MODERATE
2026-09-18 03:04:00,M005,POOR_AIRFLOW,27.62,62.77,1.41,322,0.11,MODERATE
2026-09-18 03:05:00,M005,POOR_AIRFLOW,27.63,61.88,1.73,304,0.104,MODERATE
2026-09-18 03:06:00,M005,POOR_AIRFLOW,27.81,61.7,1.64,321,0.1,MODERATE
2026-09-18 03:07:00,M005,POOR_AIRFLOW,27.83,62.75,1.48,318,0.09,MODERATE
2026-09-18 03:08:00,M005,POOR_AIRFLOW,27.87,61.48,1.52,321,0.117,MODERATE
2026-09-18 03:09:00,M005,POOR_AIRFLOW,27.9,64.43,1.66,335,0.103,MODERATE
2026-09-18 03:10:00,M005,POOR_AIRFLOW,28.05,64.15,1.66,307,0.121,MODERATE
2026-09-18 03:11:00,M005,POOR_AIRFLOW,27.82,63.2,1.55,324,0.118,MODERATE
2026-09-18 03:12:00,M005,POOR_AIRFLOW,28.06,63.39,1.61,317,0.112,MODERATE
2026-09-18 03:13:00,M005,POOR_AIRFLOW,28.07,63.81,1.54,325,0.113,MODERATE
2026-09-18 03:14:00,M005,POOR_AIRFLOW,28.12,62.0,1.58,315,0.115,MODERATE
2026-09-18 03:15:00,M005,POOR_AIRFLOW,28.0,63.93,1.5,323,0.117,MODERATE
2026-09-18 03:16:00,M005,POOR_AIRFLOW,27.96,62.12,1.58,349,0.106,MODERATE
2026-09-18 03:17:00,M005,POOR_AIRFLOW,28.04,62.67,1.51,336,0.117,MODERATE
2026-09-18 03:18:00,M005,POOR_AIRFLOW,28.08,63.31,1.69,362,0.112,MODERATE
2026-09-18 03:19:00,M005,POOR_AIRFLOW,28.14,63.77,1.59,320,0.113,MODERATE
2026-09-18 03:20:00,M005,POOR_AIRFLOW,28.09,63.02,1.56,330,0.12,MODERATE
2026-09-18 03:21:00,M005,POOR_AIRFLOW,27.86,63.98,1.55,342,0.114,MODERATE
2026-09-18 03:22:00,M005,POOR_AIRFLOW,28.17,62.85,1.42,361,0.11,MODERATE
2026-09-18 03:23:00,M005,POOR_AIRFLOW,27.99,64.43,1.59,340,0.123,MODERATE
2026-09-18 03:24:00,M005,POOR_AIRFLOW,28.2,64.92,1.58,355,0.123,MODERATE
2026-09-18 03:25:00,M005,POOR_AIRFLOW,28.45,63.46,1.72,357,0.111,MODERATE
2026-09-18 03:26:00,M005,POOR_AIRFLOW,27.85,63.6,1.45,382,0.119,MODERATE
2026-09-18 03:27:00,M005,POOR_AIRFLOW,28.22,64.03,1.65,344,0.123,MODERATE
2026-09-18 03:28:00,M005,POOR_AIRFLOW,28.19,65.02,1.83,331,0.117,MODERATE
2026-09-18 03:29:00,M005,POOR_AIRFLOW,28.32,63.9,1.52,354,0.115,MODERATE
2026-09-18 03:30:00,M005,POOR_AIRFLOW,28.47,65.29,1.57,309,0.112,MODERATE
2026-09-18 03:31:00,M005,POOR_AIRFLOW,28.27,64.38,1.61,335,0.116,MODERATE
2026-09-18 03:32:00,M005,POOR_AIRFLOW,28.19,63.49,1.61,378,0.117,MODERATE
2026-09-18 03:33:00,M005,POOR_AIRFLOW,28.3,64.32,1.6,332,0.108,MODERATE
2026-09-18 03:34:00,M005,POOR_AIRFLOW,28.11,64.9,1.62,371,0.123,MODERATE
2026-09-18 03:35:00,M005,POOR_AIRFLOW,28.36,64.82,1.69,355,0.112,MODERATE
2026-09-18 03:36:00,M005,POOR_AIRFLOW,27.87,64.97,1.58,346,0.103,MODERATE
2026-09-18 03:37:00,M005,POOR_AIRFLOW,28.29,63.56,1.77,350,0.115,MODERATE
2026-09-18 03:38:00,M005,POOR_AIRFLOW,28.36,64.88,1.62,331,0.119,MODERATE
2026-09-18 03:39:00,M005,POOR_AIRFLOW,28.06,65.52,1.56,320,0.113,MODERATE
2026-09-18 03:40:00,M005,POOR_AIRFLOW,28.32,64.23,1.51,338,0.111,MODERATE
2026-09-18 03:41:00,M005,POOR_AIRFLOW,28.28,64.55,1.57,346,0.121,MODERATE
2026-09-18 03:42:00,M005,POOR_AIRFLOW,28.28,65.13,1.53,337,0.113,MODERATE
2026-09-18 03:43:00,M005,POOR_AIRFLOW,28.34,64.87,1.66,337,0.109,MODERATE
2026-09-18 03:44:00,M005,POOR_AIRFLOW,28.28,64.08,1.69,331,0.107,MODERATE
2026-09-18 03:45:00,M005,POOR_AIRFLOW,28.15,64.1,1.49,351,0.111,MODERATE
2026-09-18 03:46:00,M005,POOR_AIRFLOW,28.28,64.03,1.44,351,0.123,MODERATE
2026-09-18 03:47:00,M005,POOR_AIRFLOW,28.34,64.94,1.62,332,0.118,MODERATE
2026-09-18 03:48:00,M005,POOR_AIRFLOW,28.03,63.81,1.58,349,0.118,MODERATE
2026-09-18 03:49:00,M005,POOR_AIRFLOW,27.78,63.95,1.55,329,0.114,MODERATE
2026-09-18 03:50:00,M005,POOR_AIRFLOW,28.15,64.3,1.48,359,0.11,MODERATE
2026-09-18 03:51:00,M005,POOR_AIRFLOW,28.05,64.32,1.34,312,0.12,MODERATE
2026-09-18 03:52:00,M005,POOR_AIRFLOW,28.23,63.72,1.51,331,0.115,MODERATE
2026-09-18 03:53:00,M005,POOR_AIRFLOW,27.72,63.51,1.53,361,0.11,MODERATE
2026-09-18 03:54:00,M005,POOR_AIRFLOW,28.03,64.2,1.53,353,0.105,MODERATE
2026-09-18 03:55:00,M005,POOR_AIRFLOW,27.85,62.71,1.46,306,0.119,MODERATE
2026-09-18 03:56:00,M005,POOR_AIRFLOW,27.91,63.59,1.48,337,0.115,MODERATE
2026-09-18 03:57:00,M005,POOR_AIRFLOW,27.84,64.35,1.3,321,0.114,MODERATE
2026-09-18 03:58:00,M005,POOR_AIRFLOW,28.23,63.83,1.51,324,0.111,MODERATE
2026-09-18 03:59:00,M005,POOR_AIRFLOW,27.99,63.15,1.47,328,0.116,MODERATE
2026-09-18 04:00:00,M005,POOR_AIRFLOW,27.97,64.03,1.57,334,0.108,MODERATE
2026-09-18 04:01:00,M005,POOR_AIRFLOW,27.9,62.38,1.44,327,0.109,MODERATE
2026-09-18 04:02:00,M005,POOR_AIRFLOW,28.22,62.51,1.56,335,0.114,MODERATE
2026-09-18 04:03:00,M005,POOR_AIRFLOW,27.87,61.44,1.62,318,0.098,MODERATE
2026-09-18 04:04:00,M005,POOR_AIRFLOW,28.22,63.31,1.54,305,0.109,MODERATE
2026-09-18 04:05:00,M005,POOR_AIRFLOW,27.98,62.63,1.45,304,0.105,MODERATE
2026-09-18 04:06:00,M005,POOR_AIRFLOW,27.82,62.92,1.61,330,0.1,MODERATE
2026-09-18 04:07:00,M005,POOR_AIRFLOW,27.47,62.07,1.36,319,0.102,MODERATE
2026-09-18 04:08:00,M005,POOR_AIRFLOW,27.68,62.23,1.56,300,0.104,MODERATE
2026-09-18 04:09:00,M005,POOR_AIRFLOW,27.75,61.68,1.43,310,0.106,MODERATE
2026-09-18 04:10:00,M005,POOR_AIRFLOW,27.45,63.17,1.34,342,0.104,MODERATE
2026-09-18 04:11:00,M005,POOR_AIRFLOW,27.71,60.28,1.42,284,0.101,MODERATE
2026-09-18 04:12:00,M005,POOR_AIRFLOW,27.27,62.43,1.57,308,0.102,MODERATE
2026-09-18 04:13:00,M005,POOR_AIRFLOW,27.68,61.25,1.5,312,0.102,MODERATE
2026-09-18 04:14:00,M005,POOR_AIRFLOW,27.47,61.5,1.29,311,0.094,MODERATE
2026-09-18 04:15:00,M005,POOR_AIRFLOW,27.48,62.61,1.32,272,0.099,MODERATE
2026-09-18 04:16:00,M005,POOR_AIRFLOW,27.52,61.66,1.4,324,0.097,MODERATE
2026-09-18 04:17:00,M005,POOR_AIRFLOW,27.54,60.52,1.47,308,0.1,MODERATE
2026-09-18 04:18:00,M005,POOR_AIRFLOW,27.43,61.46,1.32,259,0.091,MODERATE
2026-09-18 04:19:00,M005,POOR_AIRFLOW,27.37,60.63,1.41,296,0.095,MODERATE
2026-09-18 04:20:00,M005,POOR_AIRFLOW,27.53,59.63,1.2,292,0.096,MODERATE
2026-09-18 04:21:00,M005,POOR_AIRFLOW,27.23,60.17,1.23,277,0.09,MODERATE
2026-09-18 04:22:00,M005,POOR_AIRFLOW,27.01,60.1,1.21,303,0.093,MODERATE
2026-09-18 04:23:00,M005,POOR_AIRFLOW,27.24,59.62,1.31,258,0.101,MODERATE
2026-09-18 04:24:00,M005,POOR_AIRFLOW,26.82,60.11,1.24,289,0.09,MODERATE
2026-09-18 04:25:00,M005,POOR_AIRFLOW,27.31,59.65,1.17,278,0.083,MODERATE
2026-09-18 04:26:00,M005,POOR_AIRFLOW,27.17,60.48,1.15,287,0.085,MODERATE
2026-09-18 04:27:00,M005,POOR_AIRFLOW,27.39,58.68,1.01,262,0.094,MODERATE
2026-09-18 04:28:00,M005,POOR_AIRFLOW,27.25,59.06,1.11,283,0.083,MODERATE
2026-09-18 04:29:00,M005,POOR_AIRFLOW,27.13,58.39,1.08,243,0.077,MODERATE
2026-09-18 04:30:00,M005,POOR_AIRFLOW,27.09,58.61,1.0,270,0.083,MODERATE
2026-09-18 04:31:00,M005,POOR_AIRFLOW,26.82,58.93,1.22,273,0.071,MODERATE
2026-09-18 04:32:00,M005,POOR_AIRFLOW,27.14,59.12,1.1,250,0.078,MODERATE
2026-09-18 04:33:00,M005,POOR_AIRFLOW,27.03,58.39,1.04,270,0.084,MODERATE
2026-09-18 04:34:00,M005,POOR_AIRFLOW,26.95,58.18,1.05,248,0.076,MODERATE
2026-09-18 04:35:00,M005,POOR_AIRFLOW,26.81,57.89,0.87,257,0.076,MODERATE
2026-09-18 04:36:00,M005,POOR_AIRFLOW,26.76,58.58,0.82,264,0.091,MODERATE
2026-09-18 04:37:00,M005,POOR_AIRFLOW,26.83,58.0,1.07,241,0.084,MODERATE
2026-09-18 04:38:00,M005,POOR_AIRFLOW,26.62,57.74,0.85,256,0.077,MODERATE
2026-09-18 04:39:00,M005,POOR_AIRFLOW,26.66,56.7,1.06,245,0.075,MODERATE
2026-09-18 04:40:00,M005,POOR_AIRFLOW,26.75,57.28,0.99,252,0.083,MODERATE
2026-09-18 04:41:00,M005,POOR_AIRFLOW,26.35,56.54,0.79,212,0.069,MODERATE
2026-09-18 04:42:00,M005,POOR_AIRFLOW,26.37,57.49,0.85,237,0.074,MODERATE
2026-09-18 04:43:00,M005,POOR_AIRFLOW,26.32,57.11,0.87,218,0.074,MODERATE
2026-09-18 04:44:00,M005,POOR_AIRFLOW,26.41,57.2,0.95,203,0.068,MODERATE
2026-09-18 04:45:00,M005,POOR_AIRFLOW,26.2,55.92,0.87,203,0.077,MODERATE
2026-09-18 04:46:00,M005,POOR_AIRFLOW,26.27,58.73,0.85,226,0.068,MODERATE
2026-09-18 04:47:00,M005,POOR_AIRFLOW,26.32,57.35,1.0,219,0.068,MODERATE
2026-09-18 04:48:00,M005,POOR_AIRFLOW,26.29,55.6,0.85,190,0.063,MODERATE
2026-09-18 04:49:00,M005,POOR_AIRFLOW,26.33,56.18,0.79,208,0.07,MODERATE
2026-09-18 04:50:00,M005,POOR_AIRFLOW,26.41,56.18,0.82,192,0.078,MODERATE
2026-09-18 04:51:00,M005,POOR_AIRFLOW,26.24,56.41,0.8,221,0.06,MODERATE
2026-09-18 04:52:00,M005,POOR_AIRFLOW,26.31,54.97,0.66,194,0.059,MODERATE
2026-09-18 04:53:00,M005,POOR_AIRFLOW,26.19,55.89,0.82,223,0.072,MODERATE
2026-09-18 04:54:00,M005,POOR_AIRFLOW,26.51,55.31,0.77,195,0.072,MODERATE
2026-09-18 04:55:00,M005,POOR_AIRFLOW,26.35,56.24,0.68,211,0.059,MODERATE
2026-09-18 04:56:00,M005,POOR_AIRFLOW,26.17,56.07,0.73,207,0.061,MODERATE
2026-09-18 04:57:00,M005,POOR_AIRFLOW,25.95,54.82,0.58,208,0.062,MODERATE
2026-09-18 04:58:00,M005,POOR_AIRFLOW,26.19,53.33,0.61,248,0.06,MODERATE
2026-09-18 04:59:00,M005,POOR_AIRFLOW,26.1,54.77,0.88,185,0.057,MODERATE
2026-09-18 05:00:00,M005,POOR_AIRFLOW,26.25,55.03,0.76,217,0.063,MODERATE
2026-09-18 05:01:00,M005,POOR_AIRFLOW,25.91,55.37,0.68,187,0.057,MODERATE
2026-09-18 05:02:00,M005,POOR_AIRFLOW,26.16,54.72,0.82,179,0.057,MODERATE
2026-09-18 05:03:00,M005,POOR_AIRFLOW,26.3,55.05,0.51,197,0.05,MODERATE
2026-09-18 05:04:00,M005,POOR_AIRFLOW,26.04,54.28,0.65,183,0.047,MODERATE
2026-09-18 05:05:00,M005,POOR_AIRFLOW,26.05,55.47,0.65,202,0.056,MODERATE
2026-09-18 05:06:00,M005,POOR_AIRFLOW,25.99,54.72,0.74,174,0.063,MODERATE
2026-09-18 05:07:00,M005,POOR_AIRFLOW,25.75,54.59,0.61,179,0.053,MODERATE
2026-09-18 05:08:00,M005,POOR_AIRFLOW,25.99,52.61,0.5,155,0.054,MODERATE
2026-09-18 05:09:00,M005,POOR_AIRFLOW,25.86,55.86,0.62,186,0.053,MODERATE
2026-09-18 05:10:00,M005,POOR_AIRFLOW,26.11,54.41,0.69,203,0.066,MODERATE
2026-09-18 05:11:00,M005,POOR_AIRFLOW,25.98,54.27,0.73,163,0.053,MODERATE
2026-09-18 05:12:00,M005,POOR_AIRFLOW,26.21,52.87,0.65,186,0.056,MODERATE
2026-09-18 05:13:00,M005,POOR_AIRFLOW,25.95,54.77,0.55,164,0.046,MODERATE
2026-09-18 05:14:00,M005,POOR_AIRFLOW,26.01,52.66,0.47,216,0.053,MODERATE
2026-09-18 05:15:00,M005,POOR_AIRFLOW,25.82,54.33,0.68,166,0.051,MODERATE
2026-09-18 05:16:00,M005,POOR_AIRFLOW,25.63,53.37,0.49,182,0.059,MODERATE
2026-09-18 05:17:00,M005,POOR_AIRFLOW,25.92,52.88,0.64,195,0.058,MODERATE
2026-09-18 05:18:00,M005,POOR_AIRFLOW,26.07,52.83,0.63,194,0.052,MODERATE
2026-09-18 05:19:00,M005,POOR_AIRFLOW,25.83,54.05,0.58,201,0.053,MODERATE
2026-09-18 05:20:00,M005,POOR_AIRFLOW,25.59,53.93,0.68,126,0.045,MODERATE
2026-09-18 05:21:00,M005,POOR_AIRFLOW,25.92,54.07,0.5,183,0.062,MODERATE
2026-09-18 05:22:00,M005,POOR_AIRFLOW,25.63,54.33,0.5,165,0.042,MODERATE
2026-09-18 05:23:00,M005,POOR_AIRFLOW,25.76,53.53,0.56,188,0.06,MODERATE
2026-09-18 05:24:00,M005,POOR_AIRFLOW,25.73,54.62,0.51,164,0.049,MODERATE
2026-09-18 05:25:00,M005,POOR_AIRFLOW,25.67,53.48,0.57,208,0.059,MODERATE
2026-09-18 05:26:00,M005,POOR_AIRFLOW,25.97,53.39,0.56,187,0.058,MODERATE
2026-09-18 05:27:00,M005,POOR_AIRFLOW,25.69,52.51,0.67,173,0.048,MODERATE
2026-09-18 05:28:00,M005,POOR_AIRFLOW,25.61,54.47,0.8,177,0.051,MODERATE
2026-09-18 05:29:00,M005,POOR_AIRFLOW,25.96,54.46,0.7,175,0.051,MODERATE
2026-09-18 05:30:00,M005,POOR_AIRFLOW,25.66,54.54,0.45,186,0.058,MODERATE
2026-09-18 05:31:00,M005,POOR_AIRFLOW,25.91,53.04,0.61,201,0.05,MODERATE
2026-09-18 05:32:00,M005,POOR_AIRFLOW,26.14,53.44,0.61,166,0.057,MODERATE
2026-09-18 05:33:00,M005,POOR_AIRFLOW,25.7,54.15,0.65,174,0.047,MODERATE
2026-09-18 05:34:00,M005,POOR_AIRFLOW,25.65,53.79,0.55,205,0.036,MODERATE
2026-09-18 05:35:00,M005,POOR_AIRFLOW,26.17,54.33,0.56,196,0.055,MODERATE
2026-09-18 05:36:00,M005,POOR_AIRFLOW,25.59,54.15,0.7,177,0.051,MODERATE
2026-09-18 05:37:00,M005,POOR_AIRFLOW,25.83,53.11,0.52,144,0.055,MODERATE
2026-09-18 05:38:00,M005,POOR_AIRFLOW,26.15,52.96,0.62,186,0.054,MODERATE
2026-09-18 05:39:00,M005,POOR_AIRFLOW,26.11,53.7,0.65,163,0.059,MODERATE
2026-09-18 05:40:00,M005,POOR_AIRFLOW,26.08,54.14,0.72,192,0.062,MODERATE
2026-09-18 05:41:00,M005,POOR_AIRFLOW,25.84,54.83,0.82,150,0.067,MODERATE
2026-09-18 05:42:00,M005,POOR_AIRFLOW,26.27,53.28,0.59,178,0.062,MODERATE
2026-09-18 05:43:00,M005,POOR_AIRFLOW,25.85,55.17,0.59,193,0.065,MODERATE
2026-09-18 05:44:00,M005,POOR_AIRFLOW,25.94,52.95,0.53,200,0.055,MODERATE
2026-09-18 05:45:00,M005,POOR_AIRFLOW,25.82,55.08,0.87,176,0.059,MODERATE
2026-09-18 05:46:00,M005,POOR_AIRFLOW,26.01,55.43,0.9,203,0.062,MODERATE
2026-09-18 05:47:00,M005,POOR_AIRFLOW,25.71,54.76,0.62,198,0.065,MODERATE
2026-09-18 05:48:00,M005,POOR_AIRFLOW,26.15,55.87,0.96,220,0.058,MODERATE
2026-09-18 05:49:00,M005,POOR_AIRFLOW,26.1,55.3,0.63,239,0.064,MODERATE
2026-09-18 05:50:00,M005,POOR_AIRFLOW,25.98,53.35,0.78,215,0.06,MODERATE
2026-09-18 05:51:00,M005,POOR_AIRFLOW,26.06,55.34,0.53,181,0.052,MODERATE
2026-09-18 05:52:00,M005,POOR_AIRFLOW,26.32,54.29,0.64,195,0.064,MODERATE
2026-09-18 05:53:00,M005,POOR_AIRFLOW,26.24,55.56,0.61,215,0.068,MODERATE
2026-09-18 05:54:00,M005,POOR_AIRFLOW,26.11,55.25,0.62,192,0.056,MODERATE
2026-09-18 05:55:00,M005,POOR_AIRFLOW,25.98,55.16,0.79,214,0.051,MODERATE
2026-09-18 05:56:00,M005,POOR_AIRFLOW,26.47,56.78,0.62,246,0.063,MODERATE
2026-09-18 05:57:00,M005,POOR_AIRFLOW,26.23,55.98,0.86,211,0.072,MODERATE
2026-09-18 05:58:00,M005,POOR_AIRFLOW,26.13,55.91,0.63,192,0.063,MODERATE
2026-09-18 05:59:00,M005,POOR_AIRFLOW,26.24,56.57,0.74,232,0.063,MODERATE
2026-09-18 06:00:00,M005,POOR_AIRFLOW,26.63,55.91,1.07,193,0.083,MODERATE
2026-09-18 06:01:00,M005,POOR_AIRFLOW,26.48,55.61,0.92,222,0.066,MODERATE
2026-09-18 06:02:00,M005,POOR_AIRFLOW,26.35,55.9,0.94,212,0.067,MODERATE
2026-09-18 06:03:00,M005,POOR_AIRFLOW,26.48,55.57,0.83,231,0.069,MODERATE
2026-09-18 06:04:00,M005,POOR_AIRFLOW,26.51,55.04,0.75,201,0.071,MODERATE
2026-09-18 06:05:00,M005,POOR_AIRFLOW,26.49,56.79,1.13,217,0.072,MODERATE
2026-09-18 06:06:00,M005,POOR_AIRFLOW,26.59,57.35,0.95,232,0.07,MODERATE
2026-09-18 06:07:00,M005,POOR_AIRFLOW,26.45,56.96,0.92,210,0.073,MODERATE
2026-09-18 06:08:00,M005,POOR_AIRFLOW,26.56,56.98,1.02,231,0.074,MODERATE
2026-09-18 06:09:00,M005,POOR_AIRFLOW,26.7,56.4,0.86,243,0.074,MODERATE
2026-09-18 06:10:00,M005,POOR_AIRFLOW,26.55,58.36,1.02,217,0.079,MODERATE
2026-09-18 06:11:00,M005,POOR_AIRFLOW,26.74,57.15,0.97,253,0.078,MODERATE
2026-09-18 06:12:00,M005,POOR_AIRFLOW,26.78,58.34,1.07,241,0.071,MODERATE
2026-09-18 06:13:00,M005,POOR_AIRFLOW,26.83,58.51,0.99,227,0.081,MODERATE
2026-09-18 06:14:00,M005,POOR_AIRFLOW,26.96,57.9,1.06,255,0.092,MODERATE
2026-09-18 06:15:00,M005,POOR_AIRFLOW,26.8,59.07,0.91,234,0.081,MODERATE
2026-09-18 06:16:00,M005,POOR_AIRFLOW,26.9,57.43,1.07,228,0.09,MODERATE
2026-09-18 06:17:00,M005,POOR_AIRFLOW,26.87,59.73,0.82,275,0.087,MODERATE
2026-09-18 06:18:00,M005,POOR_AIRFLOW,27.03,58.6,0.97,252,0.083,MODERATE
2026-09-18 06:19:00,M005,POOR_AIRFLOW,27.13,59.05,1.08,266,0.078,MODERATE
2026-09-18 06:20:00,M005,POOR_AIRFLOW,27.0,59.04,1.0,283,0.084,MODERATE
2026-09-18 06:21:00,M005,POOR_AIRFLOW,26.75,58.58,1.3,261,0.095,MODERATE
2026-09-18 06:22:00,M005,POOR_AIRFLOW,26.9,58.59,1.13,290,0.088,MODERATE
2026-09-18 06:23:00,M005,POOR_AIRFLOW,27.08,58.66,1.15,270,0.088,MODERATE
2026-09-18 06:24:00,M005,POOR_AIRFLOW,27.15,60.98,1.26,271,0.091,MODERATE
2026-09-18 06:25:00,M005,POOR_AIRFLOW,27.12,59.76,1.2,274,0.082,MODERATE
2026-09-18 06:26:00,M005,POOR_AIRFLOW,27.26,59.06,1.28,302,0.094,MODERATE
2026-09-18 06:27:00,M005,POOR_AIRFLOW,27.26,59.17,1.33,280,0.083,MODERATE
2026-09-18 06:28:00,M005,POOR_AIRFLOW,27.46,60.45,1.34,269,0.082,MODERATE
2026-09-18 06:29:00,M005,POOR_AIRFLOW,27.54,59.62,1.12,300,0.094,MODERATE
2026-09-18 06:30:00,M005,POOR_AIRFLOW,27.25,60.43,1.19,305,0.087,MODERATE
2026-09-18 06:31:00,M005,POOR_AIRFLOW,27.74,59.87,1.38,283,0.092,MODERATE
2026-09-18 06:32:00,M005,POOR_AIRFLOW,27.44,61.34,1.27,280,0.1,MODERATE
2026-09-18 06:33:00,M005,POOR_AIRFLOW,27.47,61.58,1.29,302,0.092,MODERATE
2026-09-18 06:34:00,M005,POOR_AIRFLOW,27.42,61.1,1.32,275,0.106,MODERATE
2026-09-18 06:35:00,M005,POOR_AIRFLOW,27.57,60.6,1.25,317,0.097,MODERATE
2026-09-18 06:36:00,M005,POOR_AIRFLOW,27.77,61.67,1.46,315,0.108,MODERATE
2026-09-18 06:37:00,M005,POOR_AIRFLOW,27.73,61.98,1.22,333,0.099,MODERATE
2026-09-18 06:38:00,M005,POOR_AIRFLOW,27.69,61.9,1.4,294,0.099,MODERATE
2026-09-18 06:39:00,M005,POOR_AIRFLOW,27.67,61.51,1.45,301,0.104,MODERATE
2026-09-18 06:40:00,M005,POOR_AIRFLOW,27.74,62.55,1.41,313,0.098,MODERATE
2026-09-18 06:41:00,M005,POOR_AIRFLOW,27.59,61.84,1.52,287,0.089,MODERATE
2026-09-18 06:42:00,M005,POOR_AIRFLOW,27.79,62.68,1.32,298,0.111,MODERATE
2026-09-18 06:43:00,M005,POOR_AIRFLOW,27.74,62.15,1.6,304,0.114,MODERATE
2026-09-18 06:44:00,M005,POOR_AIRFLOW,27.82,62.37,1.22,306,0.108,MODERATE
2026-09-18 06:45:00,M005,POOR_AIRFLOW,27.43,62.78,1.43,315,0.102,MODERATE
2026-09-18 06:46:00,M005,POOR_AIRFLOW,27.81,61.32,1.31,305,0.102,MODERATE
2026-09-18 06:47:00,M005,POOR_AIRFLOW,27.76,63.12,1.29,328,0.108,MODERATE
2026-09-18 06:48:00,M005,POOR_AIRFLOW,27.76,63.18,1.45,299,0.113,MODERATE
2026-09-18 06:49:00,M005,POOR_AIRFLOW,27.82,63.38,1.49,301,0.115,MODERATE
2026-09-18 06:50:00,M005,POOR_AIRFLOW,27.88,63.45,1.37,325,0.106,MODERATE
2026-09-18 06:51:00,M005,POOR_AIRFLOW,27.97,62.63,1.59,310,0.119,MODERATE
2026-09-18 06:52:00,M005,POOR_AIRFLOW,27.92,63.42,1.44,338,0.113,MODERATE
2026-09-18 06:53:00,M005,POOR_AIRFLOW,27.98,63.2,1.31,348,0.116,MODERATE
2026-09-18 06:54:00,M005,POOR_AIRFLOW,27.99,63.56,1.49,327,0.117,MODERATE
2026-09-18 06:55:00,M005,POOR_AIRFLOW,27.85,61.75,1.38,357,0.116,MODERATE
2026-09-18 06:56:00,M005,POOR_AIRFLOW,27.97,63.33,1.66,349,0.109,MODERATE
2026-09-18 06:57:00,M005,POOR_AIRFLOW,28.25,63.8,1.45,320,0.118,MODERATE
2026-09-18 06:58:00,M005,POOR_AIRFLOW,27.97,63.48,1.7,350,0.116,MODERATE
2026-09-18 06:59:00,M005,POOR_AIRFLOW,28.23,64.94,1.64,327,0.116,MODERATE
2026-09-18 07:00:00,M005,POOR_AIRFLOW,28.24,63.78,1.64,319,0.114,MODERATE
2026-09-18 07:01:00,M005,POOR_AIRFLOW,28.24,64.74,1.32,330,0.114,MODERATE
2026-09-18 07:02:00,M005,POOR_AIRFLOW,28.01,65.12,1.69,335,0.115,MODERATE
2026-09-18 07:03:00,M005,POOR_AIRFLOW,28.27,63.72,1.6,361,0.117,MODERATE
2026-09-18 07:04:00,M005,POOR_AIRFLOW,28.1,63.19,1.56,353,0.119,MODERATE
2026-09-18 07:05:00,M005,POOR_AIRFLOW,28.48,64.87,1.47,327,0.12,MODERATE
2026-09-18 07:06:00,M005,POOR_AIRFLOW,28.31,63.51,1.6,333,0.111,MODERATE
2026-09-18 07:07:00,M005,POOR_AIRFLOW,28.18,63.97,1.73,386,0.118,MODERATE
2026-09-18 07:08:00,M005,POOR_AIRFLOW,27.93,65.01,1.68,330,0.112,MODERATE
2026-09-18 07:09:00,M005,POOR_AIRFLOW,28.26,63.91,1.84,353,0.122,MODERATE
2026-09-18 07:10:00,M005,POOR_AIRFLOW,28.21,64.29,1.7,372,0.124,MODERATE
2026-09-18 07:11:00,M005,POOR_AIRFLOW,28.27,65.05,1.65,344,0.118,MODERATE
2026-09-18 07:12:00,M005,POOR_AIRFLOW,27.97,64.77,1.61,338,0.115,MODERATE
2026-09-18 07:13:00,M005,POOR_AIRFLOW,28.2,63.8,1.69,338,0.119,MODERATE
2026-09-18 07:14:00,M005,POOR_AIRFLOW,28.28,64.8,1.71,350,0.115,MODERATE
2026-09-18 07:15:00,M005,POOR_AIRFLOW,28.35,64.29,1.81,371,0.116,MODERATE
2026-09-18 07:16:00,M005,POOR_AIRFLOW,28.15,64.64,1.7,320,0.124,MODERATE
2026-09-18 07:17:00,M005,POOR_AIRFLOW,28.18,65.48,1.7,372,0.127,MODERATE
2026-09-18 07:18:00,M005,POOR_AIRFLOW,28.4,64.88,1.5,340,0.106,MODERATE
2026-09-18 07:19:00,M005,POOR_AIRFLOW,28.44,65.65,1.56,334,0.12,MODERATE
2026-09-18 07:20:00,M005,POOR_AIRFLOW,28.03,65.65,1.57,339,0.114,MODERATE
2026-09-18 07:21:00,M005,POOR_AIRFLOW,28.38,64.22,1.79,322,0.119,MODERATE
2026-09-18 07:22:00,M005,POOR_AIRFLOW,28.42,64.34,1.69,346,0.118,MODERATE
2026-09-18 07:23:00,M005,POOR_AIRFLOW,28.43,63.45,1.64,339,0.11,MODERATE
2026-09-18 07:24:00,M005,POOR_AIRFLOW,28.16,64.3,1.53,324,0.121,MODERATE
2026-09-18 07:25:00,M005,POOR_AIRFLOW,28.34,63.69,1.65,352,0.126,MODERATE
2026-09-18 07:26:00,M005,POOR_AIRFLOW,28.06,63.22,1.42,344,0.121,MODERATE
2026-09-18 07:27:00,M005,POOR_AIRFLOW,28.28,64.46,1.54,372,0.119,MODERATE
2026-09-18 07:28:00,M005,POOR_AIRFLOW,28.24,63.73,1.62,307,0.126,MODERATE
2026-09-18 07:29:00,M005,POOR_AIRFLOW,27.97,63.0,1.63,328,0.113,MODERATE
2026-09-18 07:30:00,M005,POOR_AIRFLOW,28.18,64.61,1.61,375,0.12,MODERATE
2026-09-18 07:31:00,M005,POOR_AIRFLOW,28.29,64.54,1.47,347,0.116,MODERATE
2026-09-18 07:32:00,M005,POOR_AIRFLOW,28.15,64.63,1.57,386,0.121,MODERATE
2026-09-18 07:33:00,M005,POOR_AIRFLOW,28.13,63.87,1.76,319,0.113,MODERATE
2026-09-18 07:34:00,M005,POOR_AIRFLOW,28.06,64.2,1.48,312,0.102,MODERATE
2026-09-18 07:35:00,M005,POOR_AIRFLOW,27.95,64.61,1.56,323,0.117,MODERATE
2026-09-18 07:36:00,M005,POOR_AIRFLOW,28.25,64.15,1.52,321,0.103,MODERATE
2026-09-18 07:37:00,M005,POOR_AIRFLOW,28.2,62.64,1.58,319,0.104,MODERATE
2026-09-18 07:38:00,M005,POOR_AIRFLOW,28.07,65.0,1.53,327,0.116,MODERATE
2026-09-18 07:39:00,M005,POOR_AIRFLOW,27.68,63.67,1.51,341,0.118,MODERATE
2026-09-18 07:40:00,M005,POOR_AIRFLOW,27.7,63.48,1.55,287,0.104,MODERATE
2026-09-18 07:41:00,M005,POOR_AIRFLOW,27.89,63.3,1.75,298,0.114,MODERATE
2026-09-18 07:42:00,M005,POOR_AIRFLOW,27.84,62.68,1.29,343,0.108,MODERATE
2026-09-18 07:43:00,M005,POOR_AIRFLOW,27.8,62.77,1.47,313,0.107,MODERATE
2026-09-18 07:44:00,M005,POOR_AIRFLOW,27.78,62.77,1.41,310,0.103,MODERATE
2026-09-18 07:45:00,M005,POOR_AIRFLOW,27.78,62.31,1.42,326,0.099,MODERATE
2026-09-18 07:46:00,M005,POOR_AIRFLOW,27.79,61.82,1.66,325,0.105,MODERATE
2026-09-18 07:47:00,M005,POOR_AIRFLOW,27.97,62.83,1.34,312,0.099,MODERATE
2026-09-18 07:48:00,M005,POOR_AIRFLOW,27.55,62.49,1.25,337,0.107,MODERATE
2026-09-18 07:49:00,M005,POOR_AIRFLOW,27.53,62.77,1.58,308,0.109,MODERATE
2026-09-18 07:50:00,M005,POOR_AIRFLOW,27.72,60.9,1.26,331,0.105,MODERATE
2026-09-18 07:51:00,M005,POOR_AIRFLOW,27.46,62.31,1.35,298,0.103,MODERATE
2026-09-18 07:52:00,M005,POOR_AIRFLOW,27.47,61.38,1.24,287,0.103,MODERATE
2026-09-18 07:53:00,M005,POOR_AIRFLOW,27.74,61.7,1.49,302,0.092,MODERATE
2026-09-18 07:54:00,M005,POOR_AIRFLOW,27.52,59.99,1.28,266,0.098,MODERATE
2026-09-18 07:55:00,M005,POOR_AIRFLOW,27.46,60.31,1.22,275,0.102,MODERATE
2026-09-18 07:56:00,M005,POOR_AIRFLOW,27.36,60.65,1.22,323,0.09,MODERATE
2026-09-18 07:57:00,M005,POOR_AIRFLOW,27.27,61.29,1.49,293,0.091,MODERATE
2026-09-18 07:58:00,M005,POOR_AIRFLOW,27.42,61.17,1.3,310,0.098,MODERATE
2026-09-18 07:59:00,M005,POOR_AIRFLOW,27.32,61.57,1.37,252,0.088,MODERATE
2026-09-18 08:00:00,M005,POOR_AIRFLOW,27.11,60.28,1.12,252,0.092,MODERATE
2026-09-18 08:01:00,M005,POOR_AIRFLOW,27.42,60.83,1.2,307,0.094,MODERATE
2026-09-18 08:02:00,M005,POOR_AIRFLOW,27.34,60.92,1.2,229,0.094,MODERATE
2026-09-18 08:03:00,M005,POOR_AIRFLOW,27.17,60.39,1.34,240,0.089,MODERATE
2026-09-18 08:04:00,M005,POOR_AIRFLOW,27.33,59.67,1.31,240,0.093,MODERATE
2026-09-18 08:05:00,M005,POOR_AIRFLOW,27.3,58.92,1.21,239,0.09,MODERATE
2026-09-18 08:06:00,M005,POOR_AIRFLOW,27.16,58.73,1.21,264,0.081,MODERATE
2026-09-18 08:07:00,M005,POOR_AIRFLOW,27.17,59.29,1.11,242,0.075,MODERATE
2026-09-18 08:08:00,M005,POOR_AIRFLOW,27.02,59.98,1.29,272,0.09,MODERATE
2026-09-18 08:09:00,M005,POOR_AIRFLOW,27.02,58.98,0.97,252,0.089,MODERATE
2026-09-18 08:10:00,M005,POOR_AIRFLOW,26.99,58.04,0.89,252,0.085,MODERATE
2026-09-18 08:11:00,M005,POOR_AIRFLOW,27.0,58.45,0.97,248,0.077,MODERATE
2026-09-18 08:12:00,M005,POOR_AIRFLOW,26.67,58.14,1.12,279,0.083,MODERATE
2026-09-18 08:13:00,M005,POOR_AIRFLOW,26.91,57.35,0.89,262,0.087,MODERATE
2026-09-18 08:14:00,M005,POOR_AIRFLOW,27.08,59.3,1.24,263,0.076,MODERATE
2026-09-18 08:15:00,M005,POOR_AIRFLOW,26.9,58.43,1.06,232,0.091,MODERATE
2026-09-18 08:16:00,M005,POOR_AIRFLOW,26.76,56.97,0.93,253,0.067,MODERATE
2026-09-18 08:17:00,M005,POOR_AIRFLOW,26.76,58.51,0.96,243,0.073,MODERATE
2026-09-18 08:18:00,M005,POOR_AIRFLOW,26.65,57.77,1.06,238,0.077,MODERATE
2026-09-18 08:19:00,M005,POOR_AIRFLOW,26.7,58.44,1.0,223,0.085,MODERATE
2026-09-18 08:20:00,M005,POOR_AIRFLOW,26.49,57.91,1.06,255,0.072,MODERATE
2026-09-18 08:21:00,M005,POOR_AIRFLOW,26.75,56.93,1.01,254,0.084,MODERATE
2026-09-18 08:22:00,M005,POOR_AIRFLOW,26.67,56.74,0.93,209,0.069,MODERATE
2026-09-18 08:23:00,M005,POOR_AIRFLOW,26.58,57.89,1.07,235,0.079,MODERATE
2026-09-18 08:24:00,M005,POOR_AIRFLOW,27.01,55.54,1.07,230,0.077,MODERATE
2026-09-18 08:25:00,M005,POOR_AIRFLOW,26.24,57.52,0.74,184,0.075,MODERATE
2026-09-18 08:26:00,M005,POOR_AIRFLOW,26.43,56.72,0.72,201,0.069,MODERATE
2026-09-18 08:27:00,M005,POOR_AIRFLOW,26.79,55.72,0.84,234,0.078,MODERATE
2026-09-18 08:28:00,M005,POOR_AIRFLOW,26.38,56.52,0.73,205,0.076,MODERATE
2026-09-18 08:29:00,M005,POOR_AIRFLOW,26.42,57.02,0.69,222,0.076,MODERATE
2026-09-18 08:30:00,M005,POOR_AIRFLOW,26.62,56.16,0.68,190,0.061,MODERATE
2026-09-18 08:31:00,M005,POOR_AIRFLOW,26.35,56.68,0.63,195,0.063,MODERATE
2026-09-18 08:32:00,M005,POOR_AIRFLOW,26.37,55.26,0.83,221,0.067,MODERATE
2026-09-18 08:33:00,M005,POOR_AIRFLOW,26.42,55.67,0.79,206,0.066,MODERATE
2026-09-18 08:34:00,M005,POOR_AIRFLOW,26.31,56.72,0.64,224,0.062,MODERATE
2026-09-18 08:35:00,M005,POOR_AIRFLOW,26.39,56.38,0.73,181,0.063,MODERATE
2026-09-18 08:36:00,M005,POOR_AIRFLOW,26.21,55.87,0.83,205,0.067,MODERATE
2026-09-18 08:37:00,M005,POOR_AIRFLOW,25.92,56.23,0.77,192,0.063,MODERATE
2026-09-18 08:38:00,M005,POOR_AIRFLOW,26.04,54.73,0.6,175,0.065,MODERATE
2026-09-18 08:39:00,M005,POOR_AIRFLOW,26.14,56.34,0.83,175,0.055,MODERATE
2026-09-18 08:40:00,M005,POOR_AIRFLOW,26.03,55.41,0.7,194,0.062,MODERATE
2026-09-18 08:41:00,M005,POOR_AIRFLOW,26.2,55.12,0.69,194,0.051,MODERATE
2026-09-18 08:42:00,M005,POOR_AIRFLOW,25.85,54.87,0.53,199,0.061,MODERATE
2026-09-18 08:43:00,M005,POOR_AIRFLOW,26.0,54.31,0.78,180,0.06,MODERATE
2026-09-18 08:44:00,M005,POOR_AIRFLOW,26.17,54.06,0.66,192,0.049,MODERATE
2026-09-18 08:45:00,M005,POOR_AIRFLOW,25.95,54.78,0.56,168,0.048,MODERATE
2026-09-18 08:46:00,M005,POOR_AIRFLOW,25.87,53.13,0.61,209,0.061,MODERATE
2026-09-18 08:47:00,M005,POOR_AIRFLOW,26.15,54.65,0.91,162,0.06,MODERATE
2026-09-18 08:48:00,M005,POOR_AIRFLOW,25.81,54.91,0.58,158,0.059,MODERATE
2026-09-18 08:49:00,M005,POOR_AIRFLOW,26.07,52.5,0.64,193,0.066,MODERATE
2026-09-18 08:50:00,M005,POOR_AIRFLOW,25.67,54.47,0.56,191,0.048,MODERATE
2026-09-18 08:51:00,M005,POOR_AIRFLOW,25.77,53.33,0.47,150,0.066,MODERATE
2026-09-18 08:52:00,M005,POOR_AIRFLOW,25.55,53.68,0.61,163,0.05,MODERATE
2026-09-18 08:53:00,M005,POOR_AIRFLOW,25.87,54.33,0.67,171,0.058,MODERATE
2026-09-18 08:54:00,M005,POOR_AIRFLOW,25.77,54.79,0.57,178,0.051,MODERATE
2026-09-18 08:55:00,M005,POOR_AIRFLOW,25.89,54.59,0.71,183,0.059,MODERATE
2026-09-18 08:56:00,M005,POOR_AIRFLOW,25.66,54.03,0.31,156,0.056,MODERATE
2026-09-18 08:57:00,M005,POOR_AIRFLOW,25.75,53.33,0.45,208,0.055,MODERATE
2026-09-18 08:58:00,M005,POOR_AIRFLOW,25.84,52.94,0.67,147,0.051,MODERATE
2026-09-18 08:59:00,M005,POOR_AIRFLOW,25.6,52.66,0.62,148,0.049,MODERATE
2026-09-18 09:00:00,M005,POOR_AIRFLOW,26.02,53.56,0.55,171,0.054,MODERATE
2026-09-18 09:01:00,M005,POOR_AIRFLOW,25.65,53.44,0.63,127,0.05,MODERATE
2026-09-18 09:02:00,M005,POOR_AIRFLOW,25.95,52.99,0.54,173,0.048,MODERATE
2026-09-18 09:03:00,M005,POOR_AIRFLOW,25.83,52.94,0.55,194,0.055,MODERATE
2026-09-18 09:04:00,M005,POOR_AIRFLOW,26.0,53.94,0.34,212,0.053,MODERATE
2026-09-18 09:05:00,M005,POOR_AIRFLOW,25.58,54.27,0.74,179,0.056,MODERATE
2026-09-18 09:06:00,M005,POOR_AIRFLOW,25.64,53.55,0.35,171,0.06,MODERATE
2026-09-18 09:07:00,M005,POOR_AIRFLOW,25.74,53.28,0.6,155,0.047,MODERATE
2026-09-18 09:08:00,M005,POOR_AIRFLOW,25.96,55.15,0.6,154,0.049,MODERATE
2026-09-18 09:09:00,M005,POOR_AIRFLOW,25.7,54.89,0.68,167,0.051,MODERATE
2026-09-18 09:10:00,M005,POOR_AIRFLOW,25.56,53.14,0.46,175,0.047,MODERATE
2026-09-18 09:11:00,M005,POOR_AIRFLOW,25.59,53.3,0.56,186,0.045,MODERATE
2026-09-18 09:12:00,M005,POOR_AIRFLOW,25.47,53.83,0.43,196,0.054,MODERATE
2026-09-18 09:13:00,M005,POOR_AIRFLOW,25.82,54.33,0.66,191,0.058,MODERATE
2026-09-18 09:14:00,M005,POOR_AIRFLOW,25.96,54.51,0.47,194,0.054,MODERATE
2026-09-18 09:15:00,M005,POOR_AIRFLOW,25.98,53.54,0.43,194,0.047,MODERATE
2026-09-18 09:16:00,M005,POOR_AIRFLOW,25.72,53.38,0.75,188,0.06,MODERATE
2026-09-18 09:17:00,M005,POOR_AIRFLOW,25.92,52.96,0.63,200,0.047,MODERATE
2026-09-18 09:18:00,M005,POOR_AIRFLOW,26.24,52.16,0.63,197,0.045,MODERATE
2026-09-18 09:19:00,M005,POOR_AIRFLOW,25.99,52.93,0.67,186,0.044,MODERATE
2026-09-18 09:20:00,M005,POOR_AIRFLOW,25.73,52.86,0.69,193,0.049,MODERATE
2026-09-18 09:21:00,M005,POOR_AIRFLOW,25.75,54.25,0.5,198,0.053,MODERATE
2026-09-18 09:22:00,M005,POOR_AIRFLOW,25.82,53.55,0.5,169,0.055,MODERATE
2026-09-18 09:23:00,M005,POOR_AIRFLOW,25.77,54.17,0.55,203,0.058,MODERATE
2026-09-18 09:24:00,M005,POOR_AIRFLOW,25.87,54.36,0.73,186,0.055,MODERATE
2026-09-18 09:25:00,M005,POOR_AIRFLOW,26.17,56.0,0.72,197,0.059,MODERATE
2026-09-18 09:26:00,M005,POOR_AIRFLOW,26.05,55.59,0.64,196,0.044,MODERATE
2026-09-18 09:27:00,M005,POOR_AIRFLOW,26.32,55.41,0.76,162,0.066,MODERATE
2026-09-18 09:28:00,M005,POOR_AIRFLOW,25.99,54.68,0.82,199,0.063,MODERATE
2026-09-18 09:29:00,M005,POOR_AIRFLOW,25.95,54.61,0.7,204,0.057,MODERATE
2026-09-18 09:30:00,M005,POOR_AIRFLOW,26.38,54.72,0.62,185,0.056,MODERATE
2026-09-18 09:31:00,M005,POOR_AIRFLOW,26.11,55.97,0.68,188,0.073,MODERATE
2026-09-18 09:32:00,M005,POOR_AIRFLOW,26.44,55.06,0.53,215,0.071,MODERATE
2026-09-18 09:33:00,M005,POOR_AIRFLOW,26.08,55.72,0.76,212,0.066,MODERATE
2026-09-18 09:34:00,M005,POOR_AIRFLOW,26.23,56.2,0.62,175,0.055,MODERATE
2026-09-18 09:35:00,M005,POOR_AIRFLOW,26.52,54.73,0.87,225,0.074,MODERATE
2026-09-18 09:36:00,M005,POOR_AIRFLOW,26.13,54.67,0.77,227,0.073,MODERATE
2026-09-18 09:37:00,M005,POOR_AIRFLOW,26.21,55.77,0.8,202,0.064,MODERATE
2026-09-18 09:38:00,M005,POOR_AIRFLOW,25.96,55.26,0.7,190,0.07,MODERATE
2026-09-18 09:39:00,M005,POOR_AIRFLOW,26.32,56.12,0.84,230,0.059,MODERATE
2026-09-18 09:40:00,M005,POOR_AIRFLOW,26.49,56.38,0.8,194,0.059,MODERATE
2026-09-18 09:41:00,M005,POOR_AIRFLOW,26.24,57.03,0.84,221,0.072,MODERATE
2026-09-18 09:42:00,M005,POOR_AIRFLOW,26.28,56.91,0.83,230,0.075,MODERATE
2026-09-18 09:43:00,M005,POOR_AIRFLOW,26.63,55.69,0.79,199,0.06,MODERATE
2026-09-18 09:44:00,M005,POOR_AIRFLOW,26.21,56.74,1.0,213,0.065,MODERATE
2026-09-18 09:45:00,M005,POOR_AIRFLOW,26.59,55.87,1.1,231,0.07,MODERATE
2026-09-18 09:46:00,M005,POOR_AIRFLOW,26.45,56.29,0.74,220,0.083,MODERATE
2026-09-18 09:47:00,M005,POOR_AIRFLOW,26.45,58.1,1.02,226,0.077,MODERATE
2026-09-18 09:48:00,M005,POOR_AIRFLOW,26.36,57.35,1.06,240,0.076,MODERATE
2026-09-18 09:49:00,M005,POOR_AIRFLOW,26.54,56.57,0.95,290,0.078,MODERATE
2026-09-18 09:50:00,M005,POOR_AIRFLOW,26.45,56.88,1.03,249,0.066,MODERATE
2026-09-18 09:51:00,M005,POOR_AIRFLOW,26.23,58.87,0.93,249,0.077,MODERATE
2026-09-18 09:52:00,M005,POOR_AIRFLOW,26.95,57.56,1.16,236,0.071,MODERATE
2026-09-18 09:53:00,M005,POOR_AIRFLOW,26.66,56.96,1.13,270,0.086,MODERATE
2026-09-18 09:54:00,M005,POOR_AIRFLOW,26.65,58.51,1.14,266,0.085,MODERATE
2026-09-18 09:55:00,M005,POOR_AIRFLOW,26.82,58.3,1.02,276,0.08,MODERATE
2026-09-18 09:56:00,M005,POOR_AIRFLOW,26.98,58.12,1.13,216,0.089,MODERATE
2026-09-18 09:57:00,M005,POOR_AIRFLOW,27.14,59.32,1.17,266,0.082,MODERATE
2026-09-18 09:58:00,M005,POOR_AIRFLOW,26.9,58.61,1.13,249,0.078,MODERATE
2026-09-18 09:59:00,M005,POOR_AIRFLOW,27.04,59.01,1.2,241,0.091,MODERATE
2026-09-18 10:00:00,M005,POOR_AIRFLOW,27.27,59.83,1.03,251,0.082,MODERATE
2026-09-18 10:01:00,M005,POOR_AIRFLOW,26.94,58.71,1.17,273,0.087,MODERATE
2026-09-18 10:02:00,M005,POOR_AIRFLOW,27.08,60.76,1.22,271,0.083,MODERATE
2026-09-18 10:03:00,M005,POOR_AIRFLOW,27.2,59.78,1.11,279,0.079,MODERATE
2026-09-18 10:04:00,M005,POOR_AIRFLOW,27.26,60.09,1.11,271,0.09,MODERATE
2026-09-18 10:05:00,M005,POOR_AIRFLOW,27.38,59.93,1.08,286,0.087,MODERATE
2026-09-18 10:06:00,M005,POOR_AIRFLOW,27.1,59.53,1.14,270,0.094,MODERATE
2026-09-18 10:07:00,M005,POOR_AIRFLOW,27.47,59.05,1.37,282,0.087,MODERATE
2026-09-18 10:08:00,M005,POOR_AIRFLOW,27.39,60.39,1.35,256,0.095,MODERATE
2026-09-18 10:09:00,M005,POOR_AIRFLOW,27.18,61.57,1.21,279,0.095,MODERATE
2026-09-18 10:10:00,M005,POOR_AIRFLOW,27.32,60.06,1.52,267,0.097,MODERATE
2026-09-18 10:11:00,M005,POOR_AIRFLOW,27.02,60.66,1.41,276,0.096,MODERATE
2026-09-18 10:12:00,M005,POOR_AIRFLOW,27.51,60.56,1.41,289,0.096,MODERATE
2026-09-18 10:13:00,M005,POOR_AIRFLOW,27.56,60.97,1.4,271,0.103,MODERATE
2026-09-18 10:14:00,M005,POOR_AIRFLOW,27.68,61.68,1.26,324,0.099,MODERATE
2026-09-18 10:15:00,M005,POOR_AIRFLOW,27.56,61.18,1.51,276,0.101,MODERATE
2026-09-18 10:16:00,M005,POOR_AIRFLOW,27.42,61.07,1.54,311,0.101,MODERATE
2026-09-18 10:17:00,M005,POOR_AIRFLOW,27.57,61.31,1.43,282,0.101,MODERATE
2026-09-18 10:18:00,M005,POOR_AIRFLOW,27.68,61.95,1.31,273,0.099,MODERATE
2026-09-18 10:19:00,M005,POOR_AIRFLOW,27.62,61.66,1.25,311,0.102,MODERATE
2026-09-18 10:20:00,M005,POOR_AIRFLOW,27.67,62.23,1.43,309,0.104,MODERATE
2026-09-18 10:21:00,M005,POOR_AIRFLOW,27.86,61.2,1.49,311,0.103,MODERATE
2026-09-18 10:22:00,M005,POOR_AIRFLOW,27.73,61.92,1.39,311,0.101,MODERATE
2026-09-18 10:23:00,M005,POOR_AIRFLOW,27.54,62.06,1.51,303,0.111,MODERATE
2026-09-18 10:24:00,M005,POOR_AIRFLOW,27.98,62.78,1.44,313,0.113,MODERATE
2026-09-18 10:25:00,M005,POOR_AIRFLOW,27.57,62.26,1.39,318,0.105,MODERATE
2026-09-18 10:26:00,M005,POOR_AIRFLOW,27.91,62.51,1.47,314,0.111,MODERATE
2026-09-18 10:27:00,M005,POOR_AIRFLOW,27.86,64.5,1.57,305,0.11,MODERATE
2026-09-18 10:28:00,M005,POOR_AIRFLOW,27.63,61.52,1.51,319,0.104,MODERATE
2026-09-18 10:29:00,M005,POOR_AIRFLOW,28.16,63.58,1.65,347,0.115,MODERATE
2026-09-18 10:30:00,M005,POOR_AIRFLOW,28.07,63.23,1.6,327,0.11,MODERATE
2026-09-18 10:31:00,M005,POOR_AIRFLOW,28.19,63.07,1.51,342,0.11,MODERATE
2026-09-18 10:32:00,M005,POOR_AIRFLOW,28.04,62.99,1.53,318,0.113,MODERATE
2026-09-18 10:33:00,M005,POOR_AIRFLOW,28.04,65.54,1.62,333,0.127,MODERATE
2026-09-18 10:34:00,M005,POOR_AIRFLOW,28.16,64.25,1.65,334,0.111,MODERATE
2026-09-18 10:35:00,M005,POOR_AIRFLOW,27.95,63.04,1.43,337,0.113,MODERATE
2026-09-18 10:36:00,M005,POOR_AIRFLOW,28.04,63.09,1.54,343,0.117,MODERATE
2026-09-18 10:37:00,M005,POOR_AIRFLOW,28.12,63.93,1.63,301,0.124,MODERATE
2026-09-18 10:38:00,M005,POOR_AIRFLOW,28.09,63.38,1.57,322,0.117,MODERATE
2026-09-18 10:39:00,M005,POOR_AIRFLOW,27.94,63.78,1.64,329,0.121,MODERATE
2026-09-18 10:40:00,M005,POOR_AIRFLOW,28.01,65.16,1.5,325,0.119,MODERATE
2026-09-18 10:41:00,M005,POOR_AIRFLOW,28.11,63.23,1.59,334,0.125,MODERATE
2026-09-18 10:42:00,M005,POOR_AIRFLOW,28.09,63.1,1.53,353,0.108,MODERATE
2026-09-18 10:43:00,M005,POOR_AIRFLOW,28.2,63.07,1.46,340,0.124,MODERATE
2026-09-18 10:44:00,M005,POOR_AIRFLOW,27.93,63.83,1.67,357,0.117,MODERATE
2026-09-18 10:45:00,M005,POOR_AIRFLOW,28.32,64.29,1.52,348,0.122,MODERATE
2026-09-18 10:46:00,M005,POOR_AIRFLOW,28.31,64.06,1.52,370,0.116,MODERATE
2026-09-18 10:47:00,M005,POOR_AIRFLOW,28.44,63.94,1.67,350,0.106,MODERATE
2026-09-18 10:48:00,M005,POOR_AIRFLOW,27.96,64.23,1.55,350,0.116,MODERATE
2026-09-18 10:49:00,M005,POOR_AIRFLOW,28.46,63.95,1.69,358,0.111,MODERATE
2026-09-18 10:50:00,M005,POOR_AIRFLOW,28.37,65.59,1.68,303,0.123,MODERATE
2026-09-18 10:51:00,M005,POOR_AIRFLOW,28.12,64.17,1.48,332,0.124,MODERATE
2026-09-18 10:52:00,M005,POOR_AIRFLOW,28.12,63.32,1.49,359,0.123,MODERATE
2026-09-18 10:53:00,M005,POOR_AIRFLOW,28.06,65.31,1.52,350,0.121,MODERATE
2026-09-18 10:54:00,M005,POOR_AIRFLOW,28.43,63.76,1.45,369,0.119,MODERATE
2026-09-18 10:55:00,M005,POOR_AIRFLOW,28.26,63.98,1.65,321,0.12,MODERATE
2026-09-18 10:56:00,M005,POOR_AIRFLOW,28.56,63.68,1.64,323,0.119,MODERATE
2026-09-18 10:57:00,M005,POOR_AIRFLOW,28.32,64.94,1.61,325,0.116,MODERATE
2026-09-18 10:58:00,M005,POOR_AIRFLOW,27.98,64.84,1.82,348,0.113,MODERATE
2026-09-18 10:59:00,M005,POOR_AIRFLOW,28.31,64.13,1.75,328,0.112,MODERATE
2026-09-18 11:00:00,M005,POOR_AIRFLOW,28.19,63.13,1.64,337,0.127,MODERATE
2026-09-18 11:01:00,M005,POOR_AIRFLOW,28.36,63.92,1.52,371,0.124,MODERATE
2026-09-18 11:02:00,M005,POOR_AIRFLOW,28.07,64.24,1.6,343,0.127,MODERATE
2026-09-18 11:03:00,M005,POOR_AIRFLOW,28.21,63.56,1.64,332,0.118,MODERATE
2026-09-18 11:04:00,M005,POOR_AIRFLOW,28.17,64.16,1.73,353,0.111,MODERATE
2026-09-18 11:05:00,M005,POOR_AIRFLOW,28.23,63.1,1.56,332,0.116,MODERATE
2026-09-18 11:06:00,M005,POOR_AIRFLOW,28.12,63.19,1.83,371,0.122,MODERATE
2026-09-18 11:07:00,M005,POOR_AIRFLOW,28.11,64.48,1.78,343,0.11,MODERATE
2026-09-18 11:08:00,M005,POOR_AIRFLOW,28.21,64.97,1.7,314,0.123,MODERATE
2026-09-18 11:09:00,M005,POOR_AIRFLOW,28.09,63.1,1.7,328,0.12,MODERATE
2026-09-18 11:10:00,M005,POOR_AIRFLOW,28.18,63.67,1.64,342,0.125,MODERATE
2026-09-18 11:11:00,M005,POOR_AIRFLOW,27.94,62.52,1.46,352,0.115,MODERATE
2026-09-18 11:12:00,M005,POOR_AIRFLOW,27.89,63.38,1.4,288,0.12,MODERATE
2026-09-18 11:13:00,M005,POOR_AIRFLOW,28.19,63.48,1.47,328,0.12,MODERATE
2026-09-18 11:14:00,M005,POOR_AIRFLOW,27.9,63.07,1.51,316,0.116,MODERATE
2026-09-18 11:15:00,M005,POOR_AIRFLOW,27.93,63.06,1.68,371,0.115,MODERATE
2026-09-18 11:16:00,M005,POOR_AIRFLOW,28.1,63.86,1.55,325,0.105,MODERATE
2026-09-18 11:17:00,M005,POOR_AIRFLOW,28.11,62.83,1.5,303,0.107,MODERATE
2026-09-18 11:18:00,M005,POOR_AIRFLOW,28.05,63.51,1.51,339,0.103,MODERATE
2026-09-18 11:19:00,M005,POOR_AIRFLOW,27.96,63.69,1.38,332,0.118,MODERATE
2026-09-18 11:20:00,M005,POOR_AIRFLOW,27.83,62.99,1.64,329,0.111,MODERATE
2026-09-18 11:21:00,M005,POOR_AIRFLOW,27.76,62.71,1.23,335,0.104,MODERATE
2026-09-18 11:22:00,M005,POOR_AIRFLOW,27.87,63.13,1.48,341,0.109,MODERATE
2026-09-18 11:23:00,M005,POOR_AIRFLOW,27.85,62.52,1.63,297,0.104,MODERATE
2026-09-18 11:24:00,M005,POOR_AIRFLOW,27.81,62.4,1.38,350,0.114,MODERATE
2026-09-18 11:25:00,M005,POOR_AIRFLOW,28.08,63.05,1.56,339,0.099,MODERATE
2026-09-18 11:26:00,M005,POOR_AIRFLOW,27.9,62.06,1.41,312,0.117,MODERATE
2026-09-18 11:27:00,M005,POOR_AIRFLOW,27.66,61.84,1.38,337,0.116,MODERATE
2026-09-18 11:28:00,M005,POOR_AIRFLOW,27.71,61.6,1.61,285,0.103,MODERATE
2026-09-18 11:29:00,M005,POOR_AIRFLOW,27.79,62.16,1.43,304,0.105,MODERATE
2026-09-18 11:30:00,M005,POOR_AIRFLOW,27.81,62.2,1.44,304,0.109,MODERATE
2026-09-18 11:31:00,M005,POOR_AIRFLOW,27.3,63.07,1.52,298,0.103,MODERATE
2026-09-18 11:32:00,M005,POOR_AIRFLOW,27.6,61.31,1.35,294,0.097,MODERATE
2026-09-18 11:33:00,M005,POOR_AIRFLOW,27.56,62.23,1.48,286,0.098,MODERATE
2026-09-18 11:34:00,M005,POOR_AIRFLOW,27.54,61.25,1.49,324,0.099,MODERATE
2026-09-18 11:35:00,M005,POOR_AIRFLOW,27.48,62.07,1.3,297,0.096,MODERATE
2026-09-18 11:36:00,M005,POOR_AIRFLOW,27.53,61.28,1.1,285,0.097,MODERATE
2026-09-18 11:37:00,M005,POOR_AIRFLOW,27.51,59.82,1.31,293,0.089,MODERATE
2026-09-18 11:38:00,M005,POOR_AIRFLOW,27.58,60.63,1.15,287,0.094,MODERATE
2026-09-18 11:39:00,M005,POOR_AIRFLOW,27.53,60.22,1.21,287,0.093,MODERATE
2026-09-18 11:40:00,M005,POOR_AIRFLOW,27.49,60.07,1.21,278,0.097,MODERATE
2026-09-18 11:41:00,M005,POOR_AIRFLOW,27.29,59.82,1.19,281,0.096,MODERATE
2026-09-18 11:42:00,M005,POOR_AIRFLOW,27.07,61.39,1.29,284,0.096,MODERATE
2026-09-18 11:43:00,M005,POOR_AIRFLOW,27.18,60.96,1.25,254,0.095,MODERATE
2026-09-18 11:44:00,M005,POOR_AIRFLOW,27.07,60.36,1.19,289,0.093,MODERATE
2026-09-18 11:45:00,M005,POOR_AIRFLOW,27.29,59.78,1.05,269,0.092,MODERATE
2026-09-18 11:46:00,M005,POOR_AIRFLOW,27.23,60.11,0.96,272,0.094,MODERATE
2026-09-18 11:47:00,M005,POOR_AIRFLOW,27.02,58.34,1.1,263,0.094,MODERATE
2026-09-18 11:48:00,M005,POOR_AIRFLOW,27.2,58.87,1.03,252,0.094,MODERATE
2026-09-18 11:49:00,M005,POOR_AIRFLOW,27.0,59.3,1.11,302,0.096,MODERATE
2026-09-18 11:50:00,M005,POOR_AIRFLOW,26.95,58.34,0.85,271,0.088,MODERATE
2026-09-18 11:51:00,M005,POOR_AIRFLOW,26.9,58.25,1.18,282,0.077,MODERATE
2026-09-18 11:52:00,M005,POOR_AIRFLOW,27.02,59.6,1.12,260,0.075,MODERATE
2026-09-18 11:53:00,M005,POOR_AIRFLOW,27.04,58.06,1.13,250,0.093,MODERATE
2026-09-18 11:54:00,M005,POOR_AIRFLOW,26.62,58.51,1.22,266,0.079,MODERATE
2026-09-18 11:55:00,M005,POOR_AIRFLOW,26.72,58.24,1.01,256,0.074,MODERATE
2026-09-18 11:56:00,M005,POOR_AIRFLOW,26.95,57.84,1.02,250,0.077,MODERATE
2026-09-18 11:57:00,M005,POOR_AIRFLOW,26.59,58.42,0.78,267,0.078,MODERATE
2026-09-18 11:58:00,M005,POOR_AIRFLOW,26.78,57.06,0.84,226,0.087,MODERATE
2026-09-18 11:59:00,M005,POOR_AIRFLOW,26.67,57.91,0.99,250,0.081,MODERATE
2026-09-18 12:00:00,M005,POOR_AIRFLOW,26.75,58.19,1.02,246,0.076,MODERATE
2026-09-18 12:01:00,M005,POOR_AIRFLOW,26.53,57.42,1.07,243,0.081,MODERATE
2026-09-18 12:02:00,M005,POOR_AIRFLOW,26.55,58.02,0.7,237,0.069,MODERATE
2026-09-18 12:03:00,M005,POOR_AIRFLOW,26.53,56.25,0.81,242,0.074,MODERATE
2026-09-18 12:04:00,M005,POOR_AIRFLOW,26.78,57.16,0.87,250,0.076,MODERATE
2026-09-18 12:05:00,M005,POOR_AIRFLOW,26.6,56.95,0.71,239,0.069,MODERATE
2026-09-18 12:06:00,M005,POOR_AIRFLOW,26.77,56.85,0.87,212,0.083,MODERATE
2026-09-18 12:07:00,M005,POOR_AIRFLOW,26.35,56.84,0.82,206,0.064,MODERATE
2026-09-18 12:08:00,M005,POOR_AIRFLOW,26.42,56.27,0.91,212,0.06,MODERATE
2026-09-18 12:09:00,M005,POOR_AIRFLOW,26.09,55.65,0.91,239,0.067,MODERATE
2026-09-18 12:10:00,M005,POOR_AIRFLOW,26.23,56.17,0.9,229,0.068,MODERATE
2026-09-18 12:11:00,M005,POOR_AIRFLOW,26.29,55.61,0.94,235,0.062,MODERATE
2026-09-18 12:12:00,M005,POOR_AIRFLOW,26.22,56.33,0.61,188,0.072,MODERATE
2026-09-18 12:13:00,M005,POOR_AIRFLOW,26.45,55.7,0.72,201,0.061,MODERATE
2026-09-18 12:14:00,M005,POOR_AIRFLOW,25.96,55.11,0.7,240,0.065,MODERATE
2026-09-18 12:15:00,M005,POOR_AIRFLOW,26.24,56.18,0.81,183,0.061,MODERATE
2026-09-18 12:16:00,M005,POOR_AIRFLOW,26.29,55.39,0.56,242,0.054,MODERATE
2026-09-18 12:17:00,M005,POOR_AIRFLOW,26.07,57.54,0.78,179,0.063,MODERATE
2026-09-18 12:18:00,M005,POOR_AIRFLOW,26.2,55.37,0.74,224,0.06,MODERATE
2026-09-18 12:19:00,M005,POOR_AIRFLOW,25.86,54.99,0.94,199,0.069,MODERATE
2026-09-18 12:20:00,M005,POOR_AIRFLOW,26.07,54.83,0.74,177,0.072,MODERATE
2026-09-18 12:21:00,M005,POOR_AIRFLOW,25.97,55.0,0.54,185,0.068,MODERATE
2026-09-18 12:22:00,M005,POOR_AIRFLOW,25.92,54.54,0.51,181,0.063,MODERATE
2026-09-18 12:23:00,M005,POOR_AIRFLOW,25.84,53.68,0.73,186,0.053,MODERATE
2026-09-18 12:24:00,M005,POOR_AIRFLOW,26.13,55.33,0.63,190,0.059,MODERATE
2026-09-18 12:25:00,M005,POOR_AIRFLOW,26.01,54.05,0.75,192,0.066,MODERATE
2026-09-18 12:26:00,M005,POOR_AIRFLOW,25.73,55.46,0.72,195,0.054,MODERATE
2026-09-18 12:27:00,M005,POOR_AIRFLOW,25.98,54.46,0.79,207,0.059,MODERATE
2026-09-18 12:28:00,M005,POOR_AIRFLOW,25.85,54.08,0.62,189,0.055,MODERATE
2026-09-18 12:29:00,M005,POOR_AIRFLOW,26.1,53.34,0.7,164,0.047,MODERATE
2026-09-18 12:30:00,M005,POOR_AIRFLOW,25.87,54.66,0.63,164,0.059,MODERATE
2026-09-18 12:31:00,M005,POOR_AIRFLOW,25.82,54.08,0.59,180,0.058,MODERATE
2026-09-18 12:32:00,M005,POOR_AIRFLOW,25.87,52.41,0.64,194,0.056,MODERATE
2026-09-18 12:33:00,M005,POOR_AIRFLOW,25.87,54.89,0.67,171,0.062,MODERATE
2026-09-18 12:34:00,M005,POOR_AIRFLOW,25.65,55.29,0.54,185,0.049,MODERATE
2026-09-18 12:35:00,M005,POOR_AIRFLOW,25.82,53.45,0.85,194,0.051,MODERATE
2026-09-18 12:36:00,M005,POOR_AIRFLOW,25.94,52.97,0.53,186,0.056,MODERATE
2026-09-18 12:37:00,M005,POOR_AIRFLOW,25.98,53.82,0.76,180,0.056,MODERATE
2026-09-18 12:38:00,M005,POOR_AIRFLOW,25.89,52.66,0.55,188,0.053,MODERATE
2026-09-18 12:39:00,M005,POOR_AIRFLOW,25.88,52.64,0.38,188,0.057,MODERATE
2026-09-18 12:40:00,M005,POOR_AIRFLOW,25.84,53.69,0.63,157,0.043,MODERATE
2026-09-18 12:41:00,M005,POOR_AIRFLOW,26.02,53.27,0.43,169,0.053,MODERATE
2026-09-18 12:42:00,M005,POOR_AIRFLOW,25.78,54.02,0.6,183,0.05,MODERATE
2026-09-18 12:43:00,M005,POOR_AIRFLOW,25.96,52.42,0.51,189,0.049,MODERATE
2026-09-18 12:44:00,M005,POOR_AIRFLOW,25.81,54.05,0.44,189,0.035,MODERATE
2026-09-18 12:45:00,M005,POOR_AIRFLOW,25.88,54.11,0.56,187,0.056,MODERATE
2026-09-18 12:46:00,M005,POOR_AIRFLOW,25.91,53.71,0.64,157,0.047,MODERATE
2026-09-18 12:47:00,M005,POOR_AIRFLOW,25.8,53.86,0.36,186,0.052,MODERATE
2026-09-18 12:48:00,M005,POOR_AIRFLOW,25.6,54.15,0.7,183,0.05,MODERATE
2026-09-18 12:49:00,M005,POOR_AIRFLOW,25.72,53.03,0.48,154,0.053,MODERATE
2026-09-18 12:50:00,M005,POOR_AIRFLOW,26.04,53.67,0.62,197,0.051,MODERATE
2026-09-18 12:51:00,M005,POOR_AIRFLOW,25.88,54.52,0.73,158,0.059,MODERATE
2026-09-18 12:52:00,M005,POOR_AIRFLOW,25.79,54.54,0.47,176,0.057,MODERATE
2026-09-18 12:53:00,M005,POOR_AIRFLOW,25.81,53.61,0.43,152,0.045,MODERATE
2026-09-18 12:54:00,M005,POOR_AIRFLOW,25.86,54.37,0.61,152,0.056,MODERATE
2026-09-18 12:55:00,M005,POOR_AIRFLOW,25.84,54.01,0.86,169,0.048,MODERATE
2026-09-18 12:56:00,M005,POOR_AIRFLOW,26.03,53.43,0.67,187,0.051,MODERATE
2026-09-18 12:57:00,M005,POOR_AIRFLOW,26.13,54.34,0.49,183,0.051,MODERATE
2026-09-18 12:58:00,M005,POOR_AIRFLOW,25.81,55.14,0.65,204,0.065,MODERATE
2026-09-18 12:59:00,M005,POOR_AIRFLOW,25.71,53.1,0.35,167,0.057,MODERATE
2026-09-18 13:00:00,M005,POOR_AIRFLOW,25.86,54.21,0.66,201,0.06,MODERATE
2026-09-18 13:01:00,M005,POOR_AIRFLOW,25.83,55.06,0.75,189,0.057,MODERATE
2026-09-18 13:02:00,M005,POOR_AIRFLOW,25.9,53.64,0.52,181,0.064,MODERATE
2026-09-18 13:03:00,M005,POOR_AIRFLOW,26.07,54.67,0.65,195,0.058,MODERATE
2026-09-18 13:04:00,M005,POOR_AIRFLOW,25.78,54.52,0.66,187,0.053,MODERATE
2026-09-18 13:05:00,M005,POOR_AIRFLOW,25.86,53.89,0.69,197,0.06,MODERATE
2026-09-18 13:06:00,M005,POOR_AIRFLOW,25.82,54.64,0.62,188,0.064,MODERATE
2026-09-18 13:07:00,M005,POOR_AIRFLOW,26.26,54.07,0.66,175,0.058,MODERATE
2026-09-18 13:08:00,M005,POOR_AIRFLOW,26.11,54.59,0.66,203,0.059,MODERATE
2026-09-18 13:09:00,M005,POOR_AIRFLOW,26.11,56.02,0.72,181,0.061,MODERATE
2026-09-18 13:10:00,M005,POOR_AIRFLOW,26.27,54.44,0.47,188,0.063,MODERATE
2026-09-18 13:11:00,M005,POOR_AIRFLOW,26.22,54.89,0.64,198,0.066,MODERATE
2026-09-18 13:12:00,M005,POOR_AIRFLOW,26.04,54.44,0.61,216,0.066,MODERATE
2026-09-18 13:13:00,M005,POOR_AIRFLOW,26.3,56.38,0.69,222,0.067,MODERATE
2026-09-18 13:14:00,M005,POOR_AIRFLOW,26.27,56.42,0.62,215,0.067,MODERATE
2026-09-18 13:15:00,M005,POOR_AIRFLOW,26.12,55.71,0.88,213,0.064,MODERATE
2026-09-18 13:16:00,M005,POOR_AIRFLOW,26.2,57.05,0.84,179,0.067,MODERATE
2026-09-18 13:17:00,M005,POOR_AIRFLOW,26.42,55.53,0.88,232,0.057,MODERATE
2026-09-18 13:18:00,M005,POOR_AIRFLOW,26.41,55.36,0.83,193,0.071,MODERATE
2026-09-18 13:19:00,M005,POOR_AIRFLOW,26.32,54.94,1.03,230,0.063,MODERATE
2026-09-18 13:20:00,M005,POOR_AIRFLOW,26.48,55.19,0.74,241,0.056,MODERATE
2026-09-18 13:21:00,M005,POOR_AIRFLOW,26.1,56.2,0.94,212,0.074,MODERATE
2026-09-18 13:22:00,M005,POOR_AIRFLOW,26.57,57.52,0.69,207,0.07,MODERATE
2026-09-18 13:23:00,M005,POOR_AIRFLOW,26.42,56.19,0.88,239,0.07,MODERATE
2026-09-18 13:24:00,M005,POOR_AIRFLOW,26.62,57.33,0.8,242,0.069,MODERATE
2026-09-18 13:25:00,M005,POOR_AIRFLOW,26.58,56.89,0.85,218,0.073,MODERATE
2026-09-18 13:26:00,M005,POOR_AIRFLOW,26.38,57.18,0.75,229,0.073,MODERATE
2026-09-18 13:27:00,M005,POOR_AIRFLOW,26.71,57.85,0.92,232,0.069,MODERATE
2026-09-18 13:28:00,M005,POOR_AIRFLOW,26.84,56.22,1.05,242,0.071,MODERATE
2026-09-18 13:29:00,M005,POOR_AIRFLOW,26.94,56.51,0.74,246,0.084,MODERATE
2026-09-18 13:30:00,M005,POOR_AIRFLOW,26.62,58.33,0.75,227,0.084,MODERATE
2026-09-18 13:31:00,M005,POOR_AIRFLOW,26.61,57.66,0.95,277,0.069,MODERATE
2026-09-18 13:32:00,M005,POOR_AIRFLOW,26.71,57.02,1.06,230,0.081,MODERATE
2026-09-18 13:33:00,M005,POOR_AIRFLOW,26.67,57.52,0.9,251,0.086,MODERATE
2026-09-18 13:34:00,M005,POOR_AIRFLOW,26.73,58.06,0.86,254,0.095,MODERATE
2026-09-18 13:35:00,M005,POOR_AIRFLOW,26.69,58.6,1.09,223,0.084,MODERATE
2026-09-18 13:36:00,M005,POOR_AIRFLOW,26.9,58.63,0.89,240,0.078,MODERATE
2026-09-18 13:37:00,M005,POOR_AIRFLOW,27.14,58.0,1.12,253,0.082,MODERATE
2026-09-18 13:38:00,M005,POOR_AIRFLOW,27.01,59.69,0.97,227,0.085,MODERATE
2026-09-18 13:39:00,M005,POOR_AIRFLOW,26.69,58.83,1.09,267,0.086,MODERATE
2026-09-18 13:40:00,M005,POOR_AIRFLOW,27.03,58.64,1.19,232,0.092,MODERATE
2026-09-18 13:41:00,M005,POOR_AIRFLOW,26.88,58.35,1.11,261,0.092,MODERATE
2026-09-18 13:42:00,M005,POOR_AIRFLOW,27.07,61.21,1.06,262,0.087,MODERATE
2026-09-18 13:43:00,M005,POOR_AIRFLOW,26.94,58.6,1.19,297,0.089,MODERATE
2026-09-18 13:44:00,M005,POOR_AIRFLOW,27.37,61.37,1.06,266,0.088,MODERATE
2026-09-18 13:45:00,M005,POOR_AIRFLOW,26.95,59.58,1.08,287,0.084,MODERATE
2026-09-18 13:46:00,M005,POOR_AIRFLOW,27.21,61.57,1.37,253,0.09,MODERATE
2026-09-18 13:47:00,M005,POOR_AIRFLOW,27.23,61.71,1.19,272,0.1,MODERATE
2026-09-18 13:48:00,M005,POOR_AIRFLOW,27.59,60.73,1.32,298,0.093,MODERATE
2026-09-18 13:49:00,M005,POOR_AIRFLOW,27.24,59.95,1.21,305,0.096,MODERATE
2026-09-18 13:50:00,M005,POOR_AIRFLOW,27.35,60.54,1.33,294,0.09,MODERATE
2026-09-18 13:51:00,M005,POOR_AIRFLOW,27.49,60.91,1.14,277,0.087,MODERATE
2026-09-18 13:52:00,M005,POOR_AIRFLOW,27.72,61.4,1.31,309,0.088,MODERATE
2026-09-18 13:53:00,M005,POOR_AIRFLOW,27.43,60.97,1.27,291,0.099,MODERATE
2026-09-18 13:54:00,M005,POOR_AIRFLOW,27.45,61.7,1.42,300,0.102,MODERATE
2026-09-18 13:55:00,M005,POOR_AIRFLOW,27.42,60.76,1.14,304,0.106,MODERATE
2026-09-18 13:56:00,M005,POOR_AIRFLOW,27.69,61.94,1.36,312,0.097,MODERATE
2026-09-18 13:57:00,M005,POOR_AIRFLOW,27.74,61.89,1.5,338,0.102,MODERATE
2026-09-18 13:58:00,M005,POOR_AIRFLOW,27.46,61.63,1.36,310,0.105,MODERATE
2026-09-18 13:59:00,M005,POOR_AIRFLOW,27.48,61.8,1.43,308,0.102,MODERATE
2026-09-18 14:00:00,M005,POOR_AIRFLOW,27.87,61.13,1.33,292,0.096,MODERATE
2026-09-18 14:01:00,M005,POOR_AIRFLOW,27.53,61.79,1.35,303,0.098,MODERATE
2026-09-18 14:02:00,M005,POOR_AIRFLOW,27.86,62.75,1.19,340,0.099,MODERATE
2026-09-18 14:03:00,M005,POOR_AIRFLOW,27.72,63.14,1.5,319,0.101,MODERATE
2026-09-18 14:04:00,M005,POOR_AIRFLOW,27.61,63.37,1.29,310,0.107,MODERATE
2026-09-18 14:05:00,M005,POOR_AIRFLOW,27.84,63.35,1.33,325,0.103,MODERATE
2026-09-18 14:06:00,M005,POOR_AIRFLOW,27.93,62.62,1.51,332,0.1,MODERATE
2026-09-18 14:07:00,M005,POOR_AIRFLOW,27.79,62.11,1.53,329,0.112,MODERATE
2026-09-18 14:08:00,M005,POOR_AIRFLOW,27.79,63.3,1.49,345,0.11,MODERATE
2026-09-18 14:09:00,M005,POOR_AIRFLOW,27.7,62.86,1.61,318,0.107,MODERATE
2026-09-18 14:10:00,M005,POOR_AIRFLOW,28.12,62.48,1.49,328,0.107,MODERATE
2026-09-18 14:11:00,M005,POOR_AIRFLOW,27.75,63.12,1.63,304,0.108,MODERATE
2026-09-18 14:12:00,M005,POOR_AIRFLOW,28.03,64.58,1.53,325,0.113,MODERATE
2026-09-18 14:13:00,M005,POOR_AIRFLOW,27.83,64.13,1.71,341,0.12,MODERATE
2026-09-18 14:14:00,M005,POOR_AIRFLOW,27.81,63.87,1.5,319,0.117,MODERATE
2026-09-18 14:15:00,M005,POOR_AIRFLOW,28.08,63.55,1.52,316,0.123,MODERATE
2026-09-18 14:16:00,M005,POOR_AIRFLOW,27.94,64.09,1.63,340,0.115,MODERATE
2026-09-18 14:17:00,M005,POOR_AIRFLOW,27.88,64.31,1.8,312,0.112,MODERATE
2026-09-18 14:18:00,M005,POOR_AIRFLOW,27.74,64.06,1.66,315,0.115,MODERATE
2026-09-18 14:19:00,M005,POOR_AIRFLOW,27.97,64.78,1.43,364,0.112,MODERATE
2026-09-18 14:20:00,M005,POOR_AIRFLOW,27.74,64.24,1.64,334,0.12,MODERATE
2026-09-18 14:21:00,M005,POOR_AIRFLOW,27.98,64.23,1.64,335,0.108,MODERATE
2026-09-18 14:22:00,M005,POOR_AIRFLOW,28.22,63.82,1.61,333,0.114,MODERATE
2026-09-18 14:23:00,M005,POOR_AIRFLOW,28.16,65.31,1.7,336,0.112,MODERATE
2026-09-18 14:24:00,M005,POOR_AIRFLOW,28.23,65.16,1.39,343,0.121,MODERATE
2026-09-18 14:25:00,M005,POOR_AIRFLOW,28.12,63.43,1.44,334,0.111,MODERATE
2026-09-18 14:26:00,M005,POOR_AIRFLOW,27.9,64.46,1.72,316,0.128,MODERATE
2026-09-18 14:27:00,M005,POOR_AIRFLOW,27.96,63.85,1.5,326,0.118,MODERATE
2026-09-18 14:28:00,M005,POOR_AIRFLOW,28.14,63.56,1.65,326,0.113,MODERATE
2026-09-18 14:29:00,M005,POOR_AIRFLOW,28.22,63.43,1.52,319,0.125,MODERATE
2026-09-18 14:30:00,M005,POOR_AIRFLOW,28.28,65.53,1.78,346,0.116,MODERATE
2026-09-18 14:31:00,M005,POOR_AIRFLOW,28.26,64.63,1.56,360,0.124,MODERATE
2026-09-18 14:32:00,M005,POOR_AIRFLOW,28.13,63.76,1.67,321,0.121,MODERATE
2026-09-18 14:33:00,M005,POOR_AIRFLOW,28.17,64.89,1.52,345,0.114,MODERATE
2026-09-18 14:34:00,M005,POOR_AIRFLOW,28.18,64.32,1.8,347,0.114,MODERATE
2026-09-18 14:35:00,M005,POOR_AIRFLOW,28.22,64.74,1.66,320,0.118,MODERATE
2026-09-18 14:36:00,M005,POOR_AIRFLOW,28.46,65.43,1.55,368,0.12,MODERATE
2026-09-18 14:37:00,M005,POOR_AIRFLOW,28.23,63.98,1.41,340,0.119,MODERATE
2026-09-18 14:38:00,M005,POOR_AIRFLOW,28.35,64.52,1.48,334,0.113,MODERATE
2026-09-18 14:39:00,M005,POOR_AIRFLOW,27.92,65.18,1.56,368,0.108,MODERATE
2026-09-18 14:40:00,M005,POOR_AIRFLOW,28.23,64.94,1.46,342,0.11,MODERATE
2026-09-18 14:41:00,M005,POOR_AIRFLOW,28.44,64.04,1.6,325,0.115,MODERATE
2026-09-18 14:42:00,M005,POOR_AIRFLOW,28.28,64.58,1.64,378,0.112,MODERATE
2026-09-18 14:43:00,M005,POOR_AIRFLOW,28.16,63.31,1.47,336,0.113,MODERATE
2026-09-18 14:44:00,M005,POOR_AIRFLOW,28.34,65.43,1.92,371,0.114,MODERATE
2026-09-18 14:45:00,M005,POOR_AIRFLOW,28.15,63.75,1.52,353,0.122,MODERATE
2026-09-18 14:46:00,M005,POOR_AIRFLOW,28.06,64.95,1.59,375,0.13,MODERATE
2026-09-18 14:47:00,M005,POOR_AIRFLOW,27.85,63.69,1.61,370,0.116,MODERATE
2026-09-18 14:48:00,M005,POOR_AIRFLOW,28.02,62.93,1.59,335,0.114,MODERATE
2026-09-18 14:49:00,M005,POOR_AIRFLOW,28.13,63.56,1.76,341,0.111,MODERATE
2026-09-18 14:50:00,M005,POOR_AIRFLOW,27.91,63.4,1.55,346,0.122,MODERATE
2026-09-18 14:51:00,M005,POOR_AIRFLOW,28.33,62.98,1.67,331,0.103,MODERATE
2026-09-18 14:52:00,M005,POOR_AIRFLOW,28.02,63.3,1.6,370,0.121,MODERATE
2026-09-18 14:53:00,M005,POOR_AIRFLOW,27.75,62.84,1.68,338,0.11,MODERATE
2026-09-18 14:54:00,M005,POOR_AIRFLOW,28.37,63.73,1.59,333,0.123,MODERATE
2026-09-18 14:55:00,M005,POOR_AIRFLOW,28.1,63.29,1.53,323,0.114,MODERATE
2026-09-18 14:56:00,M005,POOR_AIRFLOW,28.36,63.47,1.62,312,0.119,MODERATE
2026-09-18 14:57:00,M005,POOR_AIRFLOW,28.02,63.86,1.53,323,0.107,MODERATE
2026-09-18 14:58:00,M005,POOR_AIRFLOW,27.78,64.53,1.47,320,0.108,MODERATE
2026-09-18 14:59:00,M005,POOR_AIRFLOW,27.72,63.35,1.76,318,0.103,MODERATE
2026-09-18 15:00:00,M005,POOR_AIRFLOW,27.84,63.2,1.52,306,0.102,MODERATE
2026-09-18 15:01:00,M005,POOR_AIRFLOW,27.83,61.64,1.48,327,0.111,MODERATE
2026-09-18 15:02:00,M005,POOR_AIRFLOW,27.73,62.19,1.3,359,0.109,MODERATE
2026-09-18 15:03:00,M005,POOR_AIRFLOW,27.69,61.65,1.52,317,0.114,MODERATE
2026-09-18 15:04:00,M005,POOR_AIRFLOW,27.95,62.63,1.45,310,0.116,MODERATE
2026-09-18 15:05:00,M005,POOR_AIRFLOW,27.28,63.15,1.47,303,0.105,MODERATE
2026-09-18 15:06:00,M005,POOR_AIRFLOW,27.77,61.85,1.51,299,0.112,MODERATE
2026-09-18 15:07:00,M005,POOR_AIRFLOW,27.63,61.82,1.37,324,0.11,MODERATE
2026-09-18 15:08:00,M005,POOR_AIRFLOW,27.96,62.04,1.49,322,0.106,MODERATE
2026-09-18 15:09:00,M005,POOR_AIRFLOW,28.25,61.94,1.3,333,0.105,MODERATE
2026-09-18 15:10:00,M005,POOR_AIRFLOW,27.49,62.34,1.17,309,0.096,MODERATE
2026-09-18 15:11:00,M005,POOR_AIRFLOW,27.6,62.0,1.33,273,0.1,MODERATE
2026-09-18 15:12:00,M005,POOR_AIRFLOW,27.66,63.23,1.24,309,0.098,MODERATE
2026-09-18 15:13:00,M005,POOR_AIRFLOW,27.42,62.37,1.43,320,0.094,MODERATE
2026-09-18 15:14:00,M005,POOR_AIRFLOW,27.71,62.73,1.36,305,0.094,MODERATE
2026-09-18 15:15:00,M005,POOR_AIRFLOW,27.57,60.1,1.3,320,0.099,MODERATE
2026-09-18 15:16:00,M005,POOR_AIRFLOW,27.54,62.03,1.4,301,0.099,MODERATE
2026-09-18 15:17:00,M005,POOR_AIRFLOW,27.34,59.94,1.24,278,0.089,MODERATE
2026-09-18 15:18:00,M005,POOR_AIRFLOW,27.4,60.76,1.24,309,0.098,MODERATE
2026-09-18 15:19:00,M005,POOR_AIRFLOW,27.17,61.12,1.32,271,0.091,MODERATE
2026-09-18 15:20:00,M005,POOR_AIRFLOW,27.41,61.0,1.15,271,0.092,MODERATE
2026-09-18 15:21:00,M005,POOR_AIRFLOW,27.49,60.68,1.36,301,0.091,MODERATE
2026-09-18 15:22:00,M005,POOR_AIRFLOW,27.11,61.67,1.44,259,0.09,MODERATE
2026-09-18 15:23:00,M005,POOR_AIRFLOW,27.49,61.38,1.37,261,0.095,MODERATE
2026-09-18 15:24:00,M005,POOR_AIRFLOW,27.01,59.41,1.24,271,0.101,MODERATE
2026-09-18 15:25:00,M005,POOR_AIRFLOW,27.08,60.17,1.1,289,0.093,MODERATE
2026-09-18 15:26:00,M005,POOR_AIRFLOW,27.2,59.74,1.29,266,0.099,MODERATE
2026-09-18 15:27:00,M005,POOR_AIRFLOW,27.17,59.28,1.17,264,0.084,MODERATE
2026-09-18 15:28:00,M005,POOR_AIRFLOW,27.03,60.38,1.24,301,0.076,MODERATE
2026-09-18 15:29:00,M005,POOR_AIRFLOW,26.9,58.64,1.21,273,0.087,MODERATE
2026-09-18 15:30:00,M005,POOR_AIRFLOW,27.08,58.99,1.11,267,0.084,MODERATE
2026-09-18 15:31:00,M005,POOR_AIRFLOW,26.86,58.62,1.05,225,0.083,MODERATE
2026-09-18 15:32:00,M005,POOR_AIRFLOW,27.05,58.77,0.81,235,0.076,MODERATE
2026-09-18 15:33:00,M005,POOR_AIRFLOW,27.02,57.17,1.34,269,0.091,MODERATE
2026-09-18 15:34:00,M005,POOR_AIRFLOW,26.76,58.61,1.14,264,0.072,MODERATE
2026-09-18 15:35:00,M005,POOR_AIRFLOW,27.04,59.95,1.04,245,0.079,MODERATE
2026-09-18 15:36:00,M005,POOR_AIRFLOW,26.87,58.46,1.05,260,0.078,MODERATE
2026-09-18 15:37:00,M005,POOR_AIRFLOW,26.67,57.6,0.85,230,0.083,MODERATE
2026-09-18 15:38:00,M005,POOR_AIRFLOW,26.78,56.74,1.14,239,0.072,MODERATE
2026-09-18 15:39:00,M005,POOR_AIRFLOW,26.98,57.1,0.78,239,0.072,MODERATE
2026-09-18 15:40:00,M005,POOR_AIRFLOW,27.04,56.82,0.87,248,0.077,MODERATE
2026-09-18 15:41:00,M005,POOR_AIRFLOW,26.43,57.96,0.96,258,0.069,MODERATE
2026-09-18 15:42:00,M005,POOR_AIRFLOW,26.5,57.61,0.98,227,0.073,MODERATE
2026-09-18 15:43:00,M005,POOR_AIRFLOW,26.61,56.44,0.98,209,0.071,MODERATE
2026-09-18 15:44:00,M005,POOR_AIRFLOW,26.59,56.25,0.94,219,0.072,MODERATE
2026-09-18 15:45:00,M005,POOR_AIRFLOW,26.37,56.91,0.96,224,0.067,MODERATE
2026-09-18 15:46:00,M005,POOR_AIRFLOW,26.6,56.33,0.75,217,0.073,MODERATE
2026-09-18 15:47:00,M005,POOR_AIRFLOW,26.57,55.67,0.85,209,0.072,MODERATE
2026-09-18 15:48:00,M005,POOR_AIRFLOW,26.36,56.69,0.96,194,0.062,MODERATE
2026-09-18 15:49:00,M005,POOR_AIRFLOW,26.4,57.03,0.82,206,0.065,MODERATE
2026-09-18 15:50:00,M005,POOR_AIRFLOW,26.38,55.01,0.82,191,0.069,MODERATE
2026-09-18 15:51:00,M005,POOR_AIRFLOW,26.61,55.91,0.87,230,0.065,MODERATE
2026-09-18 15:52:00,M005,POOR_AIRFLOW,26.17,55.41,0.68,207,0.066,MODERATE
2026-09-18 15:53:00,M005,POOR_AIRFLOW,25.98,55.56,0.8,212,0.065,MODERATE
2026-09-18 15:54:00,M005,POOR_AIRFLOW,26.29,56.05,0.58,212,0.07,MODERATE
2026-09-18 15:55:00,M005,POOR_AIRFLOW,26.22,55.12,0.98,206,0.054,MODERATE
2026-09-18 15:56:00,M005,POOR_AIRFLOW,25.95,54.86,0.5,215,0.059,MODERATE
2026-09-18 15:57:00,M005,POOR_AIRFLOW,26.16,55.82,0.7,176,0.052,MODERATE
2026-09-18 15:58:00,M005,POOR_AIRFLOW,25.92,53.44,0.85,200,0.067,MODERATE
2026-09-18 15:59:00,M005,POOR_AIRFLOW,26.14,53.84,0.99,201,0.061,MODERATE
2026-09-18 16:00:00,M005,POOR_AIRFLOW,26.25,55.71,1.03,198,0.063,MODERATE
2026-09-18 16:01:00,M005,POOR_AIRFLOW,26.08,54.21,0.64,175,0.069,MODERATE
2026-09-18 16:02:00,M005,POOR_AIRFLOW,26.16,55.31,0.65,218,0.057,MODERATE
2026-09-18 16:03:00,M005,POOR_AIRFLOW,25.92,54.74,0.78,209,0.051,MODERATE
2026-09-18 16:04:00,M005,POOR_AIRFLOW,26.11,55.71,0.64,183,0.063,MODERATE
2026-09-18 16:05:00,M005,POOR_AIRFLOW,26.17,53.92,0.6,200,0.053,MODERATE
2026-09-18 16:06:00,M005,POOR_AIRFLOW,26.04,55.08,0.62,209,0.059,MODERATE
2026-09-18 16:07:00,M005,POOR_AIRFLOW,25.82,54.71,0.77,191,0.057,MODERATE
2026-09-18 16:08:00,M005,POOR_AIRFLOW,25.86,54.59,0.68,210,0.053,MODERATE
2026-09-18 16:09:00,M005,POOR_AIRFLOW,26.03,54.67,0.59,186,0.04,MODERATE
2026-09-18 16:10:00,M005,POOR_AIRFLOW,25.99,52.79,0.51,167,0.054,MODERATE
2026-09-18 16:11:00,M005,POOR_AIRFLOW,25.95,53.18,0.39,174,0.059,MODERATE
2026-09-18 16:12:00,M005,POOR_AIRFLOW,25.88,53.44,0.57,183,0.054,MODERATE
2026-09-18 16:13:00,M005,POOR_AIRFLOW,25.78,54.44,0.78,171,0.056,MODERATE
2026-09-18 16:14:00,M005,POOR_AIRFLOW,25.71,54.1,0.64,180,0.058,MODERATE
2026-09-18 16:15:00,M005,POOR_AIRFLOW,25.92,51.98,0.62,174,0.044,MODERATE
2026-09-18 16:16:00,M005,POOR_AIRFLOW,25.83,52.55,0.57,186,0.053,MODERATE
2026-09-18 16:17:00,M005,POOR_AIRFLOW,25.79,53.71,0.63,202,0.052,MODERATE
2026-09-18 16:18:00,M005,POOR_AIRFLOW,25.8,53.77,0.54,173,0.051,MODERATE
2026-09-18 16:19:00,M005,POOR_AIRFLOW,25.79,53.93,0.5,180,0.049,MODERATE
2026-09-18 16:20:00,M005,POOR_AIRFLOW,25.7,53.21,0.72,189,0.057,MODERATE
2026-09-18 16:21:00,M005,POOR_AIRFLOW,25.76,54.26,0.58,160,0.047,MODERATE
2026-09-18 16:22:00,M005,POOR_AIRFLOW,25.99,54.66,0.71,163,0.049,MODERATE
2026-09-18 16:23:00,M005,POOR_AIRFLOW,25.86,54.19,0.31,187,0.051,MODERATE
2026-09-18 16:24:00,M005,POOR_AIRFLOW,25.86,52.28,0.43,172,0.057,MODERATE
2026-09-18 16:25:00,M005,POOR_AIRFLOW,25.76,52.66,0.77,163,0.045,MODERATE
2026-09-18 16:26:00,M005,POOR_AIRFLOW,25.94,53.85,0.6,160,0.045,MODERATE
2026-09-18 16:27:00,M005,POOR_AIRFLOW,26.04,53.89,0.61,175,0.049,MODERATE
2026-09-18 16:28:00,M005,POOR_AIRFLOW,25.8,54.44,0.57,158,0.045,MODERATE
2026-09-18 16:29:00,M005,POOR_AIRFLOW,25.85,54.7,0.63,176,0.053,MODERATE
2026-09-18 16:30:00,M005,POOR_AIRFLOW,25.79,54.21,0.67,165,0.05,MODERATE
2026-09-18 16:31:00,M005,POOR_AIRFLOW,25.6,53.7,0.79,151,0.061,MODERATE
2026-09-18 16:32:00,M005,POOR_AIRFLOW,25.86,53.82,0.54,170,0.059,MODERATE
2026-09-18 16:33:00,M005,POOR_AIRFLOW,25.81,54.51,0.68,171,0.058,MODERATE
2026-09-18 16:34:00,M005,POOR_AIRFLOW,25.81,53.47,0.52,162,0.061,MODERATE
2026-09-18 16:35:00,M005,POOR_AIRFLOW,26.1,55.1,0.53,189,0.051,MODERATE
2026-09-18 16:36:00,M005,POOR_AIRFLOW,25.9,54.18,0.44,192,0.055,MODERATE
2026-09-18 16:37:00,M005,POOR_AIRFLOW,25.9,53.41,0.59,174,0.052,MODERATE
2026-09-18 16:38:00,M005,POOR_AIRFLOW,25.79,53.69,0.56,179,0.053,MODERATE
2026-09-18 16:39:00,M005,POOR_AIRFLOW,26.0,52.84,0.65,186,0.056,MODERATE
2026-09-18 16:40:00,M005,POOR_AIRFLOW,26.04,54.77,0.61,184,0.052,MODERATE
2026-09-18 16:41:00,M005,POOR_AIRFLOW,25.81,53.35,0.53,183,0.05,MODERATE
2026-09-18 16:42:00,M005,POOR_AIRFLOW,25.98,54.77,0.62,188,0.057,MODERATE
2026-09-18 16:43:00,M005,POOR_AIRFLOW,25.96,54.44,0.53,192,0.053,MODERATE
2026-09-18 16:44:00,M005,POOR_AIRFLOW,25.76,54.44,0.78,170,0.055,MODERATE
2026-09-18 16:45:00,M005,POOR_AIRFLOW,26.13,55.4,0.7,171,0.057,MODERATE
2026-09-18 16:46:00,M005,POOR_AIRFLOW,25.92,54.89,0.67,178,0.051,MODERATE
2026-09-18 16:47:00,M005,POOR_AIRFLOW,25.88,54.86,0.77,183,0.051,MODERATE
2026-09-18 16:48:00,M005,POOR_AIRFLOW,26.04,55.02,0.66,185,0.061,MODERATE
2026-09-18 16:49:00,M005,POOR_AIRFLOW,25.88,55.09,0.71,196,0.067,MODERATE
2026-09-18 16:50:00,M005,POOR_AIRFLOW,26.17,55.28,0.87,205,0.064,MODERATE
2026-09-18 16:51:00,M005,POOR_AIRFLOW,26.19,54.82,0.74,195,0.064,MODERATE
2026-09-18 16:52:00,M005,POOR_AIRFLOW,26.31,55.68,0.62,196,0.062,MODERATE
2026-09-18 16:53:00,M005,POOR_AIRFLOW,26.21,54.82,0.71,198,0.051,MODERATE
2026-09-18 16:54:00,M005,POOR_AIRFLOW,26.11,54.61,0.71,180,0.065,MODERATE
2026-09-18 16:55:00,M005,POOR_AIRFLOW,26.53,55.58,0.89,202,0.062,MODERATE
2026-09-18 16:56:00,M005,POOR_AIRFLOW,26.42,55.31,0.77,224,0.073,MODERATE
2026-09-18 16:57:00,M005,POOR_AIRFLOW,26.3,55.23,0.72,190,0.066,MODERATE
2026-09-18 16:58:00,M005,POOR_AIRFLOW,26.34,55.91,0.84,221,0.064,MODERATE
2026-09-18 16:59:00,M005,POOR_AIRFLOW,26.06,57.55,0.75,196,0.068,MODERATE
2026-09-18 17:00:00,M005,POOR_AIRFLOW,26.34,56.81,0.87,187,0.062,MODERATE
2026-09-18 17:01:00,M005,POOR_AIRFLOW,26.12,56.06,0.89,197,0.07,MODERATE
2026-09-18 17:02:00,M005,POOR_AIRFLOW,26.49,56.56,0.87,192,0.062,MODERATE
2026-09-18 17:03:00,M005,POOR_AIRFLOW,26.25,56.34,0.93,207,0.076,MODERATE
2026-09-18 17:04:00,M005,POOR_AIRFLOW,26.58,57.23,0.76,250,0.066,MODERATE
2026-09-18 17:05:00,M005,POOR_AIRFLOW,26.41,56.28,0.88,202,0.074,MODERATE
2026-09-18 17:06:00,M005,POOR_AIRFLOW,26.74,57.75,0.78,228,0.076,MODERATE
2026-09-18 17:07:00,M005,POOR_AIRFLOW,26.71,56.46,0.85,242,0.078,MODERATE
2026-09-18 17:08:00,M005,POOR_AIRFLOW,26.78,55.8,0.85,237,0.079,MODERATE
2026-09-18 17:09:00,M005,POOR_AIRFLOW,26.66,57.47,0.99,203,0.072,MODERATE
2026-09-18 17:10:00,M005,POOR_AIRFLOW,26.54,57.61,1.02,237,0.081,MODERATE
2026-09-18 17:11:00,M005,POOR_AIRFLOW,26.89,58.77,0.89,236,0.082,MODERATE
2026-09-18 17:12:00,M005,POOR_AIRFLOW,26.86,58.08,0.9,252,0.074,MODERATE
2026-09-18 17:13:00,M005,POOR_AIRFLOW,26.78,58.1,1.09,241,0.077,MODERATE
2026-09-18 17:14:00,M005,POOR_AIRFLOW,26.54,58.47,0.99,237,0.077,MODERATE
2026-09-18 17:15:00,M005,POOR_AIRFLOW,26.7,58.14,1.1,208,0.071,MODERATE
2026-09-18 17:16:00,M005,POOR_AIRFLOW,26.87,57.95,1.12,245,0.086,MODERATE
2026-09-18 17:17:00,M005,POOR_AIRFLOW,26.93,58.25,1.18,233,0.08,MODERATE
2026-09-18 17:18:00,M005,POOR_AIRFLOW,27.24,57.8,1.1,277,0.084,MODERATE
2026-09-18 17:19:00,M005,POOR_AIRFLOW,26.86,59.79,1.11,236,0.085,MODERATE
2026-09-18 17:20:00,M005,POOR_AIRFLOW,26.91,58.49,1.14,293,0.086,MODERATE
2026-09-18 17:21:00,M005,POOR_AIRFLOW,26.84,59.95,1.36,268,0.078,MODERATE
2026-09-18 17:22:00,M005,POOR_AIRFLOW,27.16,59.25,1.06,250,0.092,MODERATE
2026-09-18 17:23:00,M005,POOR_AIRFLOW,27.17,59.56,1.19,273,0.087,MODERATE
2026-09-18 17:24:00,M005,POOR_AIRFLOW,27.14,58.58,1.13,267,0.086,MODERATE
2026-09-18 17:25:00,M005,POOR_AIRFLOW,27.21,60.28,1.29,269,0.09,MODERATE
2026-09-18 17:26:00,M005,POOR_AIRFLOW,27.05,59.8,0.92,250,0.089,MODERATE
2026-09-18 17:27:00,M005,POOR_AIRFLOW,27.28,60.43,1.13,256,0.094,MODERATE
2026-09-18 17:28:00,M005,POOR_AIRFLOW,27.35,59.15,1.11,253,0.088,MODERATE
2026-09-18 17:29:00,M005,POOR_AIRFLOW,27.34,59.67,1.14,292,0.095,MODERATE
2026-09-18 17:30:00,M005,POOR_AIRFLOW,27.4,60.32,1.32,294,0.101,MODERATE
2026-09-18 17:31:00,M005,POOR_AIRFLOW,27.16,61.39,1.26,285,0.089,MODERATE
2026-09-18 17:32:00,M005,POOR_AIRFLOW,27.34,60.79,1.55,273,0.091,MODERATE
2026-09-18 17:33:00,M005,POOR_AIRFLOW,27.52,60.27,1.18,317,0.095,MODERATE
2026-09-18 17:34:00,M005,POOR_AIRFLOW,27.38,61.45,1.39,293,0.104,MODERATE
2026-09-18 17:35:00,M005,POOR_AIRFLOW,27.63,61.98,1.32,277,0.107,MODERATE
2026-09-18 17:36:00,M005,POOR_AIRFLOW,27.53,60.23,1.46,312,0.097,MODERATE
2026-09-18 17:37:00,M005,POOR_AIRFLOW,27.5,62.3,1.29,327,0.106,MODERATE
2026-09-18 17:38:00,M005,POOR_AIRFLOW,27.68,63.07,1.33,279,0.103,MODERATE
2026-09-18 17:39:00,M005,POOR_AIRFLOW,27.6,60.12,1.33,301,0.1,MODERATE
2026-09-18 17:40:00,M005,POOR_AIRFLOW,27.74,63.26,1.28,306,0.1,MODERATE
2026-09-18 17:41:00,M005,POOR_AIRFLOW,27.69,61.91,1.35,285,0.11,MODERATE
2026-09-18 17:42:00,M005,POOR_AIRFLOW,27.65,61.52,1.57,332,0.111,MODERATE
2026-09-18 17:43:00,M005,POOR_AIRFLOW,27.85,61.78,1.42,344,0.108,MODERATE
2026-09-18 17:44:00,M005,POOR_AIRFLOW,27.69,63.37,1.56,320,0.109,MODERATE
2026-09-18 17:45:00,M005,POOR_AIRFLOW,27.92,62.33,1.58,310,0.11,MODERATE
2026-09-18 17:46:00,M005,POOR_AIRFLOW,27.7,61.23,1.5,306,0.102,MODERATE
2026-09-18 17:47:00,M005,POOR_AIRFLOW,27.72,62.82,1.42,306,0.109,MODERATE
2026-09-18 17:48:00,M005,POOR_AIRFLOW,27.85,61.94,1.63,351,0.111,MODERATE
2026-09-18 17:49:00,M005,POOR_AIRFLOW,27.56,64.05,1.62,343,0.113,MODERATE
2026-09-18 17:50:00,M005,POOR_AIRFLOW,27.91,62.48,1.54,320,0.109,MODERATE
2026-09-18 17:51:00,M005,POOR_AIRFLOW,27.49,63.74,1.5,308,0.111,MODERATE
2026-09-18 17:52:00,M005,POOR_AIRFLOW,28.12,64.83,1.67,280,0.11,MODERATE
2026-09-18 17:53:00,M005,POOR_AIRFLOW,27.82,64.48,1.58,311,0.116,MODERATE
2026-09-18 17:54:00,M005,POOR_AIRFLOW,27.99,64.04,1.63,306,0.108,MODERATE
2026-09-18 17:55:00,M005,POOR_AIRFLOW,27.97,64.17,1.62,335,0.106,MODERATE
2026-09-18 17:56:00,M005,POOR_AIRFLOW,28.31,63.72,1.46,336,0.111,MODERATE
2026-09-18 17:57:00,M005,POOR_AIRFLOW,27.93,63.94,1.56,311,0.109,MODERATE
2026-09-18 17:58:00,M005,POOR_AIRFLOW,27.95,65.2,1.47,326,0.106,MODERATE
2026-09-18 17:59:00,M005,POOR_AIRFLOW,27.82,65.92,1.65,310,0.108,MODERATE
2026-09-18 18:00:00,M005,POOR_AIRFLOW,28.04,63.17,1.44,310,0.109,MODERATE
2026-09-18 18:01:00,M005,POOR_AIRFLOW,28.45,64.67,1.55,331,0.115,MODERATE
2026-09-18 18:02:00,M005,POOR_AIRFLOW,28.23,65.83,1.36,346,0.11,MODERATE
2026-09-18 18:03:00,M005,POOR_AIRFLOW,28.19,64.64,1.7,341,0.121,MODERATE
2026-09-18 18:04:00,M005,POOR_AIRFLOW,28.5,64.27,1.56,363,0.111,MODERATE
2026-09-18 18:05:00,M005,POOR_AIRFLOW,27.95,64.5,1.6,315,0.109,MODERATE
2026-09-18 18:06:00,M005,POOR_AIRFLOW,28.23,63.8,1.66,325,0.12,MODERATE
2026-09-18 18:07:00,M005,POOR_AIRFLOW,28.12,64.33,1.72,348,0.116,MODERATE
2026-09-18 18:08:00,M005,POOR_AIRFLOW,27.96,64.02,1.6,355,0.113,MODERATE
2026-09-18 18:09:00,M005,POOR_AIRFLOW,28.59,64.73,1.57,331,0.11,MODERATE
2026-09-18 18:10:00,M005,POOR_AIRFLOW,28.26,64.84,1.7,317,0.125,MODERATE
2026-09-18 18:11:00,M005,POOR_AIRFLOW,28.2,63.75,1.67,349,0.116,MODERATE
2026-09-18 18:12:00,M005,POOR_AIRFLOW,28.1,63.63,1.47,305,0.114,MODERATE
2026-09-18 18:13:00,M005,POOR_AIRFLOW,28.26,63.68,1.55,360,0.122,MODERATE
2026-09-18 18:14:00,M005,POOR_AIRFLOW,28.27,65.24,1.58,309,0.113,MODERATE
2026-09-18 18:15:00,M005,POOR_AIRFLOW,28.23,64.59,1.59,371,0.104,MODERATE
2026-09-18 18:16:00,M005,POOR_AIRFLOW,28.11,63.47,1.44,342,0.116,MODERATE
2026-09-18 18:17:00,M005,POOR_AIRFLOW,28.24,65.41,1.53,355,0.119,MODERATE
2026-09-18 18:18:00,M005,POOR_AIRFLOW,28.03,65.04,1.7,364,0.119,MODERATE
2026-09-18 18:19:00,M005,POOR_AIRFLOW,28.19,64.87,1.61,331,0.121,MODERATE
2026-09-18 18:20:00,M005,POOR_AIRFLOW,27.86,63.49,1.57,348,0.12,MODERATE
2026-09-18 18:21:00,M005,POOR_AIRFLOW,28.31,64.39,1.74,336,0.116,MODERATE
2026-09-18 18:22:00,M005,POOR_AIRFLOW,28.45,64.82,1.64,331,0.113,MODERATE
2026-09-18 18:23:00,M005,POOR_AIRFLOW,27.89,64.58,1.44,337,0.121,MODERATE
2026-09-18 18:24:00,M005,POOR_AIRFLOW,28.1,63.91,1.73,341,0.121,MODERATE
2026-09-18 18:25:00,M005,POOR_AIRFLOW,28.39,64.11,1.69,349,0.109,MODERATE
2026-09-18 18:26:00,M005,POOR_AIRFLOW,28.02,63.99,1.62,351,0.107,MODERATE
2026-09-18 18:27:00,M005,POOR_AIRFLOW,28.4,64.01,1.5,349,0.114,MODERATE
2026-09-18 18:28:00,M005,POOR_AIRFLOW,28.28,64.19,1.67,309,0.117,MODERATE
2026-09-18 18:29:00,M005,POOR_AIRFLOW,28.21,63.3,1.55,330,0.113,MODERATE
2026-09-18 18:30:00,M005,POOR_AIRFLOW,28.07,64.02,1.58,351,0.118,MODERATE
2026-09-18 18:31:00,M005,POOR_AIRFLOW,27.89,62.7,1.82,349,0.108,MODERATE
2026-09-18 18:32:00,M005,POOR_AIRFLOW,28.32,63.24,1.72,332,0.123,MODERATE
2026-09-18 18:33:00,M005,POOR_AIRFLOW,27.79,64.47,1.39,333,0.119,MODERATE
2026-09-18 18:34:00,M005,POOR_AIRFLOW,28.29,62.77,1.47,338,0.112,MODERATE
2026-09-18 18:35:00,M005,POOR_AIRFLOW,28.07,63.98,1.47,348,0.114,MODERATE
2026-09-18 18:36:00,M005,POOR_AIRFLOW,28.05,62.6,1.73,330,0.114,MODERATE
2026-09-18 18:37:00,M005,POOR_AIRFLOW,27.82,63.9,1.63,290,0.115,MODERATE
2026-09-18 18:38:00,M005,POOR_AIRFLOW,28.2,63.14,1.44,315,0.101,MODERATE
2026-09-18 18:39:00,M005,POOR_AIRFLOW,28.21,62.27,1.58,315,0.108,MODERATE
2026-09-18 18:40:00,M005,POOR_AIRFLOW,28.15,63.16,1.3,332,0.103,MODERATE
2026-09-18 18:41:00,M005,POOR_AIRFLOW,27.62,63.45,1.41,352,0.112,MODERATE
2026-09-18 18:42:00,M005,POOR_AIRFLOW,27.6,61.74,1.73,341,0.11,MODERATE
2026-09-18 18:43:00,M005,POOR_AIRFLOW,28.02,63.23,1.22,335,0.105,MODERATE
2026-09-18 18:44:00,M005,POOR_AIRFLOW,27.71,63.31,1.39,330,0.103,MODERATE
2026-09-18 18:45:00,M005,POOR_AIRFLOW,27.98,63.52,1.53,311,0.107,MODERATE
2026-09-18 18:46:00,M005,POOR_AIRFLOW,27.9,62.85,1.4,333,0.105,MODERATE
2026-09-18 18:47:00,M005,POOR_AIRFLOW,27.62,62.15,1.5,333,0.103,MODERATE
2026-09-18 18:48:00,M005,POOR_AIRFLOW,27.59,61.53,1.39,308,0.117,MODERATE
2026-09-18 18:49:00,M005,POOR_AIRFLOW,27.61,61.29,1.61,289,0.096,MODERATE
2026-09-18 18:50:00,M005,POOR_AIRFLOW,27.43,62.48,1.41,293,0.102,MODERATE
2026-09-18 18:51:00,M005,POOR_AIRFLOW,27.65,62.28,1.21,302,0.105,MODERATE
2026-09-18 18:52:00,M005,POOR_AIRFLOW,27.52,61.5,1.43,282,0.103,MODERATE
2026-09-18 18:53:00,M005,POOR_AIRFLOW,27.67,60.89,1.38,307,0.101,MODERATE
2026-09-18 18:54:00,M005,POOR_AIRFLOW,27.82,61.82,1.42,280,0.113,MODERATE
2026-09-18 18:55:00,M005,POOR_AIRFLOW,27.06,60.79,1.35,271,0.106,MODERATE
2026-09-18 18:56:00,M005,POOR_AIRFLOW,27.17,60.93,1.18,271,0.098,MODERATE
2026-09-18 18:57:00,M005,POOR_AIRFLOW,27.65,59.81,1.21,272,0.101,MODERATE
2026-09-18 18:58:00,M005,POOR_AIRFLOW,27.54,60.98,1.23,301,0.106,MODERATE
2026-09-18 18:59:00,M005,POOR_AIRFLOW,27.39,60.9,1.27,287,0.089,MODERATE
2026-09-18 19:00:00,M005,POOR_AIRFLOW,27.13,60.0,1.42,298,0.094,MODERATE
2026-09-18 19:01:00,M005,POOR_AIRFLOW,27.28,59.87,1.47,286,0.091,MODERATE
2026-09-18 19:02:00,M005,POOR_AIRFLOW,27.43,59.33,1.09,283,0.092,MODERATE
2026-09-18 19:03:00,M005,POOR_AIRFLOW,27.17,60.15,1.3,300,0.102,MODERATE
2026-09-18 19:04:00,M005,POOR_AIRFLOW,27.19,59.36,1.16,286,0.087,MODERATE
2026-09-18 19:05:00,M005,POOR_AIRFLOW,27.07,58.74,1.16,271,0.081,MODERATE
2026-09-18 19:06:00,M005,POOR_AIRFLOW,27.14,60.44,1.13,260,0.089,MODERATE
2026-09-18 19:07:00,M005,POOR_AIRFLOW,27.26,58.68,1.2,286,0.078,MODERATE
2026-09-18 19:08:00,M005,POOR_AIRFLOW,26.95,59.41,1.21,277,0.086,MODERATE
2026-09-18 19:09:00,M005,POOR_AIRFLOW,27.17,58.35,1.14,245,0.075,MODERATE
2026-09-18 19:10:00,M005,POOR_AIRFLOW,26.69,60.05,1.01,264,0.092,MODERATE
2026-09-18 19:11:00,M005,POOR_AIRFLOW,27.01,60.13,0.95,232,0.077,MODERATE
2026-09-18 19:12:00,M005,POOR_AIRFLOW,26.9,59.47,1.08,238,0.082,MODERATE
2026-09-18 19:13:00,M005,POOR_AIRFLOW,27.01,58.52,1.14,237,0.082,MODERATE
2026-09-18 19:14:00,M005,POOR_AIRFLOW,26.58,57.59,0.92,256,0.081,MODERATE
2026-09-18 19:15:00,M005,POOR_AIRFLOW,27.11,59.36,1.05,248,0.085,MODERATE
2026-09-18 19:16:00,M005,POOR_AIRFLOW,26.62,58.41,1.22,250,0.09,MODERATE
2026-09-18 19:17:00,M005,POOR_AIRFLOW,26.79,57.27,1.03,236,0.084,MODERATE
2026-09-18 19:18:00,M005,POOR_AIRFLOW,26.74,58.01,0.92,257,0.08,MODERATE
2026-09-18 19:19:00,M005,POOR_AIRFLOW,26.95,58.46,1.01,244,0.069,MODERATE
2026-09-18 19:20:00,M006,COMBINED_STRESS,33.45,83.88,7.97,888,0.067,CRITICAL
2026-09-18 19:21:00,M006,COMBINED_STRESS,33.21,83.14,8.03,924,0.075,CRITICAL
2026-09-18 19:22:00,M006,COMBINED_STRESS,33.13,85.73,8.18,902,0.068,CRITICAL
2026-09-18 19:23:00,M006,COMBINED_STRESS,33.24,85.38,7.95,941,0.071,CRITICAL
2026-09-18 19:24:00,M006,COMBINED_STRESS,32.62,85.11,7.77,903,0.073,CRITICAL
2026-09-18 19:25:00,M006,COMBINED_STRESS,33.22,84.74,8.12,1021,0.078,CRITICAL
2026-09-18 19:26:00,M006,COMBINED_STRESS,33.3,84.11,8.16,904,0.068,CRITICAL
2026-09-18 19:27:00,M006,COMBINED_STRESS,33.15,84.05,8.43,974,0.08,CRITICAL
2026-09-18 19:28:00,M006,COMBINED_STRESS,33.15,84.15,8.23,909,0.079,CRITICAL
2026-09-18 19:29:00,M006,COMBINED_STRESS,33.45,85.94,8.6,917,0.078,CRITICAL
2026-09-18 19:30:00,M006,COMBINED_STRESS,32.98,85.44,8.26,959,0.078,CRITICAL
2026-09-18 19:31:00,M006,COMBINED_STRESS,33.29,84.81,8.42,939,0.074,CRITICAL
2026-09-18 19:32:00,M006,COMBINED_STRESS,33.25,85.14,8.35,983,0.076,CRITICAL
2026-09-18 19:33:00,M006,COMBINED_STRESS,33.53,84.66,8.1,931,0.088,CRITICAL
2026-09-18 19:34:00,M006,COMBINED_STRESS,33.69,85.37,8.38,974,0.07,CRITICAL
2026-09-18 19:35:00,M006,COMBINED_STRESS,34.12,85.51,8.48,964,0.081,CRITICAL
2026-09-18 19:36:00,M006,COMBINED_STRESS,33.72,84.71,8.52,970,0.087,CRITICAL
2026-09-18 19:37:00,M006,COMBINED_STRESS,34.18,84.39,8.57,985,0.081,CRITICAL
2026-09-18 19:38:00,M006,COMBINED_STRESS,34.08,85.14,8.41,961,0.086,CRITICAL
2026-09-18 19:39:00,M006,COMBINED_STRESS,33.88,86.37,8.65,998,0.081,CRITICAL
2026-09-18 19:40:00,M006,COMBINED_STRESS,33.83,86.67,8.48,1021,0.088,CRITICAL
2026-09-18 19:41:00,M006,COMBINED_STRESS,34.33,87.01,8.82,983,0.082,CRITICAL
2026-09-18 19:42:00,M006,COMBINED_STRESS,34.04,87.07,8.66,997,0.09,CRITICAL
2026-09-18 19:43:00,M006,COMBINED_STRESS,34.4,86.59,8.78,1023,0.082,CRITICAL
2026-09-18 19:44:00,M006,COMBINED_STRESS,34.33,87.67,8.82,968,0.09,CRITICAL
2026-09-18 19:45:00,M006,COMBINED_STRESS,34.4,88.16,9.05,979,0.082,CRITICAL
2026-09-18 19:46:00,M006,COMBINED_STRESS,34.05,87.28,9.0,978,0.089,CRITICAL
2026-09-18 19:47:00,M006,COMBINED_STRESS,34.41,88.55,8.73,1026,0.094,CRITICAL
2026-09-18 19:48:00,M006,COMBINED_STRESS,34.52,87.19,8.73,1012,0.096,CRITICAL
2026-09-18 19:49:00,M006,COMBINED_STRESS,34.24,86.74,9.29,972,0.102,CRITICAL
2026-09-18 19:50:00,M006,COMBINED_STRESS,34.74,86.89,8.81,1014,0.097,CRITICAL
2026-09-18 19:51:00,M006,COMBINED_STRESS,34.6,86.8,9.36,1009,0.092,CRITICAL
2026-09-18 19:52:00,M006,COMBINED_STRESS,34.25,87.27,9.27,984,0.096,CRITICAL
2026-09-18 19:53:00,M006,COMBINED_STRESS,34.52,89.52,8.96,992,0.102,CRITICAL
2026-09-18 19:54:00,M006,COMBINED_STRESS,34.83,86.16,9.2,1027,0.095,CRITICAL
2026-09-18 19:55:00,M006,COMBINED_STRESS,34.36,86.21,8.87,1025,0.097,CRITICAL
2026-09-18 19:56:00,M006,COMBINED_STRESS,33.96,87.53,9.45,1039,0.096,CRITICAL
2026-09-18 19:57:00,M006,COMBINED_STRESS,34.18,89.67,9.02,1031,0.098,CRITICAL
2026-09-18 19:58:00,M006,COMBINED_STRESS,34.45,88.36,8.87,961,0.102,CRITICAL
2026-09-18 19:59:00,M006,COMBINED_STRESS,35.09,88.82,9.27,1003,0.101,CRITICAL
2026-09-18 20:00:00,M006,COMBINED_STRESS,35.0,86.56,9.35,988,0.097,CRITICAL
2026-09-18 20:01:00,M006,COMBINED_STRESS,34.55,88.74,9.19,1008,0.098,CRITICAL
2026-09-18 20:02:00,M006,COMBINED_STRESS,34.76,88.41,9.1,1014,0.098,CRITICAL
2026-09-18 20:03:00,M006,COMBINED_STRESS,34.91,87.9,8.95,1054,0.088,CRITICAL
2026-09-18 20:04:00,M006,COMBINED_STRESS,34.68,88.52,9.33,1031,0.104,CRITICAL
2026-09-18 20:05:00,M006,COMBINED_STRESS,34.74,89.31,9.35,1049,0.095,CRITICAL
2026-09-18 20:06:00,M006,COMBINED_STRESS,34.93,87.98,9.01,1015,0.1,CRITICAL
2026-09-18 20:07:00,M006,COMBINED_STRESS,34.54,87.38,9.42,995,0.103,CRITICAL
2026-09-18 20:08:00,M006,COMBINED_STRESS,34.52,90.4,9.04,1063,0.099,CRITICAL
2026-09-18 20:09:00,M006,COMBINED_STRESS,34.62,88.21,9.11,1067,0.096,CRITICAL
2026-09-18 20:10:00,M006,COMBINED_STRESS,34.6,88.19,9.38,1035,0.106,CRITICAL
2026-09-18 20:11:00,M006,COMBINED_STRESS,34.95,88.53,9.08,1021,0.101,CRITICAL
2026-09-18 20:12:00,M006,COMBINED_STRESS,34.71,87.95,8.96,1005,0.101,CRITICAL
2026-09-18 20:13:00,M006,COMBINED_STRESS,34.84,88.62,8.74,1022,0.094,CRITICAL
2026-09-18 20:14:00,M006,COMBINED_STRESS,35.04,89.34,9.46,1056,0.098,CRITICAL
2026-09-18 20:15:00,M006,COMBINED_STRESS,34.87,89.3,8.71,1035,0.102,CRITICAL
2026-09-18 20:16:00,M006,COMBINED_STRESS,34.88,88.01,9.1,1020,0.102,CRITICAL
2026-09-18 20:17:00,M006,COMBINED_STRESS,34.35,87.99,9.1,1045,0.105,CRITICAL
2026-09-18 20:18:00,M006,COMBINED_STRESS,34.6,88.0,9.31,998,0.1,CRITICAL
2026-09-18 20:19:00,M006,COMBINED_STRESS,34.75,88.23,9.14,1038,0.093,CRITICAL
2026-09-18 20:20:00,M006,COMBINED_STRESS,35.1,88.18,8.78,1031,0.094,CRITICAL
2026-09-18 20:21:00,M006,COMBINED_STRESS,34.69,88.41,9.05,1081,0.102,CRITICAL
2026-09-18 20:22:00,M006,COMBINED_STRESS,34.48,87.22,9.15,1047,0.097,CRITICAL
2026-09-18 20:23:00,M006,COMBINED_STRESS,34.76,88.76,8.88,1038,0.098,CRITICAL
2026-09-18 20:24:00,M006,COMBINED_STRESS,34.62,88.89,9.31,1057,0.106,CRITICAL
2026-09-18 20:25:00,M006,COMBINED_STRESS,34.83,86.85,9.11,1005,0.093,CRITICAL
2026-09-18 20:26:00,M006,COMBINED_STRESS,34.92,89.12,9.1,1024,0.096,CRITICAL
2026-09-18 20:27:00,M006,COMBINED_STRESS,34.83,89.49,9.21,1032,0.095,CRITICAL
2026-09-18 20:28:00,M006,COMBINED_STRESS,34.48,88.57,9.03,1046,0.089,CRITICAL
2026-09-18 20:29:00,M006,COMBINED_STRESS,34.79,87.87,8.8,1004,0.104,CRITICAL
2026-09-18 20:30:00,M006,COMBINED_STRESS,35.12,88.34,8.67,978,0.093,CRITICAL
2026-09-18 20:31:00,M006,COMBINED_STRESS,34.51,87.27,9.31,1022,0.099,CRITICAL
2026-09-18 20:32:00,M006,COMBINED_STRESS,34.33,88.62,8.8,1048,0.098,CRITICAL
2026-09-18 20:33:00,M006,COMBINED_STRESS,34.87,86.41,8.94,976,0.1,CRITICAL
2026-09-18 20:34:00,M006,COMBINED_STRESS,34.33,88.72,9.31,1000,0.097,CRITICAL
2026-09-18 20:35:00,M006,COMBINED_STRESS,34.43,86.47,9.4,1004,0.097,CRITICAL
2026-09-18 20:36:00,M006,COMBINED_STRESS,34.9,87.13,9.09,1013,0.101,CRITICAL
2026-09-18 20:37:00,M006,COMBINED_STRESS,34.68,87.86,9.19,1031,0.092,CRITICAL
2026-09-18 20:38:00,M006,COMBINED_STRESS,34.12,87.0,8.48,1022,0.094,CRITICAL
2026-09-18 20:39:00,M006,COMBINED_STRESS,34.06,87.47,8.97,989,0.101,CRITICAL
2026-09-18 20:40:00,M006,COMBINED_STRESS,34.3,86.02,8.48,999,0.093,CRITICAL
2026-09-18 20:41:00,M006,COMBINED_STRESS,33.94,85.7,8.67,986,0.09,CRITICAL
2026-09-18 20:42:00,M006,COMBINED_STRESS,33.95,86.55,8.83,1038,0.09,CRITICAL
2026-09-18 20:43:00,M006,COMBINED_STRESS,33.66,87.13,9.09,972,0.088,CRITICAL
2026-09-18 20:44:00,M006,COMBINED_STRESS,34.66,85.8,8.67,1004,0.096,CRITICAL
2026-09-18 20:45:00,M006,COMBINED_STRESS,34.28,86.79,8.66,991,0.084,CRITICAL
2026-09-18 20:46:00,M006,COMBINED_STRESS,34.2,86.24,8.47,990,0.091,CRITICAL
2026-09-18 20:47:00,M006,COMBINED_STRESS,33.83,86.77,8.28,973,0.095,CRITICAL
2026-09-18 20:48:00,M006,COMBINED_STRESS,34.36,87.65,8.47,1010,0.084,CRITICAL
2026-09-18 20:49:00,M006,COMBINED_STRESS,33.71,86.65,8.58,1012,0.082,CRITICAL
2026-09-18 20:50:00,M006,COMBINED_STRESS,34.3,85.58,8.78,991,0.086,CRITICAL
2026-09-18 20:51:00,M006,COMBINED_STRESS,34.09,85.38,8.73,965,0.091,CRITICAL
2026-09-18 20:52:00,M006,COMBINED_STRESS,33.71,87.55,8.13,998,0.081,CRITICAL
2026-09-18 20:53:00,M006,COMBINED_STRESS,33.62,85.35,8.4,962,0.09,CRITICAL
2026-09-18 20:54:00,M006,COMBINED_STRESS,33.6,85.81,8.49,990,0.079,CRITICAL
2026-09-18 20:55:00,M006,COMBINED_STRESS,33.65,86.18,8.61,984,0.094,CRITICAL
2026-09-18 20:56:00,M006,COMBINED_STRESS,33.6,86.04,8.52,947,0.074,CRITICAL
2026-09-18 20:57:00,M006,COMBINED_STRESS,33.26,85.1,8.17,940,0.08,CRITICAL
2026-09-18 20:58:00,M006,COMBINED_STRESS,33.5,86.96,8.72,972,0.085,CRITICAL
2026-09-18 20:59:00,M006,COMBINED_STRESS,33.51,86.26,8.01,941,0.081,CRITICAL
2026-09-18 21:00:00,M006,COMBINED_STRESS,33.8,85.71,8.58,974,0.075,CRITICAL
2026-09-18 21:01:00,M006,COMBINED_STRESS,33.46,84.94,8.63,940,0.081,CRITICAL
2026-09-18 21:02:00,M006,COMBINED_STRESS,33.45,83.48,7.81,966,0.073,CRITICAL
2026-09-18 21:03:00,M006,COMBINED_STRESS,33.19,84.1,8.13,938,0.065,CRITICAL
2026-09-18 21:04:00,M006,COMBINED_STRESS,33.87,84.89,8.03,963,0.079,CRITICAL
2026-09-18 21:05:00,M006,COMBINED_STRESS,33.67,83.87,8.26,974,0.076,CRITICAL
2026-09-18 21:06:00,M006,COMBINED_STRESS,33.08,84.76,8.04,927,0.073,CRITICAL
2026-09-18 21:07:00,M006,COMBINED_STRESS,33.27,83.77,8.4,933,0.068,CRITICAL
2026-09-18 21:08:00,M006,COMBINED_STRESS,33.02,83.43,7.84,949,0.066,CRITICAL
2026-09-18 21:09:00,M006,COMBINED_STRESS,32.93,83.61,8.38,936,0.071,CRITICAL
2026-09-18 21:10:00,M006,COMBINED_STRESS,32.81,82.89,8.03,925,0.073,CRITICAL
2026-09-18 21:11:00,M006,COMBINED_STRESS,33.45,83.1,7.93,948,0.061,CRITICAL
2026-09-18 21:12:00,M006,COMBINED_STRESS,32.73,83.39,8.01,894,0.062,CRITICAL
2026-09-18 21:13:00,M006,COMBINED_STRESS,33.08,83.55,8.03,914,0.073,CRITICAL
2026-09-18 21:14:00,M006,COMBINED_STRESS,32.97,82.96,8.0,930,0.063,CRITICAL
2026-09-18 21:15:00,M006,COMBINED_STRESS,32.57,83.74,7.39,920,0.061,CRITICAL
2026-09-18 21:16:00,M006,COMBINED_STRESS,32.6,81.87,8.0,913,0.068,CRITICAL
2026-09-18 21:17:00,M006,COMBINED_STRESS,33.17,82.82,7.6,895,0.063,CRITICAL
2026-09-18 21:18:00,M006,COMBINED_STRESS,32.45,81.34,7.82,884,0.057,CRITICAL
2026-09-18 21:19:00,M006,COMBINED_STRESS,32.66,81.69,7.3,894,0.063,CRITICAL
2026-09-18 21:20:00,M006,COMBINED_STRESS,32.98,81.89,8.26,878,0.06,CRITICAL
2026-09-18 21:21:00,M006,COMBINED_STRESS,31.98,81.33,7.35,853,0.057,CRITICAL
2026-09-18 21:22:00,M006,COMBINED_STRESS,32.27,81.12,7.81,871,0.062,CRITICAL
2026-09-18 21:23:00,M006,COMBINED_STRESS,32.42,81.86,7.73,906,0.057,CRITICAL
2026-09-18 21:24:00,M006,COMBINED_STRESS,32.01,81.62,7.47,904,0.052,CRITICAL
2026-09-18 21:25:00,M006,COMBINED_STRESS,32.36,82.01,7.11,885,0.056,CRITICAL
2026-09-18 21:26:00,M006,COMBINED_STRESS,32.26,80.39,7.37,874,0.051,CRITICAL
2026-09-18 21:27:00,M006,COMBINED_STRESS,32.15,80.93,7.5,847,0.053,CRITICAL
2026-09-18 21:28:00,M006,COMBINED_STRESS,31.98,82.14,7.29,866,0.056,CRITICAL
2026-09-18 21:29:00,M006,COMBINED_STRESS,32.17,81.68,7.21,886,0.062,CRITICAL
2026-09-18 21:30:00,M006,COMBINED_STRESS,32.04,79.92,7.13,844,0.048,CRITICAL
2026-09-18 21:31:00,M006,COMBINED_STRESS,32.02,80.01,7.42,847,0.063,CRITICAL
2026-09-18 21:32:00,M006,COMBINED_STRESS,31.71,80.57,7.19,890,0.048,CRITICAL
2026-09-18 21:33:00,M006,COMBINED_STRESS,31.6,80.01,7.11,883,0.051,CRITICAL
2026-09-18 21:34:00,M006,COMBINED_STRESS,31.58,80.41,7.11,877,0.04,CRITICAL
2026-09-18 21:35:00,M006,COMBINED_STRESS,31.59,79.96,6.77,853,0.057,CRITICAL
2026-09-18 21:36:00,M006,COMBINED_STRESS,32.0,79.57,7.54,843,0.049,CRITICAL
2026-09-18 21:37:00,M006,COMBINED_STRESS,31.86,80.16,7.47,786,0.052,CRITICAL
2026-09-18 21:38:00,M006,COMBINED_STRESS,31.65,79.56,7.47,840,0.039,CRITICAL
2026-09-18 21:39:00,M006,COMBINED_STRESS,31.78,79.83,6.78,845,0.055,CRITICAL
2026-09-18 21:40:00,M006,COMBINED_STRESS,31.78,78.73,7.0,823,0.053,CRITICAL
2026-09-18 21:41:00,M006,COMBINED_STRESS,32.11,78.76,7.13,836,0.048,CRITICAL
2026-09-18 21:42:00,M006,COMBINED_STRESS,31.38,80.28,7.02,818,0.051,CRITICAL
2026-09-18 21:43:00,M006,COMBINED_STRESS,31.71,79.84,6.86,847,0.053,CRITICAL
2026-09-18 21:44:00,M006,COMBINED_STRESS,31.79,80.39,6.4,826,0.045,CRITICAL
2026-09-18 21:45:00,M006,COMBINED_STRESS,31.52,79.38,6.59,845,0.035,CRITICAL
2026-09-18 21:46:00,M006,COMBINED_STRESS,31.13,79.21,7.08,818,0.037,CRITICAL
2026-09-18 21:47:00,M006,COMBINED_STRESS,31.43,78.73,7.03,854,0.04,CRITICAL
2026-09-18 21:48:00,M006,COMBINED_STRESS,31.69,78.47,7.05,841,0.045,CRITICAL
2026-09-18 21:49:00,M006,COMBINED_STRESS,31.53,78.81,6.5,816,0.039,CRITICAL
2026-09-18 21:50:00,M006,COMBINED_STRESS,31.28,79.58,6.9,867,0.048,CRITICAL
2026-09-18 21:51:00,M006,COMBINED_STRESS,31.34,78.69,6.71,859,0.041,CRITICAL
2026-09-18 21:52:00,M006,COMBINED_STRESS,30.89,78.83,6.96,813,0.04,CRITICAL
2026-09-18 21:53:00,M006,COMBINED_STRESS,31.6,78.49,6.56,851,0.042,CRITICAL
2026-09-18 21:54:00,M006,COMBINED_STRESS,31.4,80.22,6.57,851,0.047,CRITICAL
2026-09-18 21:55:00,M006,COMBINED_STRESS,31.33,79.06,7.27,831,0.042,CRITICAL
2026-09-18 21:56:00,M006,COMBINED_STRESS,31.05,79.4,6.8,818,0.048,CRITICAL
2026-09-18 21:57:00,M006,COMBINED_STRESS,31.49,79.23,6.73,827,0.037,CRITICAL
2026-09-18 21:58:00,M006,COMBINED_STRESS,31.53,78.68,6.78,810,0.036,CRITICAL
2026-09-18 21:59:00,M006,COMBINED_STRESS,31.19,79.68,7.12,841,0.047,CRITICAL
2026-09-18 22:00:00,M006,COMBINED_STRESS,30.93,79.38,6.84,847,0.042,CRITICAL
2026-09-18 22:01:00,M006,COMBINED_STRESS,30.9,77.47,6.93,812,0.043,CRITICAL
2026-09-18 22:02:00,M006,COMBINED_STRESS,30.3,79.66,6.56,844,0.036,CRITICAL
2026-09-18 22:03:00,M006,COMBINED_STRESS,31.43,77.75,6.95,809,0.041,CRITICAL
2026-09-18 22:04:00,M006,COMBINED_STRESS,31.02,78.27,6.94,827,0.043,CRITICAL
2026-09-18 22:05:00,M006,COMBINED_STRESS,30.78,78.42,6.47,832,0.041,CRITICAL
2026-09-18 22:06:00,M006,COMBINED_STRESS,30.78,77.5,6.7,843,0.037,CRITICAL
2026-09-18 22:07:00,M006,COMBINED_STRESS,31.51,77.2,7.0,836,0.038,CRITICAL
2026-09-18 22:08:00,M006,COMBINED_STRESS,31.12,77.35,6.45,839,0.049,CRITICAL
2026-09-18 22:09:00,M006,COMBINED_STRESS,30.82,78.24,7.42,833,0.048,CRITICAL
2026-09-18 22:10:00,M006,COMBINED_STRESS,31.57,78.29,6.54,781,0.039,CRITICAL
2026-09-18 22:11:00,M006,COMBINED_STRESS,31.07,77.85,7.07,837,0.035,CRITICAL
2026-09-18 22:12:00,M006,COMBINED_STRESS,31.49,79.55,6.18,817,0.034,CRITICAL
2026-09-18 22:13:00,M006,COMBINED_STRESS,31.74,78.29,6.68,818,0.032,CRITICAL
2026-09-18 22:14:00,M006,COMBINED_STRESS,31.61,78.22,6.88,812,0.033,CRITICAL
2026-09-18 22:15:00,M006,COMBINED_STRESS,31.26,77.37,7.21,855,0.047,CRITICAL
2026-09-18 22:16:00,M006,COMBINED_STRESS,31.01,77.15,6.9,813,0.041,CRITICAL
2026-09-18 22:17:00,M006,COMBINED_STRESS,31.66,78.52,7.0,792,0.05,CRITICAL
2026-09-18 22:18:00,M006,COMBINED_STRESS,30.96,78.14,6.47,816,0.045,CRITICAL
2026-09-18 22:19:00,M006,COMBINED_STRESS,31.52,78.38,6.76,863,0.041,CRITICAL
2026-09-18 22:20:00,M006,COMBINED_STRESS,31.18,79.03,6.75,815,0.04,CRITICAL
2026-09-18 22:21:00,M006,COMBINED_STRESS,31.51,78.04,7.24,822,0.054,CRITICAL
2026-09-18 22:22:00,M006,COMBINED_STRESS,31.49,79.19,6.98,807,0.05,CRITICAL
2026-09-18 22:23:00,M006,COMBINED_STRESS,31.01,78.81,7.1,846,0.042,CRITICAL
2026-09-18 22:24:00,M006,COMBINED_STRESS,31.82,78.92,7.07,846,0.048,CRITICAL
2026-09-18 22:25:00,M006,COMBINED_STRESS,31.18,79.95,7.18,788,0.049,CRITICAL
2026-09-18 22:26:00,M006,COMBINED_STRESS,31.33,79.55,7.35,860,0.044,CRITICAL
2026-09-18 22:27:00,M006,COMBINED_STRESS,31.82,79.96,7.14,843,0.047,CRITICAL
2026-09-18 22:28:00,M006,COMBINED_STRESS,31.89,79.92,7.06,858,0.046,CRITICAL
2026-09-18 22:29:00,M006,COMBINED_STRESS,31.69,79.91,7.16,851,0.05,CRITICAL
2026-09-18 22:30:00,M006,COMBINED_STRESS,31.52,79.94,6.6,844,0.044,CRITICAL
2026-09-18 22:31:00,M006,COMBINED_STRESS,31.8,79.93,7.08,790,0.041,CRITICAL
2026-09-18 22:32:00,M006,COMBINED_STRESS,31.57,79.19,7.37,866,0.049,CRITICAL
2026-09-18 22:33:00,M006,COMBINED_STRESS,31.52,79.91,6.93,822,0.05,CRITICAL
2026-09-18 22:34:00,M006,COMBINED_STRESS,31.75,79.83,6.67,881,0.048,CRITICAL
2026-09-18 22:35:00,M006,COMBINED_STRESS,31.82,78.91,7.09,851,0.051,CRITICAL
2026-09-18 22:36:00,M006,COMBINED_STRESS,31.78,81.04,7.31,845,0.052,CRITICAL
2026-09-18 22:37:00,M006,COMBINED_STRESS,32.35,81.09,7.66,840,0.044,CRITICAL
2026-09-18 22:38:00,M006,COMBINED_STRESS,31.93,81.23,7.2,890,0.054,CRITICAL
2026-09-18 22:39:00,M006,COMBINED_STRESS,32.02,80.42,6.97,870,0.061,CRITICAL
2026-09-18 22:40:00,M006,COMBINED_STRESS,31.63,81.73,7.44,842,0.062,CRITICAL
2026-09-18 22:41:00,M006,COMBINED_STRESS,31.99,80.88,7.04,872,0.057,CRITICAL
2026-09-18 22:42:00,M006,COMBINED_STRESS,32.45,78.79,7.32,846,0.054,CRITICAL
2026-09-18 22:43:00,M006,COMBINED_STRESS,32.05,82.36,7.64,867,0.055,CRITICAL
2026-09-18 22:44:00,M006,COMBINED_STRESS,31.97,81.77,7.24,868,0.061,CRITICAL
2026-09-18 22:45:00,M006,COMBINED_STRESS,32.27,81.84,7.65,882,0.064,CRITICAL
2026-09-18 22:46:00,M006,COMBINED_STRESS,32.15,81.0,7.85,917,0.063,CRITICAL
2026-09-18 22:47:00,M006,COMBINED_STRESS,32.28,82.08,7.57,857,0.063,CRITICAL
2026-09-18 22:48:00,M006,COMBINED_STRESS,32.41,80.94,7.37,889,0.06,CRITICAL
2026-09-18 22:49:00,M006,COMBINED_STRESS,32.48,82.97,7.22,897,0.069,CRITICAL
2026-09-18 22:50:00,M006,COMBINED_STRESS,32.38,82.44,7.46,895,0.059,CRITICAL
2026-09-18 22:51:00,M006,COMBINED_STRESS,32.24,82.82,7.82,857,0.066,CRITICAL
2026-09-18 22:52:00,M006,COMBINED_STRESS,32.55,82.61,7.53,945,0.061,CRITICAL
2026-09-18 22:53:00,M006,COMBINED_STRESS,32.76,82.27,7.56,917,0.065,CRITICAL
2026-09-18 22:54:00,M006,COMBINED_STRESS,32.76,82.75,7.83,899,0.068,CRITICAL
2026-09-18 22:55:00,M006,COMBINED_STRESS,32.65,83.31,7.94,881,0.065,CRITICAL
2026-09-18 22:56:00,M006,COMBINED_STRESS,32.72,82.08,8.04,914,0.07,CRITICAL
2026-09-18 22:57:00,M006,COMBINED_STRESS,32.4,82.32,7.98,875,0.068,CRITICAL
2026-09-18 22:58:00,M006,COMBINED_STRESS,32.85,82.8,7.78,940,0.077,CRITICAL
2026-09-18 22:59:00,M006,COMBINED_STRESS,32.67,83.25,8.09,950,0.065,CRITICAL
2026-09-18 23:00:00,M006,COMBINED_STRESS,33.11,83.52,7.77,942,0.071,CRITICAL
2026-09-18 23:01:00,M006,COMBINED_STRESS,33.39,83.1,7.97,930,0.076,CRITICAL
2026-09-18 23:02:00,M006,COMBINED_STRESS,33.08,84.94,7.64,943,0.062,CRITICAL
2026-09-18 23:03:00,M006,COMBINED_STRESS,33.29,83.73,8.14,923,0.075,CRITICAL
2026-09-18 23:04:00,M006,COMBINED_STRESS,32.94,85.6,8.45,897,0.075,CRITICAL
2026-09-18 23:05:00,M006,COMBINED_STRESS,33.01,83.38,7.83,957,0.068,CRITICAL
2026-09-18 23:06:00,M006,COMBINED_STRESS,33.14,84.47,8.23,956,0.071,CRITICAL
2026-09-18 23:07:00,M006,COMBINED_STRESS,33.24,85.04,7.9,929,0.083,CRITICAL
2026-09-18 23:08:00,M006,COMBINED_STRESS,32.74,84.67,8.49,948,0.078,CRITICAL
2026-09-18 23:09:00,M006,COMBINED_STRESS,33.26,84.65,8.6,969,0.079,CRITICAL
2026-09-18 23:10:00,M006,COMBINED_STRESS,33.69,84.43,8.49,917,0.064,CRITICAL
2026-09-18 23:11:00,M006,COMBINED_STRESS,33.37,84.07,8.68,965,0.077,CRITICAL
2026-09-18 23:12:00,M006,COMBINED_STRESS,33.92,85.52,8.7,925,0.076,CRITICAL
2026-09-18 23:13:00,M006,COMBINED_STRESS,33.9,86.31,8.16,954,0.082,CRITICAL
2026-09-18 23:14:00,M006,COMBINED_STRESS,33.92,85.99,8.74,965,0.08,CRITICAL
2026-09-18 23:15:00,M006,COMBINED_STRESS,34.0,85.35,8.88,949,0.085,CRITICAL
2026-09-18 23:16:00,M006,COMBINED_STRESS,33.38,85.67,8.67,989,0.08,CRITICAL
2026-09-18 23:17:00,M006,COMBINED_STRESS,33.75,85.04,9.05,959,0.076,CRITICAL
2026-09-18 23:18:00,M006,COMBINED_STRESS,33.6,85.57,8.58,1009,0.08,CRITICAL
2026-09-18 23:19:00,M006,COMBINED_STRESS,33.89,85.01,8.85,959,0.09,CRITICAL
2026-09-18 23:20:00,M006,COMBINED_STRESS,33.53,85.39,9.02,972,0.083,CRITICAL
2026-09-18 23:21:00,M006,COMBINED_STRESS,34.11,86.86,8.86,979,0.087,CRITICAL
2026-09-18 23:22:00,M006,COMBINED_STRESS,34.09,85.78,8.46,995,0.083,CRITICAL
2026-09-18 23:23:00,M006,COMBINED_STRESS,33.95,86.65,8.57,953,0.085,CRITICAL
2026-09-18 23:24:00,M006,COMBINED_STRESS,34.25,87.12,8.61,994,0.089,CRITICAL
2026-09-18 23:25:00,M006,COMBINED_STRESS,33.78,85.9,8.91,1038,0.096,CRITICAL
2026-09-18 23:26:00,M006,COMBINED_STRESS,34.26,84.93,9.03,1015,0.088,CRITICAL
2026-09-18 23:27:00,M006,COMBINED_STRESS,34.33,87.25,8.6,1028,0.089,CRITICAL
2026-09-18 23:28:00,M006,COMBINED_STRESS,34.37,87.56,8.9,1032,0.092,CRITICAL
2026-09-18 23:29:00,M006,COMBINED_STRESS,34.25,87.85,9.15,1017,0.091,CRITICAL
2026-09-18 23:30:00,M006,COMBINED_STRESS,34.06,88.19,9.11,964,0.099,CRITICAL
2026-09-18 23:31:00,M006,COMBINED_STRESS,33.89,86.04,9.41,1006,0.097,CRITICAL
2026-09-18 23:32:00,M006,COMBINED_STRESS,34.64,87.21,8.88,1018,0.09,CRITICAL
2026-09-18 23:33:00,M006,COMBINED_STRESS,34.71,86.72,9.23,1003,0.093,CRITICAL
2026-09-18 23:34:00,M006,COMBINED_STRESS,34.31,87.7,8.98,1005,0.097,CRITICAL
2026-09-18 23:35:00,M006,COMBINED_STRESS,34.05,87.72,9.31,1022,0.091,CRITICAL
2026-09-18 23:36:00,M006,COMBINED_STRESS,34.13,87.64,8.97,1023,0.103,CRITICAL
2026-09-18 23:37:00,M006,COMBINED_STRESS,34.49,88.02,8.76,1029,0.096,CRITICAL
2026-09-18 23:38:00,M006,COMBINED_STRESS,34.47,88.49,9.33,1048,0.091,CRITICAL
2026-09-18 23:39:00,M006,COMBINED_STRESS,35.2,86.26,9.48,1039,0.096,CRITICAL
2026-09-18 23:40:00,M006,COMBINED_STRESS,34.73,87.41,9.47,981,0.091,CRITICAL
2026-09-18 23:41:00,M006,COMBINED_STRESS,34.55,87.56,9.19,1019,0.096,CRITICAL
2026-09-18 23:42:00,M006,COMBINED_STRESS,34.58,86.61,9.21,1037,0.103,CRITICAL
2026-09-18 23:43:00,M006,COMBINED_STRESS,34.82,88.55,9.07,1069,0.096,CRITICAL
2026-09-18 23:44:00,M006,COMBINED_STRESS,34.14,87.71,9.66,1001,0.1,CRITICAL
2026-09-18 23:45:00,M006,COMBINED_STRESS,34.38,87.65,9.09,1002,0.098,CRITICAL
2026-09-18 23:46:00,M006,COMBINED_STRESS,35.0,88.04,9.29,1063,0.107,CRITICAL
2026-09-18 23:47:00,M006,COMBINED_STRESS,34.95,88.77,8.88,1031,0.096,CRITICAL
2026-09-18 23:48:00,M006,COMBINED_STRESS,34.88,87.8,9.06,1010,0.098,CRITICAL
2026-09-18 23:49:00,M006,COMBINED_STRESS,35.02,88.64,9.59,1004,0.098,CRITICAL
2026-09-18 23:50:00,M006,COMBINED_STRESS,34.74,88.57,9.25,1032,0.095,CRITICAL
2026-09-18 23:51:00,M006,COMBINED_STRESS,34.75,88.41,9.07,1061,0.101,CRITICAL
2026-09-18 23:52:00,M006,COMBINED_STRESS,34.75,87.6,9.58,1030,0.096,CRITICAL
2026-09-18 23:53:00,M006,COMBINED_STRESS,34.81,88.83,9.17,1026,0.106,CRITICAL
2026-09-18 23:54:00,M006,COMBINED_STRESS,35.11,89.63,9.64,1048,0.099,CRITICAL
2026-09-18 23:55:00,M006,COMBINED_STRESS,35.05,89.02,9.05,1028,0.091,CRITICAL
2026-09-18 23:56:00,M006,COMBINED_STRESS,34.65,89.14,9.09,1009,0.098,CRITICAL
2026-09-18 23:57:00,M006,COMBINED_STRESS,35.24,88.73,9.58,1054,0.102,CRITICAL
2026-09-18 23:58:00,M006,COMBINED_STRESS,34.81,88.02,8.65,1016,0.1,CRITICAL
2026-09-18 23:59:00,M006,COMBINED_STRESS,34.82,89.36,9.13,984,0.1,CRITICAL
2026-09-19 00:00:00,M006,COMBINED_STRESS,34.72,88.11,8.85,1022,0.092,CRITICAL
2026-09-19 00:01:00,M006,COMBINED_STRESS,34.96,88.93,9.02,1040,0.099,CRITICAL
2026-09-19 00:02:00,M006,COMBINED_STRESS,34.95,89.08,9.14,1059,0.095,CRITICAL
2026-09-19 00:03:00,M006,COMBINED_STRESS,35.07,87.92,8.98,1032,0.1,CRITICAL
2026-09-19 00:04:00,M006,COMBINED_STRESS,34.94,88.88,8.8,1001,0.096,CRITICAL
2026-09-19 00:05:00,M006,COMBINED_STRESS,34.74,87.92,9.0,1020,0.098,CRITICAL
2026-09-19 00:06:00,M006,COMBINED_STRESS,34.79,88.02,9.1,1005,0.099,CRITICAL
2026-09-19 00:07:00,M006,COMBINED_STRESS,35.07,89.03,9.08,1040,0.098,CRITICAL
2026-09-19 00:08:00,M006,COMBINED_STRESS,34.58,87.89,8.9,1026,0.104,CRITICAL
2026-09-19 00:09:00,M006,COMBINED_STRESS,35.1,87.21,9.62,1008,0.094,CRITICAL
2026-09-19 00:10:00,M006,COMBINED_STRESS,34.58,88.45,8.94,1027,0.093,CRITICAL
2026-09-19 00:11:00,M006,COMBINED_STRESS,34.45,87.99,9.22,1056,0.098,CRITICAL
2026-09-19 00:12:00,M006,COMBINED_STRESS,34.3,89.38,8.9,1057,0.109,CRITICAL
2026-09-19 00:13:00,M006,COMBINED_STRESS,34.54,88.43,8.94,1031,0.087,CRITICAL
2026-09-19 00:14:00,M006,COMBINED_STRESS,34.42,87.66,9.25,1036,0.089,CRITICAL
2026-09-19 00:15:00,M006,COMBINED_STRESS,34.48,87.63,8.87,984,0.085,CRITICAL
2026-09-19 00:16:00,M006,COMBINED_STRESS,35.0,87.4,8.96,996,0.099,CRITICAL
2026-09-19 00:17:00,M006,COMBINED_STRESS,34.33,87.81,8.7,1022,0.092,CRITICAL
2026-09-19 00:18:00,M006,COMBINED_STRESS,34.5,88.07,8.8,994,0.09,CRITICAL
2026-09-19 00:19:00,M006,COMBINED_STRESS,34.87,87.03,8.91,1026,0.092,CRITICAL
2026-09-19 00:20:00,M006,COMBINED_STRESS,34.14,87.43,8.59,1023,0.089,CRITICAL
2026-09-19 00:21:00,M006,COMBINED_STRESS,34.8,87.9,8.62,1017,0.086,CRITICAL
2026-09-19 00:22:00,M006,COMBINED_STRESS,33.92,86.64,8.94,1048,0.087,CRITICAL
2026-09-19 00:23:00,M006,COMBINED_STRESS,33.98,87.58,9.03,1033,0.081,CRITICAL
2026-09-19 00:24:00,M006,COMBINED_STRESS,33.94,86.16,8.78,995,0.097,CRITICAL
2026-09-19 00:25:00,M006,COMBINED_STRESS,34.32,86.06,8.81,1024,0.097,CRITICAL
2026-09-19 00:26:00,M006,COMBINED_STRESS,33.83,87.3,9.2,983,0.092,CRITICAL
2026-09-19 00:27:00,M006,COMBINED_STRESS,34.23,86.7,8.78,965,0.092,CRITICAL
2026-09-19 00:28:00,M006,COMBINED_STRESS,34.44,86.86,8.66,970,0.094,CRITICAL
2026-09-19 00:29:00,M006,COMBINED_STRESS,33.44,87.24,8.48,993,0.09,CRITICAL
2026-09-19 00:30:00,M006,COMBINED_STRESS,34.08,86.13,8.21,991,0.077,CRITICAL
2026-09-19 00:31:00,M006,COMBINED_STRESS,34.25,86.02,9.22,966,0.091,CRITICAL
2026-09-19 00:32:00,M006,COMBINED_STRESS,34.0,84.63,8.39,957,0.089,CRITICAL
2026-09-19 00:33:00,M006,COMBINED_STRESS,34.07,86.19,9.21,927,0.075,CRITICAL
2026-09-19 00:34:00,M006,COMBINED_STRESS,33.73,86.94,8.69,995,0.077,CRITICAL
2026-09-19 00:35:00,M006,COMBINED_STRESS,33.4,86.56,8.41,959,0.087,CRITICAL
2026-09-19 00:36:00,M006,COMBINED_STRESS,33.38,86.0,8.56,929,0.086,CRITICAL
2026-09-19 00:37:00,M006,COMBINED_STRESS,33.76,85.42,8.39,974,0.085,CRITICAL
2026-09-19 00:38:00,M006,COMBINED_STRESS,33.94,84.61,7.99,968,0.079,CRITICAL
2026-09-19 00:39:00,M006,COMBINED_STRESS,33.57,84.99,8.24,932,0.077,CRITICAL
2026-09-19 00:40:00,M006,COMBINED_STRESS,33.4,83.99,7.91,971,0.07,CRITICAL
2026-09-19 00:41:00,M006,COMBINED_STRESS,33.72,84.43,8.14,928,0.079,CRITICAL
2026-09-19 00:42:00,M006,COMBINED_STRESS,33.61,83.75,8.12,976,0.087,CRITICAL
2026-09-19 00:43:00,M006,COMBINED_STRESS,33.53,84.72,8.4,926,0.079,CRITICAL
2026-09-19 00:44:00,M006,COMBINED_STRESS,33.53,85.19,8.44,951,0.084,CRITICAL
2026-09-19 00:45:00,M006,COMBINED_STRESS,33.11,84.11,8.48,927,0.071,CRITICAL
2026-09-19 00:46:00,M006,COMBINED_STRESS,33.24,84.95,7.97,928,0.078,CRITICAL
2026-09-19 00:47:00,M006,COMBINED_STRESS,32.83,83.28,7.67,942,0.065,CRITICAL
2026-09-19 00:48:00,M006,COMBINED_STRESS,33.22,84.45,7.99,913,0.075,CRITICAL
2026-09-19 00:49:00,M006,COMBINED_STRESS,33.47,83.77,7.93,928,0.072,CRITICAL
2026-09-19 00:50:00,M006,COMBINED_STRESS,32.8,83.54,8.0,969,0.069,CRITICAL
2026-09-19 00:51:00,M006,COMBINED_STRESS,32.87,84.05,7.94,932,0.071,CRITICAL
2026-09-19 00:52:00,M006,COMBINED_STRESS,32.82,83.93,7.92,948,0.065,CRITICAL
2026-09-19 00:53:00,M006,COMBINED_STRESS,32.8,83.21,7.77,917,0.072,CRITICAL
2026-09-19 00:54:00,M006,COMBINED_STRESS,32.75,83.14,8.03,917,0.068,CRITICAL
2026-09-19 00:55:00,M006,COMBINED_STRESS,32.82,83.81,7.89,897,0.069,CRITICAL
2026-09-19 00:56:00,M006,COMBINED_STRESS,32.41,82.44,7.99,857,0.063,CRITICAL
2026-09-19 00:57:00,M006,COMBINED_STRESS,33.47,82.84,7.8,934,0.058,CRITICAL
2026-09-19 00:58:00,M006,COMBINED_STRESS,32.32,80.86,7.65,906,0.061,CRITICAL
2026-09-19 00:59:00,M006,COMBINED_STRESS,32.46,82.7,7.25,908,0.065,CRITICAL
2026-09-19 01:00:00,M006,COMBINED_STRESS,32.51,81.87,7.37,897,0.053,CRITICAL
2026-09-19 01:01:00,M006,COMBINED_STRESS,32.2,82.39,7.27,926,0.054,CRITICAL
2026-09-19 01:02:00,M006,COMBINED_STRESS,32.16,82.68,7.57,871,0.071,CRITICAL
2026-09-19 01:03:00,M006,COMBINED_STRESS,32.21,82.56,7.51,894,0.057,CRITICAL
2026-09-19 01:04:00,M006,COMBINED_STRESS,32.12,80.24,7.42,906,0.067,CRITICAL
2026-09-19 01:05:00,M006,COMBINED_STRESS,32.63,80.91,7.57,910,0.056,CRITICAL
2026-09-19 01:06:00,M006,COMBINED_STRESS,32.33,81.63,7.48,918,0.049,CRITICAL
2026-09-19 01:07:00,M006,COMBINED_STRESS,32.32,81.99,7.79,855,0.047,CRITICAL
2026-09-19 01:08:00,M006,COMBINED_STRESS,31.83,79.78,7.37,858,0.062,CRITICAL
2026-09-19 01:09:00,M006,COMBINED_STRESS,32.42,81.58,7.38,876,0.055,CRITICAL
2026-09-19 01:10:00,M006,COMBINED_STRESS,32.14,81.21,7.13,860,0.056,CRITICAL
2026-09-19 01:11:00,M006,COMBINED_STRESS,31.65,79.96,7.44,878,0.05,CRITICAL
2026-09-19 01:12:00,M006,COMBINED_STRESS,31.79,79.52,6.82,885,0.044,CRITICAL
2026-09-19 01:13:00,M006,COMBINED_STRESS,31.88,80.1,7.2,876,0.054,CRITICAL
2026-09-19 01:14:00,M006,COMBINED_STRESS,31.87,79.15,7.46,831,0.046,CRITICAL
2026-09-19 01:15:00,M006,COMBINED_STRESS,31.65,79.35,7.19,879,0.054,CRITICAL
2026-09-19 01:16:00,M006,COMBINED_STRESS,32.2,80.33,7.46,835,0.047,CRITICAL
2026-09-19 01:17:00,M006,COMBINED_STRESS,31.86,79.24,7.12,819,0.049,CRITICAL
2026-09-19 01:18:00,M006,COMBINED_STRESS,31.69,79.54,7.23,832,0.042,CRITICAL
2026-09-19 01:19:00,M006,COMBINED_STRESS,31.82,80.68,7.1,836,0.044,CRITICAL
2026-09-19 01:20:00,M006,COMBINED_STRESS,32.04,79.58,6.95,843,0.041,CRITICAL
2026-09-19 01:21:00,M006,COMBINED_STRESS,31.64,81.19,7.11,841,0.044,CRITICAL
2026-09-19 01:22:00,M006,COMBINED_STRESS,31.91,79.46,6.71,831,0.05,CRITICAL
2026-09-19 01:23:00,M006,COMBINED_STRESS,31.47,79.61,7.16,845,0.051,CRITICAL
2026-09-19 01:24:00,M006,COMBINED_STRESS,31.8,79.37,6.95,805,0.051,CRITICAL
2026-09-19 01:25:00,M006,COMBINED_STRESS,31.53,79.85,7.06,796,0.048,CRITICAL
2026-09-19 01:26:00,M006,COMBINED_STRESS,31.48,78.22,7.2,833,0.041,CRITICAL
2026-09-19 01:27:00,M006,COMBINED_STRESS,31.26,78.87,7.25,796,0.049,CRITICAL
2026-09-19 01:28:00,M006,COMBINED_STRESS,31.39,79.76,6.41,812,0.039,CRITICAL
2026-09-19 01:29:00,M006,COMBINED_STRESS,31.58,78.34,7.04,843,0.04,CRITICAL
2026-09-19 01:30:00,M006,COMBINED_STRESS,31.25,78.87,6.71,838,0.05,CRITICAL
2026-09-19 01:31:00,M006,COMBINED_STRESS,31.44,79.15,6.47,833,0.046,CRITICAL
2026-09-19 01:32:00,M006,COMBINED_STRESS,31.41,78.61,7.2,836,0.036,CRITICAL
2026-09-19 01:33:00,M006,COMBINED_STRESS,31.42,79.35,7.17,843,0.046,CRITICAL
2026-09-19 01:34:00,M006,COMBINED_STRESS,31.53,78.47,6.87,810,0.042,CRITICAL
2026-09-19 01:35:00,M006,COMBINED_STRESS,30.9,78.1,6.87,820,0.039,CRITICAL
2026-09-19 01:36:00,M006,COMBINED_STRESS,30.95,78.59,7.16,846,0.042,CRITICAL
2026-09-19 01:37:00,M006,COMBINED_STRESS,31.15,78.37,7.1,846,0.049,CRITICAL
2026-09-19 01:38:00,M006,COMBINED_STRESS,31.45,79.29,6.97,838,0.042,CRITICAL
2026-09-19 01:39:00,M006,COMBINED_STRESS,31.03,78.7,6.83,806,0.046,CRITICAL
2026-09-19 01:40:00,M006,COMBINED_STRESS,31.96,78.87,6.74,790,0.035,CRITICAL
2026-09-19 01:41:00,M006,COMBINED_STRESS,31.05,78.77,7.26,802,0.043,CRITICAL
2026-09-19 01:42:00,M006,COMBINED_STRESS,30.93,78.32,6.76,829,0.041,CRITICAL
2026-09-19 01:43:00,M006,COMBINED_STRESS,31.36,78.56,6.61,784,0.039,CRITICAL
2026-09-19 01:44:00,M006,COMBINED_STRESS,31.26,78.46,6.95,827,0.042,CRITICAL
2026-09-19 01:45:00,M006,COMBINED_STRESS,31.37,80.23,6.53,763,0.041,CRITICAL
2026-09-19 01:46:00,M006,COMBINED_STRESS,31.16,79.12,6.24,798,0.027,CRITICAL
2026-09-19 01:47:00,M006,COMBINED_STRESS,31.58,77.83,6.93,796,0.04,CRITICAL
2026-09-19 01:48:00,M006,COMBINED_STRESS,31.24,78.71,6.62,808,0.042,CRITICAL
2026-09-19 01:49:00,M006,COMBINED_STRESS,31.32,78.6,6.47,833,0.041,CRITICAL
2026-09-19 01:50:00,M006,COMBINED_STRESS,31.22,78.81,6.97,811,0.035,CRITICAL
2026-09-19 01:51:00,M006,COMBINED_STRESS,31.51,77.22,6.96,834,0.04,CRITICAL
2026-09-19 01:52:00,M006,COMBINED_STRESS,31.44,78.82,6.76,820,0.04,CRITICAL
2026-09-19 01:53:00,M006,COMBINED_STRESS,31.79,78.78,6.72,851,0.033,CRITICAL
2026-09-19 01:54:00,M006,COMBINED_STRESS,31.35,78.59,6.78,827,0.039,CRITICAL
2026-09-19 01:55:00,M006,COMBINED_STRESS,31.24,79.0,7.14,798,0.042,CRITICAL
2026-09-19 01:56:00,M006,COMBINED_STRESS,31.33,77.88,6.62,807,0.039,CRITICAL
2026-09-19 01:57:00,M006,COMBINED_STRESS,31.41,79.03,6.94,812,0.045,CRITICAL
2026-09-19 01:58:00,M006,COMBINED_STRESS,30.91,78.36,7.01,813,0.044,CRITICAL
2026-09-19 01:59:00,M006,COMBINED_STRESS,31.46,78.97,6.72,813,0.041,CRITICAL
2026-09-19 02:00:00,M006,COMBINED_STRESS,31.14,78.68,6.88,814,0.037,CRITICAL
2026-09-19 02:01:00,M006,COMBINED_STRESS,31.45,78.87,6.99,868,0.04,CRITICAL
2026-09-19 02:02:00,M006,COMBINED_STRESS,31.78,77.91,7.08,835,0.04,CRITICAL
2026-09-19 02:03:00,M006,COMBINED_STRESS,31.13,79.65,6.46,841,0.037,CRITICAL
2026-09-19 02:04:00,M006,COMBINED_STRESS,31.47,80.03,7.08,836,0.043,CRITICAL
2026-09-19 02:05:00,M006,COMBINED_STRESS,32.04,79.55,6.52,805,0.041,CRITICAL
2026-09-19 02:06:00,M006,COMBINED_STRESS,31.73,78.21,7.12,811,0.044,CRITICAL
2026-09-19 02:07:00,M006,COMBINED_STRESS,31.09,78.67,7.28,805,0.04,CRITICAL
2026-09-19 02:08:00,M006,COMBINED_STRESS,31.54,78.79,6.66,830,0.043,CRITICAL
2026-09-19 02:09:00,M006,COMBINED_STRESS,32.22,79.62,7.17,873,0.052,CRITICAL
2026-09-19 02:10:00,M006,COMBINED_STRESS,31.53,79.63,7.39,814,0.045,CRITICAL
2026-09-19 02:11:00,M006,COMBINED_STRESS,31.53,80.35,7.05,876,0.052,CRITICAL
2026-09-19 02:12:00,M006,COMBINED_STRESS,31.9,80.66,6.84,860,0.053,CRITICAL
2026-09-19 02:13:00,M006,COMBINED_STRESS,31.75,80.59,7.22,887,0.049,CRITICAL
2026-09-19 02:14:00,M006,COMBINED_STRESS,31.9,78.88,7.41,841,0.047,CRITICAL
2026-09-19 02:15:00,M006,COMBINED_STRESS,32.25,79.72,7.26,866,0.051,CRITICAL
2026-09-19 02:16:00,M006,COMBINED_STRESS,31.95,79.7,7.41,850,0.039,CRITICAL
2026-09-19 02:17:00,M006,COMBINED_STRESS,32.0,80.75,7.45,889,0.051,CRITICAL
2026-09-19 02:18:00,M006,COMBINED_STRESS,32.02,79.8,7.28,878,0.06,CRITICAL
2026-09-19 02:19:00,M006,COMBINED_STRESS,31.55,80.55,7.66,825,0.048,CRITICAL
2026-09-19 02:20:00,M006,COMBINED_STRESS,32.01,80.75,7.53,863,0.057,CRITICAL
2026-09-19 02:21:00,M006,COMBINED_STRESS,32.19,80.85,6.5,868,0.058,CRITICAL
2026-09-19 02:22:00,M006,COMBINED_STRESS,31.7,79.74,7.83,891,0.058,CRITICAL
2026-09-19 02:23:00,M006,COMBINED_STRESS,32.18,81.18,7.18,877,0.058,CRITICAL
2026-09-19 02:24:00,M006,COMBINED_STRESS,32.17,81.11,6.89,883,0.057,CRITICAL
2026-09-19 02:25:00,M006,COMBINED_STRESS,32.62,81.56,7.52,861,0.057,CRITICAL
2026-09-19 02:26:00,M006,COMBINED_STRESS,32.19,82.14,7.71,895,0.055,CRITICAL
2026-09-19 02:27:00,M006,COMBINED_STRESS,32.5,81.61,7.65,839,0.064,CRITICAL
2026-09-19 02:28:00,M006,COMBINED_STRESS,32.14,82.35,7.77,876,0.056,CRITICAL
2026-09-19 02:29:00,M006,COMBINED_STRESS,32.21,81.41,7.61,893,0.063,CRITICAL
2026-09-19 02:30:00,M006,COMBINED_STRESS,32.85,82.16,7.57,902,0.073,CRITICAL
2026-09-19 02:31:00,M006,COMBINED_STRESS,32.51,81.49,7.77,899,0.057,CRITICAL
2026-09-19 02:32:00,M006,COMBINED_STRESS,32.99,82.01,7.78,925,0.06,CRITICAL
2026-09-19 02:33:00,M006,COMBINED_STRESS,32.56,82.66,7.92,910,0.064,CRITICAL
2026-09-19 02:34:00,M006,COMBINED_STRESS,32.59,82.6,8.0,893,0.057,CRITICAL
2026-09-19 02:35:00,M006,COMBINED_STRESS,32.57,83.85,7.18,910,0.067,CRITICAL
2026-09-19 02:36:00,M006,COMBINED_STRESS,32.97,82.69,7.71,962,0.068,CRITICAL
2026-09-19 02:37:00,M006,COMBINED_STRESS,32.65,82.47,7.76,919,0.071,CRITICAL
2026-09-19 02:38:00,M006,COMBINED_STRESS,32.8,82.74,7.71,911,0.067,CRITICAL
2026-09-19 02:39:00,M006,COMBINED_STRESS,32.75,83.84,7.91,946,0.069,CRITICAL
2026-09-19 02:40:00,M006,COMBINED_STRESS,32.82,82.39,7.97,906,0.079,CRITICAL
2026-09-19 02:41:00,M006,COMBINED_STRESS,32.79,83.7,7.83,919,0.065,CRITICAL
2026-09-19 02:42:00,M006,COMBINED_STRESS,33.26,84.68,8.24,930,0.07,CRITICAL
2026-09-19 02:43:00,M006,COMBINED_STRESS,33.24,83.91,7.84,942,0.07,CRITICAL
2026-09-19 02:44:00,M006,COMBINED_STRESS,33.38,84.09,7.96,930,0.064,CRITICAL
2026-09-19 02:45:00,M006,COMBINED_STRESS,33.5,84.14,8.45,932,0.063,CRITICAL
2026-09-19 02:46:00,M006,COMBINED_STRESS,33.45,85.46,8.0,936,0.066,CRITICAL
2026-09-19 02:47:00,M006,COMBINED_STRESS,33.29,85.04,8.21,916,0.069,CRITICAL
2026-09-19 02:48:00,M006,COMBINED_STRESS,33.29,84.11,8.18,952,0.072,CRITICAL
2026-09-19 02:49:00,M006,COMBINED_STRESS,32.76,85.35,8.26,956,0.08,CRITICAL
2026-09-19 02:50:00,M006,COMBINED_STRESS,33.57,83.45,7.91,986,0.074,CRITICAL
2026-09-19 02:51:00,M006,COMBINED_STRESS,33.66,84.81,8.34,985,0.073,CRITICAL
2026-09-19 02:52:00,M006,COMBINED_STRESS,33.49,85.32,8.5,954,0.081,CRITICAL
2026-09-19 02:53:00,M006,COMBINED_STRESS,33.7,85.08,8.14,926,0.073,CRITICAL
2026-09-19 02:54:00,M006,COMBINED_STRESS,33.58,85.89,8.42,980,0.075,CRITICAL
2026-09-19 02:55:00,M006,COMBINED_STRESS,33.55,85.34,8.54,953,0.096,CRITICAL
2026-09-19 02:56:00,M006,COMBINED_STRESS,33.66,85.26,9.02,973,0.08,CRITICAL
2026-09-19 02:57:00,M006,COMBINED_STRESS,33.75,85.5,8.33,980,0.082,CRITICAL
2026-09-19 02:58:00,M006,COMBINED_STRESS,33.66,85.86,8.9,969,0.087,CRITICAL
2026-09-19 02:59:00,M006,COMBINED_STRESS,34.11,85.1,8.34,984,0.086,CRITICAL
2026-09-19 03:00:00,M006,COMBINED_STRESS,34.19,85.97,8.73,984,0.097,CRITICAL
2026-09-19 03:01:00,M006,COMBINED_STRESS,34.32,86.82,8.36,985,0.085,CRITICAL
2026-09-19 03:02:00,M006,COMBINED_STRESS,34.02,86.76,9.0,999,0.089,CRITICAL
2026-09-19 03:03:00,M006,COMBINED_STRESS,34.28,86.62,9.15,972,0.084,CRITICAL
2026-09-19 03:04:00,M006,COMBINED_STRESS,34.21,86.97,8.77,998,0.089,CRITICAL
2026-09-19 03:05:00,M006,COMBINED_STRESS,33.9,86.61,8.66,1013,0.084,CRITICAL
2026-09-19 03:06:00,M006,COMBINED_STRESS,34.0,87.59,9.16,1006,0.101,CRITICAL
2026-09-19 03:07:00,M006,COMBINED_STRESS,34.1,87.64,8.42,985,0.091,CRITICAL
2026-09-19 03:08:00,M006,COMBINED_STRESS,34.38,87.07,8.85,1017,0.097,CRITICAL
2026-09-19 03:09:00,M006,COMBINED_STRESS,34.59,87.99,8.8,982,0.087,CRITICAL
2026-09-19 03:10:00,M006,COMBINED_STRESS,33.93,88.14,8.77,1019,0.087,CRITICAL
2026-09-19 03:11:00,M006,COMBINED_STRESS,34.56,87.65,9.0,1033,0.093,CRITICAL
2026-09-19 03:12:00,M006,COMBINED_STRESS,34.47,87.46,8.98,1017,0.093,CRITICAL
2026-09-19 03:13:00,M006,COMBINED_STRESS,34.22,87.46,9.24,1038,0.097,CRITICAL
2026-09-19 03:14:00,M006,COMBINED_STRESS,34.66,87.65,9.15,1014,0.095,CRITICAL
2026-09-19 03:15:00,M006,COMBINED_STRESS,34.64,87.16,8.78,1002,0.097,CRITICAL
2026-09-19 03:16:00,M006,COMBINED_STRESS,34.83,87.4,9.46,1032,0.095,CRITICAL
2026-09-19 03:17:00,M006,COMBINED_STRESS,34.59,87.97,9.22,1010,0.095,CRITICAL
2026-09-19 03:18:00,M006,COMBINED_STRESS,34.44,87.81,9.16,1036,0.098,CRITICAL
2026-09-19 03:19:00,M006,COMBINED_STRESS,34.33,88.82,8.86,1001,0.1,CRITICAL
2026-09-19 03:20:00,M006,COMBINED_STRESS,34.83,88.55,8.88,1007,0.097,CRITICAL
2026-09-19 03:21:00,M006,COMBINED_STRESS,35.12,87.01,8.92,1029,0.1,CRITICAL
2026-09-19 03:22:00,M006,COMBINED_STRESS,34.81,89.12,9.13,1007,0.096,CRITICAL
2026-09-19 03:23:00,M006,COMBINED_STRESS,34.52,89.5,9.03,1024,0.093,CRITICAL
2026-09-19 03:24:00,M006,COMBINED_STRESS,34.63,87.55,8.66,1023,0.1,CRITICAL
2026-09-19 03:25:00,M006,COMBINED_STRESS,34.67,88.5,8.99,1041,0.1,CRITICAL
2026-09-19 03:26:00,M006,COMBINED_STRESS,34.51,87.93,9.04,1049,0.103,CRITICAL
2026-09-19 03:27:00,M006,COMBINED_STRESS,34.87,88.21,8.86,1010,0.093,CRITICAL
2026-09-19 03:28:00,M006,COMBINED_STRESS,34.84,87.03,9.13,1016,0.094,CRITICAL
2026-09-19 03:29:00,M006,COMBINED_STRESS,34.81,88.21,9.09,1023,0.101,CRITICAL
2026-09-19 03:30:00,M006,COMBINED_STRESS,35.0,89.43,9.16,1050,0.1,CRITICAL
2026-09-19 03:31:00,M006,COMBINED_STRESS,34.93,87.36,9.45,1050,0.099,CRITICAL
2026-09-19 03:32:00,M006,COMBINED_STRESS,34.93,88.64,9.11,1045,0.099,CRITICAL
2026-09-19 03:33:00,M006,COMBINED_STRESS,34.79,88.14,9.04,1010,0.096,CRITICAL
2026-09-19 03:34:00,M006,COMBINED_STRESS,34.39,88.67,9.09,975,0.101,CRITICAL
2026-09-19 03:35:00,M006,COMBINED_STRESS,34.65,89.5,8.62,1041,0.097,CRITICAL
2026-09-19 03:36:00,M006,COMBINED_STRESS,34.62,89.32,9.12,1021,0.099,CRITICAL
2026-09-19 03:37:00,M006,COMBINED_STRESS,34.61,88.8,9.24,1002,0.087,CRITICAL
2026-09-19 03:38:00,M006,COMBINED_STRESS,35.05,88.41,9.25,1055,0.103,CRITICAL
2026-09-19 03:39:00,M006,COMBINED_STRESS,34.97,89.3,9.12,1020,0.101,CRITICAL
2026-09-19 03:40:00,M006,COMBINED_STRESS,34.58,89.19,9.17,1017,0.102,CRITICAL
2026-09-19 03:41:00,M006,COMBINED_STRESS,35.19,87.9,9.12,1034,0.099,CRITICAL
2026-09-19 03:42:00,M006,COMBINED_STRESS,35.11,88.15,9.05,1022,0.099,CRITICAL
2026-09-19 03:43:00,M006,COMBINED_STRESS,35.09,88.95,9.37,1066,0.097,CRITICAL
2026-09-19 03:44:00,M006,COMBINED_STRESS,34.79,88.71,9.44,1006,0.096,CRITICAL
2026-09-19 03:45:00,M006,COMBINED_STRESS,34.7,88.73,9.38,1013,0.085,CRITICAL
2026-09-19 03:46:00,M006,COMBINED_STRESS,34.72,87.78,9.05,1036,0.098,CRITICAL
2026-09-19 03:47:00,M006,COMBINED_STRESS,34.7,87.32,8.82,1013,0.097,CRITICAL
2026-09-19 03:48:00,M006,COMBINED_STRESS,34.23,88.48,9.44,1036,0.102,CRITICAL
2026-09-19 03:49:00,M006,COMBINED_STRESS,34.93,86.9,9.32,1009,0.094,CRITICAL
2026-09-19 03:50:00,M006,COMBINED_STRESS,34.85,89.05,8.99,1037,0.097,CRITICAL
2026-09-19 03:51:00,M006,COMBINED_STRESS,34.57,89.43,8.94,1029,0.097,CRITICAL
2026-09-19 03:52:00,M006,COMBINED_STRESS,34.49,88.79,9.05,1029,0.094,CRITICAL
2026-09-19 03:53:00,M006,COMBINED_STRESS,34.63,87.89,9.01,955,0.104,CRITICAL
2026-09-19 03:54:00,M006,COMBINED_STRESS,34.65,88.23,9.41,1023,0.095,CRITICAL
2026-09-19 03:55:00,M006,COMBINED_STRESS,34.51,88.61,8.8,995,0.086,CRITICAL
2026-09-19 03:56:00,M006,COMBINED_STRESS,34.38,87.35,8.57,1022,0.082,CRITICAL
2026-09-19 03:57:00,M006,COMBINED_STRESS,34.15,87.65,8.83,1015,0.094,CRITICAL
2026-09-19 03:58:00,M006,COMBINED_STRESS,34.04,86.67,8.9,993,0.084,CRITICAL
2026-09-19 03:59:00,M006,COMBINED_STRESS,34.63,86.83,9.03,974,0.09,CRITICAL
2026-09-19 04:00:00,M006,COMBINED_STRESS,34.29,87.82,9.02,991,0.092,CRITICAL
2026-09-19 04:01:00,M006,COMBINED_STRESS,34.5,87.87,8.8,987,0.094,CRITICAL
2026-09-19 04:02:00,M006,COMBINED_STRESS,34.22,87.17,8.67,995,0.091,CRITICAL
2026-09-19 04:03:00,M006,COMBINED_STRESS,33.94,87.92,9.06,1015,0.094,CRITICAL
2026-09-19 04:04:00,M006,COMBINED_STRESS,34.57,88.21,8.88,984,0.093,CRITICAL
2026-09-19 04:05:00,M006,COMBINED_STRESS,34.17,87.34,8.91,992,0.09,CRITICAL
2026-09-19 04:06:00,M006,COMBINED_STRESS,33.8,85.92,8.26,952,0.082,CRITICAL
2026-09-19 04:07:00,M006,COMBINED_STRESS,34.29,86.64,8.61,1006,0.081,CRITICAL
2026-09-19 04:08:00,M006,COMBINED_STRESS,33.79,87.23,8.66,976,0.089,CRITICAL
2026-09-19 04:09:00,M006,COMBINED_STRESS,33.71,87.12,8.76,926,0.082,CRITICAL
2026-09-19 04:10:00,M006,COMBINED_STRESS,33.76,85.46,8.69,1028,0.085,CRITICAL
2026-09-19 04:11:00,M006,COMBINED_STRESS,33.32,86.45,8.45,992,0.085,CRITICAL
2026-09-19 04:12:00,M006,COMBINED_STRESS,33.62,87.14,8.66,995,0.085,CRITICAL
2026-09-19 04:13:00,M006,COMBINED_STRESS,33.73,86.86,8.34,981,0.08,CRITICAL
2026-09-19 04:14:00,M006,COMBINED_STRESS,33.61,84.54,8.16,978,0.08,CRITICAL
2026-09-19 04:15:00,M006,COMBINED_STRESS,33.69,85.86,8.52,944,0.084,CRITICAL
2026-09-19 04:16:00,M006,COMBINED_STRESS,33.87,85.52,8.44,1019,0.084,CRITICAL
2026-09-19 04:17:00,M006,COMBINED_STRESS,33.36,85.34,8.4,964,0.075,CRITICAL
2026-09-19 04:18:00,M006,COMBINED_STRESS,33.73,84.57,8.54,921,0.076,CRITICAL
2026-09-19 04:19:00,M006,COMBINED_STRESS,34.03,85.96,9.03,967,0.091,CRITICAL
2026-09-19 04:20:00,M006,COMBINED_STRESS,33.32,85.83,8.22,987,0.076,CRITICAL
2026-09-19 04:21:00,M006,COMBINED_STRESS,33.36,84.21,8.68,930,0.075,CRITICAL
2026-09-19 04:22:00,M006,COMBINED_STRESS,33.09,84.94,8.37,947,0.073,CRITICAL
2026-09-19 04:23:00,M006,COMBINED_STRESS,32.96,85.69,8.2,951,0.084,CRITICAL
2026-09-19 04:24:00,M006,COMBINED_STRESS,33.31,83.58,8.45,938,0.075,CRITICAL
2026-09-19 04:25:00,M006,COMBINED_STRESS,33.65,84.07,8.07,919,0.078,CRITICAL
2026-09-19 04:26:00,M006,COMBINED_STRESS,33.66,83.87,8.44,931,0.074,CRITICAL
2026-09-19 04:27:00,M006,COMBINED_STRESS,33.11,83.96,7.6,904,0.062,CRITICAL
2026-09-19 04:28:00,M006,COMBINED_STRESS,33.26,84.83,8.17,962,0.068,CRITICAL
2026-09-19 04:29:00,M006,COMBINED_STRESS,32.91,84.43,8.04,924,0.076,CRITICAL
2026-09-19 04:30:00,M006,COMBINED_STRESS,32.99,83.11,7.68,923,0.063,CRITICAL
2026-09-19 04:31:00,M006,COMBINED_STRESS,32.9,83.47,8.32,936,0.067,CRITICAL
2026-09-19 04:32:00,M006,COMBINED_STRESS,33.21,82.53,7.92,884,0.061,CRITICAL
2026-09-19 04:33:00,M006,COMBINED_STRESS,32.66,81.63,7.95,922,0.065,CRITICAL
2026-09-19 04:34:00,M006,COMBINED_STRESS,33.2,83.79,7.74,931,0.075,CRITICAL
2026-09-19 04:35:00,M006,COMBINED_STRESS,32.86,83.01,7.69,894,0.058,CRITICAL
2026-09-19 04:36:00,M006,COMBINED_STRESS,32.95,81.91,7.89,899,0.06,CRITICAL
2026-09-19 04:37:00,M006,COMBINED_STRESS,32.89,83.72,7.59,878,0.063,CRITICAL
2026-09-19 04:38:00,M006,COMBINED_STRESS,32.91,83.03,7.71,916,0.059,CRITICAL
2026-09-19 04:39:00,M006,COMBINED_STRESS,32.42,82.22,8.07,900,0.062,CRITICAL
2026-09-19 04:40:00,M006,COMBINED_STRESS,32.66,82.04,7.37,880,0.071,CRITICAL
2026-09-19 04:41:00,M006,COMBINED_STRESS,32.37,82.82,7.5,887,0.064,CRITICAL
2026-09-19 04:42:00,M006,COMBINED_STRESS,31.88,82.1,7.33,853,0.059,CRITICAL
2026-09-19 04:43:00,M006,COMBINED_STRESS,32.44,82.34,7.5,852,0.054,CRITICAL
2026-09-19 04:44:00,M006,COMBINED_STRESS,32.28,81.12,7.18,847,0.057,CRITICAL
2026-09-19 04:45:00,M006,COMBINED_STRESS,32.41,81.5,7.05,891,0.057,CRITICAL
2026-09-19 04:46:00,M006,COMBINED_STRESS,31.76,82.23,7.44,862,0.047,CRITICAL
2026-09-19 04:47:00,M006,COMBINED_STRESS,31.89,81.33,7.75,861,0.062,CRITICAL
2026-09-19 04:48:00,M006,COMBINED_STRESS,32.03,80.11,7.82,886,0.053,CRITICAL
2026-09-19 04:49:00,M006,COMBINED_STRESS,31.76,80.11,7.5,860,0.06,CRITICAL
2026-09-19 04:50:00,M006,COMBINED_STRESS,32.08,81.72,7.17,895,0.054,CRITICAL
2026-09-19 04:51:00,M006,COMBINED_STRESS,31.89,80.01,7.35,894,0.039,CRITICAL
2026-09-19 04:52:00,M006,COMBINED_STRESS,31.81,79.77,7.45,859,0.059,CRITICAL
2026-09-19 04:53:00,M006,COMBINED_STRESS,31.88,81.21,7.47,809,0.054,CRITICAL
2026-09-19 04:54:00,M006,COMBINED_STRESS,32.3,81.1,7.13,848,0.047,CRITICAL
2026-09-19 04:55:00,M006,COMBINED_STRESS,31.52,80.94,7.21,861,0.057,CRITICAL
2026-09-19 04:56:00,M006,COMBINED_STRESS,31.87,80.39,7.13,836,0.06,CRITICAL
2026-09-19 04:57:00,M006,COMBINED_STRESS,31.78,79.16,7.33,823,0.059,CRITICAL
2026-09-19 04:58:00,M006,COMBINED_STRESS,31.5,80.82,7.11,834,0.05,CRITICAL
2026-09-19 04:59:00,M006,COMBINED_STRESS,31.05,80.65,6.95,836,0.05,CRITICAL
2026-09-19 05:00:00,M006,COMBINED_STRESS,31.43,79.78,6.99,829,0.052,CRITICAL
2026-09-19 05:01:00,M006,COMBINED_STRESS,31.83,80.04,7.33,854,0.048,CRITICAL
2026-09-19 05:02:00,M006,COMBINED_STRESS,31.7,79.83,6.85,843,0.047,CRITICAL
2026-09-19 05:03:00,M006,COMBINED_STRESS,31.33,79.85,7.06,827,0.049,CRITICAL
2026-09-19 05:04:00,M006,COMBINED_STRESS,31.27,77.39,7.66,853,0.05,CRITICAL
2026-09-19 05:05:00,M006,COMBINED_STRESS,31.54,78.93,7.0,821,0.047,CRITICAL
2026-09-19 05:06:00,M006,COMBINED_STRESS,31.85,78.65,6.57,820,0.045,CRITICAL
2026-09-19 05:07:00,M006,COMBINED_STRESS,31.32,79.5,7.21,833,0.051,CRITICAL
2026-09-19 05:08:00,M006,COMBINED_STRESS,31.69,79.51,6.55,837,0.046,CRITICAL
2026-09-19 05:09:00,M006,COMBINED_STRESS,30.93,78.58,7.15,793,0.049,CRITICAL
2026-09-19 05:10:00,M006,COMBINED_STRESS,31.42,79.18,7.25,825,0.039,CRITICAL
2026-09-19 05:11:00,M006,COMBINED_STRESS,31.06,78.41,7.04,800,0.046,CRITICAL
2026-09-19 05:12:00,M006,COMBINED_STRESS,31.32,78.8,6.87,847,0.044,CRITICAL
2026-09-19 05:13:00,M006,COMBINED_STRESS,31.1,78.51,6.98,798,0.046,CRITICAL
2026-09-19 05:14:00,M006,COMBINED_STRESS,31.03,78.99,6.56,827,0.043,CRITICAL
2026-09-19 05:15:00,M006,COMBINED_STRESS,31.07,78.73,6.68,838,0.045,CRITICAL
2026-09-19 05:16:00,M006,COMBINED_STRESS,31.57,78.48,6.69,814,0.042,CRITICAL
2026-09-19 05:17:00,M006,COMBINED_STRESS,31.19,77.49,6.78,832,0.036,CRITICAL
2026-09-19 05:18:00,M006,COMBINED_STRESS,30.98,79.19,6.88,811,0.051,CRITICAL
2026-09-19 05:19:00,M006,COMBINED_STRESS,31.1,78.07,6.76,817,0.038,CRITICAL
2026-09-19 05:20:00,M006,COMBINED_STRESS,31.0,78.19,6.78,825,0.047,CRITICAL
2026-09-19 05:21:00,M006,COMBINED_STRESS,31.46,79.38,6.89,825,0.04,CRITICAL
2026-09-19 05:22:00,M006,COMBINED_STRESS,31.1,76.74,6.74,809,0.046,CRITICAL
2026-09-19 05:23:00,M006,COMBINED_STRESS,31.31,78.56,7.0,842,0.041,CRITICAL
2026-09-19 05:24:00,M006,COMBINED_STRESS,31.06,78.46,6.91,829,0.046,CRITICAL
2026-09-19 05:25:00,M006,COMBINED_STRESS,31.36,77.95,6.43,832,0.034,CRITICAL
2026-09-19 05:26:00,M006,COMBINED_STRESS,30.9,77.43,6.79,808,0.048,CRITICAL
2026-09-19 05:27:00,M006,COMBINED_STRESS,31.0,78.15,6.73,829,0.037,CRITICAL
2026-09-19 05:28:00,M006,COMBINED_STRESS,31.07,78.47,6.87,817,0.046,CRITICAL
2026-09-19 05:29:00,M006,COMBINED_STRESS,31.32,79.05,6.62,808,0.036,CRITICAL
2026-09-19 05:30:00,M006,COMBINED_STRESS,31.17,79.19,7.0,827,0.035,CRITICAL
2026-09-19 05:31:00,M006,COMBINED_STRESS,31.13,77.1,6.69,832,0.03,CRITICAL
2026-09-19 05:32:00,M006,COMBINED_STRESS,31.32,78.41,6.87,834,0.036,CRITICAL
2026-09-19 05:33:00,M006,COMBINED_STRESS,30.87,78.54,6.78,886,0.049,CRITICAL
2026-09-19 05:34:00,M006,COMBINED_STRESS,30.99,79.0,7.03,829,0.037,CRITICAL
2026-09-19 05:35:00,M006,COMBINED_STRESS,31.4,78.02,6.85,823,0.037,CRITICAL
2026-09-19 05:36:00,M006,COMBINED_STRESS,30.9,79.38,6.54,841,0.047,CRITICAL
2026-09-19 05:37:00,M006,COMBINED_STRESS,31.34,78.97,6.71,843,0.048,CRITICAL
2026-09-19 05:38:00,M006,COMBINED_STRESS,32.12,77.46,7.0,848,0.037,CRITICAL
2026-09-19 05:39:00,M006,COMBINED_STRESS,31.43,78.81,7.18,842,0.04,CRITICAL
2026-09-19 05:40:00,M006,COMBINED_STRESS,30.96,79.32,6.85,814,0.04,CRITICAL
2026-09-19 05:41:00,M006,COMBINED_STRESS,31.64,78.98,6.85,820,0.044,CRITICAL
2026-09-19 05:42:00,M006,COMBINED_STRESS,31.2,78.48,6.42,846,0.041,CRITICAL
2026-09-19 05:43:00,M006,COMBINED_STRESS,31.4,77.88,6.9,858,0.051,CRITICAL
2026-09-19 05:44:00,M006,COMBINED_STRESS,31.61,79.7,6.91,803,0.045,CRITICAL
2026-09-19 05:45:00,M006,COMBINED_STRESS,31.31,79.2,7.0,845,0.05,CRITICAL
2026-09-19 05:46:00,M006,COMBINED_STRESS,31.17,78.03,7.25,843,0.044,CRITICAL
2026-09-19 05:47:00,M006,COMBINED_STRESS,31.26,79.85,7.04,821,0.034,CRITICAL
2026-09-19 05:48:00,M006,COMBINED_STRESS,31.42,79.82,6.58,850,0.05,CRITICAL
2026-09-19 05:49:00,M006,COMBINED_STRESS,31.32,80.13,7.33,848,0.049,CRITICAL
2026-09-19 05:50:00,M006,COMBINED_STRESS,31.83,80.69,7.07,873,0.038,CRITICAL
2026-09-19 05:51:00,M006,COMBINED_STRESS,32.21,79.51,6.95,868,0.041,CRITICAL
2026-09-19 05:52:00,M006,COMBINED_STRESS,32.0,80.34,7.45,846,0.049,CRITICAL
2026-09-19 05:53:00,M006,COMBINED_STRESS,31.8,78.51,7.37,853,0.049,CRITICAL
2026-09-19 05:54:00,M006,COMBINED_STRESS,31.41,79.98,6.8,880,0.052,CRITICAL
2026-09-19 05:55:00,M006,COMBINED_STRESS,31.92,79.21,7.27,856,0.049,CRITICAL
2026-09-19 05:56:00,M006,COMBINED_STRESS,31.91,80.09,7.28,881,0.047,CRITICAL
2026-09-19 05:57:00,M006,COMBINED_STRESS,31.84,79.79,7.36,852,0.045,CRITICAL
2026-09-19 05:58:00,M006,COMBINED_STRESS,31.93,80.81,7.92,883,0.062,CRITICAL
2026-09-19 05:59:00,M006,COMBINED_STRESS,32.29,80.63,7.33,863,0.052,CRITICAL
2026-09-19 06:00:00,M006,COMBINED_STRESS,32.28,81.31,7.11,895,0.056,CRITICAL
2026-09-19 06:01:00,M006,COMBINED_STRESS,32.09,80.57,7.55,840,0.056,CRITICAL
2026-09-19 06:02:00,M006,COMBINED_STRESS,32.28,80.82,7.36,862,0.069,CRITICAL
2026-09-19 06:03:00,M006,COMBINED_STRESS,32.53,81.84,7.9,832,0.058,CRITICAL
2026-09-19 06:04:00,M006,COMBINED_STRESS,32.29,80.54,7.26,854,0.051,CRITICAL
2026-09-19 06:05:00,M006,COMBINED_STRESS,31.87,81.17,7.66,867,0.055,CRITICAL
2026-09-19 06:06:00,M006,COMBINED_STRESS,32.79,80.05,7.54,869,0.059,CRITICAL
2026-09-19 06:07:00,M006,COMBINED_STRESS,32.14,80.92,7.81,862,0.054,CRITICAL
2026-09-19 06:08:00,M006,COMBINED_STRESS,32.34,81.46,7.56,911,0.067,CRITICAL
2026-09-19 06:09:00,M006,COMBINED_STRESS,32.73,82.1,7.83,928,0.058,CRITICAL
2026-09-19 06:10:00,M006,COMBINED_STRESS,32.57,81.86,7.79,888,0.053,CRITICAL
2026-09-19 06:11:00,M006,COMBINED_STRESS,32.66,81.87,7.59,878,0.064,CRITICAL
2026-09-19 06:12:00,M006,COMBINED_STRESS,32.61,81.26,7.79,870,0.058,CRITICAL
2026-09-19 06:13:00,M006,COMBINED_STRESS,32.75,82.47,7.26,905,0.064,CRITICAL
2026-09-19 06:14:00,M006,COMBINED_STRESS,32.49,82.55,7.85,870,0.059,CRITICAL
2026-09-19 06:15:00,M006,COMBINED_STRESS,32.84,83.43,7.9,901,0.074,CRITICAL
2026-09-19 06:16:00,M006,COMBINED_STRESS,32.71,82.93,7.82,942,0.063,CRITICAL
2026-09-19 06:17:00,M006,COMBINED_STRESS,32.84,83.36,7.71,903,0.07,CRITICAL
2026-09-19 06:18:00,M006,COMBINED_STRESS,33.13,83.43,7.93,939,0.062,CRITICAL
2026-09-19 06:19:00,M006,COMBINED_STRESS,32.84,82.99,8.03,912,0.072,CRITICAL
2026-09-19 06:20:00,M006,COMBINED_STRESS,33.17,84.12,7.92,921,0.076,CRITICAL
2026-09-19 06:21:00,M006,COMBINED_STRESS,33.31,84.67,8.17,906,0.077,CRITICAL
2026-09-19 06:22:00,M006,COMBINED_STRESS,33.38,84.19,7.86,944,0.066,CRITICAL
2026-09-19 06:23:00,M006,COMBINED_STRESS,33.15,84.57,8.11,937,0.076,CRITICAL
2026-09-19 06:24:00,M006,COMBINED_STRESS,33.24,85.39,7.91,951,0.076,CRITICAL
2026-09-19 06:25:00,M006,COMBINED_STRESS,33.7,83.26,8.29,922,0.068,CRITICAL
2026-09-19 06:26:00,M006,COMBINED_STRESS,33.34,84.34,8.24,900,0.081,CRITICAL
2026-09-19 06:27:00,M006,COMBINED_STRESS,33.75,84.49,8.47,971,0.075,CRITICAL
2026-09-19 06:28:00,M006,COMBINED_STRESS,33.45,84.66,8.4,935,0.081,CRITICAL
2026-09-19 06:29:00,M006,COMBINED_STRESS,33.07,83.43,8.26,915,0.079,CRITICAL
2026-09-19 06:30:00,M006,COMBINED_STRESS,33.77,84.16,8.4,961,0.079,CRITICAL
2026-09-19 06:31:00,M006,COMBINED_STRESS,33.37,85.63,8.35,956,0.075,CRITICAL
2026-09-19 06:32:00,M006,COMBINED_STRESS,33.61,85.31,8.49,975,0.078,CRITICAL
2026-09-19 06:33:00,M006,COMBINED_STRESS,33.7,85.11,7.91,938,0.068,CRITICAL
2026-09-19 06:34:00,M006,COMBINED_STRESS,33.79,85.33,8.24,977,0.076,CRITICAL
2026-09-19 06:35:00,M006,COMBINED_STRESS,33.76,85.88,8.3,994,0.09,CRITICAL
2026-09-19 06:36:00,M006,COMBINED_STRESS,33.92,86.46,8.78,964,0.089,CRITICAL
2026-09-19 06:37:00,M006,COMBINED_STRESS,33.71,85.25,8.35,952,0.083,CRITICAL
2026-09-19 06:38:00,M006,COMBINED_STRESS,33.7,86.15,8.51,992,0.081,CRITICAL
2026-09-19 06:39:00,M006,COMBINED_STRESS,34.0,86.66,8.71,1001,0.09,CRITICAL
2026-09-19 06:40:00,M006,COMBINED_STRESS,34.37,86.26,8.34,967,0.09,CRITICAL
2026-09-19 06:41:00,M006,COMBINED_STRESS,34.78,87.32,8.5,1007,0.086,CRITICAL
2026-09-19 06:42:00,M006,COMBINED_STRESS,34.0,85.95,9.42,984,0.085,CRITICAL
2026-09-19 06:43:00,M006,COMBINED_STRESS,34.02,87.3,8.56,1002,0.089,CRITICAL
2026-09-19 06:44:00,M006,COMBINED_STRESS,34.03,88.6,8.72,1009,0.085,CRITICAL
2026-09-19 06:45:00,M006,COMBINED_STRESS,34.04,87.02,8.58,1027,0.097,CRITICAL
2026-09-19 06:46:00,M006,COMBINED_STRESS,34.47,86.9,8.86,986,0.098,CRITICAL
2026-09-19 06:47:00,M006,COMBINED_STRESS,34.66,87.25,8.78,1021,0.089,CRITICAL
2026-09-19 06:48:00,M006,COMBINED_STRESS,34.18,86.67,8.87,1006,0.09,CRITICAL
2026-09-19 06:49:00,M006,COMBINED_STRESS,34.5,87.02,8.98,1023,0.097,CRITICAL
2026-09-19 06:50:00,M006,COMBINED_STRESS,34.31,87.87,8.97,1027,0.089,CRITICAL
2026-09-19 06:51:00,M006,COMBINED_STRESS,34.01,88.4,8.74,1013,0.092,CRITICAL
2026-09-19 06:52:00,M006,COMBINED_STRESS,34.14,88.07,8.9,1031,0.098,CRITICAL
2026-09-19 06:53:00,M006,COMBINED_STRESS,34.29,88.44,8.65,1034,0.099,CRITICAL
2026-09-19 06:54:00,M006,COMBINED_STRESS,34.59,88.75,8.53,1014,0.089,CRITICAL
2026-09-19 06:55:00,M006,COMBINED_STRESS,34.42,87.82,8.94,1007,0.097,CRITICAL
2026-09-19 06:56:00,M006,COMBINED_STRESS,34.48,87.35,8.83,998,0.091,CRITICAL
2026-09-19 06:57:00,M006,COMBINED_STRESS,34.55,87.59,9.22,1021,0.094,CRITICAL
2026-09-19 06:58:00,M006,COMBINED_STRESS,34.73,87.86,9.29,993,0.098,CRITICAL
2026-09-19 06:59:00,M006,COMBINED_STRESS,34.74,89.49,8.88,994,0.096,CRITICAL
2026-09-19 07:00:00,M006,COMBINED_STRESS,34.58,88.24,9.5,1003,0.094,CRITICAL
2026-09-19 07:01:00,M006,COMBINED_STRESS,34.51,89.03,8.96,1023,0.095,CRITICAL
2026-09-19 07:02:00,M006,COMBINED_STRESS,34.54,88.26,9.02,999,0.096,CRITICAL
2026-09-19 07:03:00,M006,COMBINED_STRESS,35.18,88.22,9.2,1037,0.1,CRITICAL
2026-09-19 07:04:00,M006,COMBINED_STRESS,34.52,87.25,8.68,1015,0.09,CRITICAL
2026-09-19 07:05:00,M006,COMBINED_STRESS,34.84,88.42,9.01,1025,0.088,CRITICAL
2026-09-19 07:06:00,M006,COMBINED_STRESS,34.81,89.14,8.97,1042,0.097,CRITICAL
2026-09-19 07:07:00,M006,COMBINED_STRESS,35.16,89.5,9.0,1017,0.099,CRITICAL
2026-09-19 07:08:00,M006,COMBINED_STRESS,35.12,88.15,9.2,1015,0.103,CRITICAL
2026-09-19 07:09:00,M006,COMBINED_STRESS,34.99,88.41,9.22,1029,0.1,CRITICAL
2026-09-19 07:10:00,M006,COMBINED_STRESS,35.06,88.52,8.77,1014,0.098,CRITICAL
2026-09-19 07:11:00,M006,COMBINED_STRESS,34.83,88.54,8.95,1022,0.097,CRITICAL
2026-09-19 07:12:00,M006,COMBINED_STRESS,34.85,89.54,8.92,1064,0.1,CRITICAL
2026-09-19 07:13:00,M006,COMBINED_STRESS,34.2,88.37,8.94,1018,0.104,CRITICAL
2026-09-19 07:14:00,M006,COMBINED_STRESS,34.92,89.52,9.5,998,0.093,CRITICAL
2026-09-19 07:15:00,M006,COMBINED_STRESS,34.9,88.62,9.12,1021,0.104,CRITICAL
2026-09-19 07:16:00,M006,COMBINED_STRESS,34.6,89.3,9.31,1079,0.101,CRITICAL
2026-09-19 07:17:00,M006,COMBINED_STRESS,34.63,87.76,8.86,1039,0.104,CRITICAL
2026-09-19 07:18:00,M006,COMBINED_STRESS,35.02,88.24,9.37,1020,0.102,CRITICAL
2026-09-19 07:19:00,M006,COMBINED_STRESS,34.94,88.71,8.55,1020,0.104,CRITICAL
2026-09-19 07:20:00,M006,COMBINED_STRESS,35.02,88.09,9.13,997,0.101,CRITICAL
2026-09-19 07:21:00,M006,COMBINED_STRESS,35.08,87.08,9.35,1023,0.1,CRITICAL
2026-09-19 07:22:00,M006,COMBINED_STRESS,34.96,88.92,9.47,1023,0.104,CRITICAL
2026-09-19 07:23:00,M006,COMBINED_STRESS,34.69,87.62,8.99,1041,0.095,CRITICAL
2026-09-19 07:24:00,M006,COMBINED_STRESS,34.63,88.03,8.83,1050,0.102,CRITICAL
2026-09-19 07:25:00,M006,COMBINED_STRESS,34.56,90.13,9.19,1020,0.106,CRITICAL
2026-09-19 07:26:00,M006,COMBINED_STRESS,35.03,87.66,8.78,1039,0.101,CRITICAL
2026-09-19 07:27:00,M006,COMBINED_STRESS,35.06,88.1,9.06,1017,0.094,CRITICAL
2026-09-19 07:28:00,M006,COMBINED_STRESS,34.49,87.86,8.76,1029,0.105,CRITICAL
2026-09-19 07:29:00,M006,COMBINED_STRESS,34.72,87.82,9.17,1014,0.094,CRITICAL
2026-09-19 07:30:00,M006,COMBINED_STRESS,34.45,89.32,9.0,1005,0.099,CRITICAL
2026-09-19 07:31:00,M006,COMBINED_STRESS,34.77,87.91,9.08,1001,0.095,CRITICAL
2026-09-19 07:32:00,M006,COMBINED_STRESS,34.7,88.12,9.02,1003,0.103,CRITICAL
2026-09-19 07:33:00,M006,COMBINED_STRESS,34.47,88.25,9.06,1012,0.09,CRITICAL
2026-09-19 07:34:00,M006,COMBINED_STRESS,34.87,88.47,9.13,1026,0.092,CRITICAL
2026-09-19 07:35:00,M006,COMBINED_STRESS,34.74,89.12,9.17,942,0.09,CRITICAL
2026-09-19 07:36:00,M006,COMBINED_STRESS,34.83,87.93,9.2,1005,0.096,CRITICAL
2026-09-19 07:37:00,M006,COMBINED_STRESS,34.71,87.84,8.83,1006,0.095,CRITICAL
2026-09-19 07:38:00,M006,COMBINED_STRESS,34.24,86.95,9.15,1039,0.098,CRITICAL
2026-09-19 07:39:00,M006,COMBINED_STRESS,34.47,86.74,9.15,995,0.089,CRITICAL
2026-09-19 07:40:00,M006,COMBINED_STRESS,34.25,86.48,9.08,992,0.086,CRITICAL
2026-09-19 07:41:00,M006,COMBINED_STRESS,34.33,86.73,8.73,972,0.1,CRITICAL
2026-09-19 07:42:00,M006,COMBINED_STRESS,34.12,88.01,8.76,980,0.085,CRITICAL
2026-09-19 07:43:00,M006,COMBINED_STRESS,34.11,86.48,8.9,968,0.099,CRITICAL
2026-09-19 07:44:00,M006,COMBINED_STRESS,34.48,85.69,8.49,985,0.097,CRITICAL
2026-09-19 07:45:00,M006,COMBINED_STRESS,34.04,87.71,9.12,1002,0.088,CRITICAL
2026-09-19 07:46:00,M006,COMBINED_STRESS,34.65,86.03,9.08,968,0.085,CRITICAL
2026-09-19 07:47:00,M006,COMBINED_STRESS,33.86,86.62,8.63,983,0.086,CRITICAL
2026-09-19 07:48:00,M006,COMBINED_STRESS,34.35,86.85,8.78,1002,0.092,CRITICAL
2026-09-19 07:49:00,M006,COMBINED_STRESS,33.85,86.2,8.46,997,0.088,CRITICAL
2026-09-19 07:50:00,M006,COMBINED_STRESS,34.05,85.25,8.41,984,0.083,CRITICAL
2026-09-19 07:51:00,M006,COMBINED_STRESS,33.79,86.34,8.89,980,0.083,CRITICAL
2026-09-19 07:52:00,M006,COMBINED_STRESS,34.02,85.84,8.53,944,0.085,CRITICAL
2026-09-19 07:53:00,M006,COMBINED_STRESS,34.21,86.19,8.63,1016,0.083,CRITICAL
2026-09-19 07:54:00,M006,COMBINED_STRESS,33.69,86.79,8.59,983,0.084,CRITICAL
2026-09-19 07:55:00,M006,COMBINED_STRESS,33.56,84.83,8.15,984,0.083,CRITICAL
2026-09-19 07:56:00,M006,COMBINED_STRESS,33.86,86.41,8.69,924,0.075,CRITICAL
2026-09-19 07:57:00,M006,COMBINED_STRESS,33.98,85.7,8.66,951,0.087,CRITICAL
2026-09-19 07:58:00,M006,COMBINED_STRESS,33.54,84.64,8.53,933,0.08,CRITICAL
2026-09-19 07:59:00,M006,COMBINED_STRESS,33.67,85.46,8.27,967,0.083,CRITICAL
2026-09-19 08:00:00,M006,COMBINED_STRESS,33.8,84.94,7.83,925,0.079,CRITICAL
2026-09-19 08:01:00,M006,COMBINED_STRESS,33.28,84.19,8.88,967,0.077,CRITICAL
2026-09-19 08:02:00,M006,COMBINED_STRESS,33.16,84.6,8.41,954,0.077,CRITICAL
2026-09-19 08:03:00,M006,COMBINED_STRESS,33.01,83.96,7.75,925,0.078,CRITICAL
2026-09-19 08:04:00,M006,COMBINED_STRESS,33.36,84.79,8.24,933,0.076,CRITICAL
2026-09-19 08:05:00,M006,COMBINED_STRESS,33.28,84.33,8.25,934,0.071,CRITICAL
2026-09-19 08:06:00,M006,COMBINED_STRESS,33.34,84.28,8.4,951,0.073,CRITICAL
2026-09-19 08:07:00,M006,COMBINED_STRESS,33.2,82.66,7.69,958,0.074,CRITICAL
2026-09-19 08:08:00,M006,COMBINED_STRESS,33.0,83.7,7.88,945,0.073,CRITICAL
2026-09-19 08:09:00,M006,COMBINED_STRESS,32.9,84.26,8.23,908,0.062,CRITICAL
2026-09-19 08:10:00,M006,COMBINED_STRESS,33.12,83.54,7.91,912,0.065,CRITICAL
2026-09-19 08:11:00,M006,COMBINED_STRESS,33.13,83.5,7.81,910,0.07,CRITICAL
2026-09-19 08:12:00,M006,COMBINED_STRESS,32.91,81.76,7.73,901,0.081,CRITICAL
2026-09-19 08:13:00,M006,COMBINED_STRESS,32.8,82.77,7.53,937,0.07,CRITICAL
2026-09-19 08:14:00,M006,COMBINED_STRESS,33.13,82.94,7.66,870,0.068,CRITICAL
2026-09-19 08:15:00,M006,COMBINED_STRESS,32.79,81.58,7.8,904,0.07,CRITICAL
2026-09-19 08:16:00,M006,COMBINED_STRESS,32.76,82.34,7.71,870,0.075,CRITICAL
2026-09-19 08:17:00,M006,COMBINED_STRESS,32.7,82.45,8.34,902,0.069,CRITICAL
2026-09-19 08:18:00,M006,COMBINED_STRESS,32.85,82.44,7.71,926,0.064,CRITICAL
2026-09-19 08:19:00,M006,COMBINED_STRESS,32.31,82.53,7.44,879,0.069,CRITICAL
2026-09-19 08:20:00,M006,COMBINED_STRESS,32.18,83.07,7.49,898,0.065,CRITICAL
2026-09-19 08:21:00,M006,COMBINED_STRESS,32.07,82.05,7.85,907,0.054,CRITICAL
2026-09-19 08:22:00,M006,COMBINED_STRESS,32.65,81.54,7.9,903,0.065,CRITICAL
2026-09-19 08:23:00,M006,COMBINED_STRESS,32.02,81.68,7.35,913,0.053,CRITICAL
2026-09-19 08:24:00,M006,COMBINED_STRESS,32.92,81.21,7.91,873,0.054,CRITICAL
2026-09-19 08:25:00,M006,COMBINED_STRESS,32.13,81.37,7.41,862,0.061,CRITICAL
2026-09-19 08:26:00,M006,COMBINED_STRESS,32.51,81.29,7.36,923,0.065,CRITICAL
2026-09-19 08:27:00,M006,COMBINED_STRESS,31.67,80.34,7.63,882,0.054,CRITICAL
2026-09-19 08:28:00,M006,COMBINED_STRESS,32.12,80.48,7.34,874,0.061,CRITICAL
2026-09-19 08:29:00,M006,COMBINED_STRESS,32.28,80.74,7.37,894,0.055,CRITICAL
2026-09-19 08:30:00,M006,COMBINED_STRESS,32.18,80.42,7.58,874,0.054,CRITICAL
2026-09-19 08:31:00,M006,COMBINED_STRESS,32.14,80.62,7.37,865,0.048,CRITICAL
2026-09-19 08:32:00,M006,COMBINED_STRESS,31.66,80.29,7.2,894,0.05,CRITICAL
2026-09-19 08:33:00,M006,COMBINED_STRESS,31.6,79.64,7.02,861,0.056,CRITICAL
2026-09-19 08:34:00,M006,COMBINED_STRESS,31.8,78.94,7.1,858,0.053,CRITICAL
2026-09-19 08:35:00,M006,COMBINED_STRESS,31.64,79.12,7.11,845,0.044,CRITICAL
2026-09-19 08:36:00,M006,COMBINED_STRESS,31.67,80.48,6.98,892,0.052,CRITICAL
2026-09-19 08:37:00,M006,COMBINED_STRESS,32.13,81.24,6.79,862,0.036,CRITICAL
2026-09-19 08:38:00,M006,COMBINED_STRESS,31.95,79.41,7.34,879,0.043,CRITICAL
2026-09-19 08:39:00,M006,COMBINED_STRESS,31.79,80.43,6.94,826,0.048,CRITICAL
2026-09-19 08:40:00,M006,COMBINED_STRESS,31.31,79.25,7.19,857,0.051,CRITICAL
2026-09-19 08:41:00,M006,COMBINED_STRESS,31.62,79.57,7.25,831,0.05,CRITICAL
2026-09-19 08:42:00,M006,COMBINED_STRESS,31.19,80.01,6.65,838,0.05,CRITICAL
2026-09-19 08:43:00,M006,COMBINED_STRESS,31.47,78.73,7.2,844,0.046,CRITICAL
2026-09-19 08:44:00,M006,COMBINED_STRESS,31.54,80.01,6.92,848,0.04,CRITICAL
2026-09-19 08:45:00,M006,COMBINED_STRESS,31.56,79.65,7.14,828,0.05,CRITICAL
2026-09-19 08:46:00,M006,COMBINED_STRESS,31.77,79.86,6.96,843,0.038,CRITICAL
2026-09-19 08:47:00,M006,COMBINED_STRESS,31.54,78.75,6.59,820,0.034,CRITICAL
2026-09-19 08:48:00,M006,COMBINED_STRESS,31.67,79.34,7.08,844,0.052,CRITICAL
2026-09-19 08:49:00,M006,COMBINED_STRESS,31.14,79.1,6.85,818,0.043,CRITICAL
2026-09-19 08:50:00,M006,COMBINED_STRESS,31.36,78.7,6.8,846,0.039,CRITICAL
2026-09-19 08:51:00,M006,COMBINED_STRESS,31.16,78.47,7.04,827,0.036,CRITICAL
2026-09-19 08:52:00,M006,COMBINED_STRESS,31.32,79.54,6.86,868,0.044,CRITICAL
2026-09-19 08:53:00,M006,COMBINED_STRESS,30.84,78.77,7.13,864,0.041,CRITICAL
2026-09-19 08:54:00,M006,COMBINED_STRESS,31.44,79.96,6.7,798,0.035,CRITICAL
2026-09-19 08:55:00,M006,COMBINED_STRESS,31.95,78.96,6.66,805,0.044,CRITICAL
2026-09-19 08:56:00,M006,COMBINED_STRESS,32.0,78.67,6.9,816,0.048,CRITICAL
2026-09-19 08:57:00,M006,COMBINED_STRESS,31.15,79.04,7.04,831,0.044,CRITICAL
2026-09-19 08:58:00,M006,COMBINED_STRESS,30.81,78.32,6.64,825,0.042,CRITICAL
2026-09-19 08:59:00,M006,COMBINED_STRESS,31.3,79.57,6.33,781,0.044,CRITICAL
2026-09-19 09:00:00,M006,COMBINED_STRESS,31.33,79.62,6.84,841,0.041,CRITICAL
2026-09-19 09:01:00,M006,COMBINED_STRESS,31.13,77.3,6.58,818,0.039,CRITICAL
2026-09-19 09:02:00,M006,COMBINED_STRESS,31.24,77.98,7.18,826,0.036,CRITICAL
2026-09-19 09:03:00,M006,COMBINED_STRESS,31.09,78.97,6.69,812,0.04,CRITICAL
2026-09-19 09:04:00,M006,COMBINED_STRESS,30.89,78.95,6.77,864,0.04,CRITICAL
2026-09-19 09:05:00,M006,COMBINED_STRESS,31.15,78.27,7.09,820,0.044,CRITICAL
2026-09-19 09:06:00,M006,COMBINED_STRESS,31.62,77.15,6.83,815,0.039,CRITICAL
2026-09-19 09:07:00,M006,COMBINED_STRESS,31.07,77.53,6.83,814,0.034,CRITICAL
2026-09-19 09:08:00,M006,COMBINED_STRESS,31.3,78.18,6.93,794,0.038,CRITICAL
2026-09-19 09:09:00,M006,COMBINED_STRESS,31.37,78.43,6.56,815,0.043,CRITICAL
2026-09-19 09:10:00,M006,COMBINED_STRESS,31.56,79.03,6.66,783,0.039,CRITICAL
2026-09-19 09:11:00,M006,COMBINED_STRESS,31.02,77.77,6.93,823,0.041,CRITICAL
2026-09-19 09:12:00,M006,COMBINED_STRESS,31.49,78.56,7.28,804,0.047,CRITICAL
2026-09-19 09:13:00,M006,COMBINED_STRESS,31.0,80.49,7.14,828,0.045,CRITICAL
2026-09-19 09:14:00,M006,COMBINED_STRESS,30.9,78.01,6.77,806,0.043,CRITICAL
2026-09-19 09:15:00,M006,COMBINED_STRESS,31.47,79.14,7.02,828,0.045,CRITICAL
2026-09-19 09:16:00,M006,COMBINED_STRESS,31.4,79.13,6.83,797,0.04,CRITICAL
2026-09-19 09:17:00,M006,COMBINED_STRESS,30.95,78.63,6.81,829,0.042,CRITICAL
2026-09-19 09:18:00,M006,COMBINED_STRESS,30.79,78.2,7.15,851,0.041,CRITICAL
2026-09-19 09:19:00,M006,COMBINED_STRESS,31.69,77.23,7.09,827,0.039,CRITICAL
2026-09-19 09:20:00,M006,COMBINED_STRESS,31.67,77.8,7.01,781,0.042,CRITICAL
2026-09-19 09:21:00,M006,COMBINED_STRESS,31.58,78.52,6.48,846,0.05,CRITICAL
2026-09-19 09:22:00,M006,COMBINED_STRESS,31.09,77.93,6.96,866,0.045,CRITICAL
2026-09-19 09:23:00,M006,COMBINED_STRESS,31.02,80.17,6.63,838,0.047,CRITICAL
2026-09-19 09:24:00,M006,COMBINED_STRESS,31.61,79.89,6.76,839,0.04,CRITICAL
2026-09-19 09:25:00,M006,COMBINED_STRESS,31.65,79.59,6.99,849,0.056,CRITICAL
2026-09-19 09:26:00,M006,COMBINED_STRESS,31.34,79.63,6.98,862,0.045,CRITICAL
2026-09-19 09:27:00,M006,COMBINED_STRESS,31.45,80.12,7.18,864,0.052,CRITICAL
2026-09-19 09:28:00,M006,COMBINED_STRESS,32.04,79.37,7.46,803,0.054,CRITICAL
2026-09-19 09:29:00,M006,COMBINED_STRESS,31.53,78.68,7.03,874,0.051,CRITICAL
2026-09-19 09:30:00,M006,COMBINED_STRESS,32.04,79.69,7.62,890,0.051,CRITICAL
2026-09-19 09:31:00,M006,COMBINED_STRESS,31.82,79.35,7.23,846,0.046,CRITICAL
2026-09-19 09:32:00,M006,COMBINED_STRESS,31.97,80.42,7.06,850,0.044,CRITICAL
2026-09-19 09:33:00,M006,COMBINED_STRESS,31.65,79.62,7.54,837,0.06,CRITICAL
2026-09-19 09:34:00,M006,COMBINED_STRESS,31.89,81.16,7.23,830,0.043,CRITICAL
2026-09-19 09:35:00,M006,COMBINED_STRESS,31.73,79.64,7.55,863,0.074,CRITICAL
2026-09-19 09:36:00,M006,COMBINED_STRESS,31.56,78.73,6.82,845,0.05,CRITICAL
2026-09-19 09:37:00,M006,COMBINED_STRESS,31.65,81.24,7.38,884,0.047,CRITICAL
2026-09-19 09:38:00,M006,COMBINED_STRESS,31.88,80.9,7.43,859,0.053,CRITICAL
2026-09-19 09:39:00,M006,COMBINED_STRESS,31.61,80.5,7.31,901,0.052,CRITICAL
2026-09-19 09:40:00,M006,COMBINED_STRESS,31.78,81.28,7.08,854,0.051,CRITICAL
2026-09-19 09:41:00,M006,COMBINED_STRESS,31.87,81.75,7.43,850,0.061,CRITICAL
2026-09-19 09:42:00,M006,COMBINED_STRESS,32.35,83.08,7.59,848,0.054,CRITICAL
2026-09-19 09:43:00,M006,COMBINED_STRESS,32.24,80.76,7.83,871,0.054,CRITICAL
2026-09-19 09:44:00,M006,COMBINED_STRESS,32.52,81.98,7.56,868,0.063,CRITICAL
2026-09-19 09:45:00,M006,COMBINED_STRESS,32.26,81.98,7.16,885,0.057,CRITICAL
2026-09-19 09:46:00,M006,COMBINED_STRESS,32.49,81.71,7.46,884,0.053,CRITICAL
2026-09-19 09:47:00,M006,COMBINED_STRESS,32.07,80.77,7.77,891,0.051,CRITICAL
2026-09-19 09:48:00,M006,COMBINED_STRESS,32.57,81.65,8.03,899,0.062,CRITICAL
2026-09-19 09:49:00,M006,COMBINED_STRESS,32.1,80.68,7.42,877,0.061,CRITICAL
2026-09-19 09:50:00,M006,COMBINED_STRESS,32.49,82.5,7.59,875,0.061,CRITICAL
2026-09-19 09:51:00,M006,COMBINED_STRESS,32.26,83.3,7.29,909,0.067,CRITICAL
2026-09-19 09:52:00,M006,COMBINED_STRESS,32.86,82.68,7.63,943,0.065,CRITICAL
2026-09-19 09:53:00,M006,COMBINED_STRESS,32.44,81.87,7.86,880,0.069,CRITICAL
2026-09-19 09:54:00,M006,COMBINED_STRESS,32.98,83.17,7.87,916,0.069,CRITICAL
2026-09-19 09:55:00,M006,COMBINED_STRESS,32.76,82.2,7.87,935,0.059,CRITICAL
2026-09-19 09:56:00,M006,COMBINED_STRESS,32.89,83.54,7.97,923,0.072,CRITICAL
2026-09-19 09:57:00,M006,COMBINED_STRESS,33.46,81.43,8.36,919,0.071,CRITICAL
2026-09-19 09:58:00,M006,COMBINED_STRESS,33.05,82.7,8.12,915,0.074,CRITICAL
2026-09-19 09:59:00,M006,COMBINED_STRESS,33.45,83.87,7.93,969,0.07,CRITICAL
2026-09-19 10:00:00,M006,COMBINED_STRESS,33.07,81.01,7.61,935,0.07,CRITICAL
2026-09-19 10:01:00,M006,COMBINED_STRESS,33.47,83.64,7.88,951,0.074,CRITICAL
2026-09-19 10:02:00,M006,COMBINED_STRESS,33.2,84.15,7.69,940,0.07,CRITICAL
2026-09-19 10:03:00,M006,COMBINED_STRESS,33.26,83.87,7.96,937,0.066,CRITICAL
2026-09-19 10:04:00,M006,COMBINED_STRESS,33.31,84.11,8.29,900,0.077,CRITICAL
2026-09-19 10:05:00,M006,COMBINED_STRESS,33.11,84.9,8.07,954,0.073,CRITICAL
2026-09-19 10:06:00,M006,COMBINED_STRESS,33.15,84.44,8.34,943,0.071,CRITICAL
2026-09-19 10:07:00,M006,COMBINED_STRESS,33.33,83.61,8.49,949,0.073,CRITICAL
2026-09-19 10:08:00,M006,COMBINED_STRESS,33.69,85.63,8.39,938,0.076,CRITICAL
2026-09-19 10:09:00,M006,COMBINED_STRESS,33.34,84.85,8.15,990,0.08,CRITICAL
2026-09-19 10:10:00,M006,COMBINED_STRESS,33.43,83.74,8.31,923,0.085,CRITICAL
2026-09-19 10:11:00,M006,COMBINED_STRESS,33.67,84.8,8.32,971,0.091,CRITICAL
2026-09-19 10:12:00,M006,COMBINED_STRESS,34.01,85.5,8.57,962,0.081,CRITICAL
2026-09-19 10:13:00,M006,COMBINED_STRESS,34.07,85.0,8.14,927,0.079,CRITICAL
2026-09-19 10:14:00,M006,COMBINED_STRESS,33.77,86.07,8.15,988,0.086,CRITICAL
2026-09-19 10:15:00,M006,COMBINED_STRESS,33.88,84.81,8.53,984,0.081,CRITICAL
2026-09-19 10:16:00,M006,COMBINED_STRESS,33.83,86.11,8.17,967,0.078,CRITICAL
2026-09-19 10:17:00,M006,COMBINED_STRESS,33.57,85.8,8.46,1001,0.082,CRITICAL
2026-09-19 10:18:00,M006,COMBINED_STRESS,33.87,86.14,8.93,973,0.082,CRITICAL
2026-09-19 10:19:00,M006,COMBINED_STRESS,34.39,85.82,8.79,986,0.083,CRITICAL
2026-09-19 10:20:00,M006,COMBINED_STRESS,33.75,87.05,8.49,979,0.084,CRITICAL
2026-09-19 10:21:00,M006,COMBINED_STRESS,33.93,86.28,8.89,978,0.08,CRITICAL
2026-09-19 10:22:00,M006,COMBINED_STRESS,33.74,86.84,9.04,986,0.083,CRITICAL
2026-09-19 10:23:00,M006,COMBINED_STRESS,34.08,86.97,9.11,1034,0.1,CRITICAL
2026-09-19 10:24:00,M006,COMBINED_STRESS,34.25,87.96,9.09,999,0.084,CRITICAL
2026-09-19 10:25:00,M006,COMBINED_STRESS,33.98,87.76,8.61,980,0.089,CRITICAL
2026-09-19 10:26:00,M006,COMBINED_STRESS,34.32,88.0,8.96,999,0.086,CRITICAL
2026-09-19 10:27:00,M006,COMBINED_STRESS,34.14,86.21,8.67,1036,0.089,CRITICAL
2026-09-19 10:28:00,M006,COMBINED_STRESS,34.37,86.18,8.85,990,0.097,CRITICAL
2026-09-19 10:29:00,M006,COMBINED_STRESS,34.36,88.09,8.62,974,0.091,CRITICAL
2026-09-19 10:30:00,M006,COMBINED_STRESS,34.4,86.7,8.21,1022,0.087,CRITICAL
2026-09-19 10:31:00,M006,COMBINED_STRESS,34.42,88.36,8.61,984,0.091,CRITICAL
2026-09-19 10:32:00,M006,COMBINED_STRESS,34.44,88.44,8.75,1031,0.094,CRITICAL
2026-09-19 10:33:00,M006,COMBINED_STRESS,34.46,87.23,8.95,1025,0.099,CRITICAL
2026-09-19 10:34:00,M006,COMBINED_STRESS,34.55,88.02,8.75,1041,0.095,CRITICAL
2026-09-19 10:35:00,M006,COMBINED_STRESS,34.88,87.57,9.32,1029,0.095,CRITICAL
2026-09-19 10:36:00,M006,COMBINED_STRESS,34.29,87.32,9.21,1007,0.098,CRITICAL
2026-09-19 10:37:00,M006,COMBINED_STRESS,34.87,87.49,9.41,998,0.099,CRITICAL
2026-09-19 10:38:00,M006,COMBINED_STRESS,34.48,87.48,9.14,1022,0.095,CRITICAL
2026-09-19 10:39:00,M006,COMBINED_STRESS,34.63,88.88,9.46,1031,0.097,CRITICAL
2026-09-19 10:40:00,M006,COMBINED_STRESS,34.74,87.45,9.2,1051,0.099,CRITICAL
2026-09-19 10:41:00,M006,COMBINED_STRESS,35.05,88.77,9.45,1009,0.093,CRITICAL
2026-09-19 10:42:00,M006,COMBINED_STRESS,34.6,87.02,9.31,1053,0.097,CRITICAL
2026-09-19 10:43:00,M006,COMBINED_STRESS,34.98,88.27,9.3,1046,0.098,CRITICAL
2026-09-19 10:44:00,M006,COMBINED_STRESS,34.39,89.13,9.09,1023,0.105,CRITICAL
2026-09-19 10:45:00,M006,COMBINED_STRESS,34.75,87.42,9.32,1021,0.091,CRITICAL
2026-09-19 10:46:00,M006,COMBINED_STRESS,34.87,89.74,9.28,1042,0.104,CRITICAL
2026-09-19 10:47:00,M006,COMBINED_STRESS,34.64,88.65,8.67,1018,0.097,CRITICAL
2026-09-19 10:48:00,M006,COMBINED_STRESS,34.55,88.63,8.81,1066,0.112,CRITICAL
2026-09-19 10:49:00,M006,COMBINED_STRESS,35.18,88.87,8.78,1025,0.099,CRITICAL
2026-09-19 10:50:00,M006,COMBINED_STRESS,34.82,88.85,8.73,1053,0.101,CRITICAL
2026-09-19 10:51:00,M006,COMBINED_STRESS,34.44,87.47,9.63,1043,0.102,CRITICAL
2026-09-19 10:52:00,M006,COMBINED_STRESS,34.8,87.34,9.14,1008,0.109,CRITICAL
2026-09-19 10:53:00,M006,COMBINED_STRESS,34.69,88.57,9.48,1042,0.112,CRITICAL
2026-09-19 10:54:00,M006,COMBINED_STRESS,34.83,89.33,9.12,1028,0.101,CRITICAL
2026-09-19 10:55:00,M006,COMBINED_STRESS,34.3,88.51,9.08,1035,0.1,CRITICAL
2026-09-19 10:56:00,M006,COMBINED_STRESS,34.67,89.23,9.29,1026,0.102,CRITICAL
2026-09-19 10:57:00,M006,COMBINED_STRESS,35.08,89.47,8.95,1003,0.102,CRITICAL
2026-09-19 10:58:00,M006,COMBINED_STRESS,35.06,88.18,9.22,1052,0.1,CRITICAL
2026-09-19 10:59:00,M006,COMBINED_STRESS,34.97,89.77,9.31,1000,0.099,CRITICAL
2026-09-19 11:00:00,M006,COMBINED_STRESS,34.54,88.53,9.18,1022,0.1,CRITICAL
2026-09-19 11:01:00,M006,COMBINED_STRESS,35.06,87.69,9.04,1020,0.096,CRITICAL
2026-09-19 11:02:00,M006,COMBINED_STRESS,34.95,86.9,9.45,1069,0.096,CRITICAL
2026-09-19 11:03:00,M006,COMBINED_STRESS,35.22,87.93,9.39,1016,0.097,CRITICAL
2026-09-19 11:04:00,M006,COMBINED_STRESS,35.07,89.23,9.06,1007,0.102,CRITICAL
2026-09-19 11:05:00,M006,COMBINED_STRESS,34.47,89.14,9.26,1043,0.1,CRITICAL
2026-09-19 11:06:00,M006,COMBINED_STRESS,34.58,89.21,9.13,1025,0.096,CRITICAL
2026-09-19 11:07:00,M006,COMBINED_STRESS,35.1,88.45,9.36,1002,0.1,CRITICAL
2026-09-19 11:08:00,M006,COMBINED_STRESS,34.64,87.34,8.84,986,0.095,CRITICAL
2026-09-19 11:09:00,M006,COMBINED_STRESS,34.72,88.64,9.25,1037,0.097,CRITICAL
2026-09-19 11:10:00,M006,COMBINED_STRESS,34.31,87.65,8.87,965,0.092,CRITICAL
2026-09-19 11:11:00,M006,COMBINED_STRESS,34.53,86.5,9.06,1043,0.1,CRITICAL
2026-09-19 11:12:00,M006,COMBINED_STRESS,34.54,87.83,9.11,1008,0.093,CRITICAL
2026-09-19 11:13:00,M006,COMBINED_STRESS,34.54,87.99,9.16,984,0.094,CRITICAL
2026-09-19 11:14:00,M006,COMBINED_STRESS,34.52,87.81,9.14,991,0.095,CRITICAL
2026-09-19 11:15:00,M006,COMBINED_STRESS,34.51,88.03,8.89,991,0.103,CRITICAL
2026-09-19 11:16:00,M006,COMBINED_STRESS,34.58,88.45,9.37,1038,0.098,CRITICAL
2026-09-19 11:17:00,M006,COMBINED_STRESS,34.47,87.42,9.18,957,0.097,CRITICAL
2026-09-19 11:18:00,M006,COMBINED_STRESS,34.61,87.87,9.32,1019,0.092,CRITICAL
2026-09-19 11:19:00,M006,COMBINED_STRESS,34.29,87.17,9.22,994,0.091,CRITICAL
2026-09-19 11:20:00,M006,COMBINED_STRESS,34.01,88.01,8.55,1034,0.089,CRITICAL
2026-09-19 11:21:00,M006,COMBINED_STRESS,34.58,86.69,8.53,968,0.087,CRITICAL
2026-09-19 11:22:00,M006,COMBINED_STRESS,34.01,86.73,9.07,1010,0.09,CRITICAL
2026-09-19 11:23:00,M006,COMBINED_STRESS,34.16,87.12,8.83,978,0.102,CRITICAL
2026-09-19 11:24:00,M006,COMBINED_STRESS,34.07,86.64,9.04,1029,0.096,CRITICAL
2026-09-19 11:25:00,M006,COMBINED_STRESS,34.08,86.54,8.37,1011,0.088,CRITICAL
2026-09-19 11:26:00,M006,COMBINED_STRESS,33.6,86.77,8.95,1004,0.093,CRITICAL
2026-09-19 11:27:00,M006,COMBINED_STRESS,34.35,86.67,8.85,990,0.084,CRITICAL
2026-09-19 11:28:00,M006,COMBINED_STRESS,33.67,87.84,9.16,997,0.093,CRITICAL
2026-09-19 11:29:00,M006,COMBINED_STRESS,33.66,86.55,8.69,998,0.086,CRITICAL
2026-09-19 11:30:00,M006,COMBINED_STRESS,34.02,86.02,8.89,970,0.081,CRITICAL
2026-09-19 11:31:00,M006,COMBINED_STRESS,33.88,86.5,8.82,958,0.084,CRITICAL
2026-09-19 11:32:00,M006,COMBINED_STRESS,34.16,86.6,9.12,940,0.092,CRITICAL
2026-09-19 11:33:00,M006,COMBINED_STRESS,33.58,85.77,8.17,945,0.075,CRITICAL
2026-09-19 11:34:00,M006,COMBINED_STRESS,34.1,85.67,8.79,926,0.078,CRITICAL
2026-09-19 11:35:00,M006,COMBINED_STRESS,33.85,85.84,8.55,961,0.082,CRITICAL
2026-09-19 11:36:00,M006,COMBINED_STRESS,33.5,84.77,8.74,946,0.086,CRITICAL
2026-09-19 11:37:00,M006,COMBINED_STRESS,33.9,85.0,8.29,945,0.072,CRITICAL
2026-09-19 11:38:00,M006,COMBINED_STRESS,33.73,84.96,8.48,977,0.084,CRITICAL
2026-09-19 11:39:00,M006,COMBINED_STRESS,33.33,83.94,8.37,971,0.083,CRITICAL
2026-09-19 11:40:00,M006,COMBINED_STRESS,33.56,85.15,8.25,984,0.073,CRITICAL
2026-09-19 11:41:00,M006,COMBINED_STRESS,33.26,84.34,7.95,989,0.077,CRITICAL
2026-09-19 11:42:00,M006,COMBINED_STRESS,33.67,83.44,8.16,919,0.072,CRITICAL
2026-09-19 11:43:00,M006,COMBINED_STRESS,33.23,82.76,8.04,932,0.079,CRITICAL
2026-09-19 11:44:00,M006,COMBINED_STRESS,33.4,84.51,8.35,946,0.069,CRITICAL
2026-09-19 11:45:00,M006,COMBINED_STRESS,33.37,83.72,8.27,964,0.079,CRITICAL
2026-09-19 11:46:00,M006,COMBINED_STRESS,33.15,83.98,8.11,973,0.072,CRITICAL
2026-09-19 11:47:00,M006,COMBINED_STRESS,33.17,83.62,8.06,898,0.065,CRITICAL
2026-09-19 11:48:00,M006,COMBINED_STRESS,33.06,84.96,7.89,925,0.067,CRITICAL
2026-09-19 11:49:00,M006,COMBINED_STRESS,33.13,83.32,8.5,948,0.071,CRITICAL
2026-09-19 11:50:00,M006,COMBINED_STRESS,32.61,82.77,7.96,884,0.071,CRITICAL
2026-09-19 11:51:00,M006,COMBINED_STRESS,32.89,83.79,7.63,902,0.07,CRITICAL
2026-09-19 11:52:00,M006,COMBINED_STRESS,32.6,83.51,7.78,890,0.072,CRITICAL
2026-09-19 11:53:00,M006,COMBINED_STRESS,32.71,82.56,7.66,952,0.078,CRITICAL
2026-09-19 11:54:00,M006,COMBINED_STRESS,32.89,83.04,7.82,909,0.062,CRITICAL
2026-09-19 11:55:00,M006,COMBINED_STRESS,32.54,83.34,7.55,920,0.064,CRITICAL
2026-09-19 11:56:00,M006,COMBINED_STRESS,32.88,81.74,7.64,894,0.06,CRITICAL
2026-09-19 11:57:00,M006,COMBINED_STRESS,32.76,83.22,7.91,899,0.065,CRITICAL
2026-09-19 11:58:00,M006,COMBINED_STRESS,32.21,83.14,7.69,911,0.068,CRITICAL
2026-09-19 11:59:00,M006,COMBINED_STRESS,32.49,81.59,7.72,887,0.052,CRITICAL
